worker_id,platform,city_tier,avg_monthly_income,income_stability,income_velocity,working_hours,order_completion,platform_rating,fuel_ratio,expense_ratio,savings_ratio,gig_tenure_months,failed_autopays,credit_score,recommended_loan,risk_category,default_probability
GIG-10001,Swiggy,Tier 1,31973.71,0.879,8.19,60,0.784,4.94,0.37,0.385,0.177,50,0,725,85000,Moderate Risk,0.0843
GIG-10002,Urban Company,Tier 1,11000.0,0.707,8.14,37,0.945,3.8,0.274,0.537,0.134,17,0,583,24000,High Risk,0.1841
GIG-10003,Uber,Tier 3,23194.89,0.499,3.38,53,0.845,4.27,0.284,0.374,0.195,9,1,561,48000,High Risk,0.3379
GIG-10004,Swiggy,Tier 3,29749.11,0.554,1.99,52,0.855,3.92,0.283,0.356,0.231,30,0,635,69000,High Risk,0.3474
GIG-10005,Zomato,Tier 1,22584.62,0.409,13.88,36,0.961,4.42,0.219,0.325,0.375,8,0,650,54000,Moderate Risk,0.1184
GIG-10006,Ola,Tier 1,34678.36,0.71,-1.45,59,0.884,4.27,0.248,0.31,0.381,35,0,704,90000,Moderate Risk,0.1109
GIG-10007,Zomato,Tier 3,28734.09,0.544,2.88,40,0.814,4.88,0.362,0.553,0.02,15,1,606,64000,High Risk,0.3292
GIG-10008,Zepto,Tier 1,29404.43,0.297,7.96,47,0.781,4.26,0.245,0.389,0.304,31,0,631,68000,High Risk,0.2538
GIG-10009,Urban Company,Tier 1,31232.41,0.409,4.81,28,0.843,3.92,0.131,0.544,0.225,51,0,645,74000,Moderate Risk,0.0792
GIG-10010,Uber,Tier 3,25927.77,0.579,16.43,52,0.83,4.58,0.23,0.553,0.104,30,0,645,61000,Moderate Risk,0.0633
GIG-10011,Blinkit,Tier 2,23469.62,0.533,11.49,32,0.817,4.52,0.236,0.675,0.025,12,0,624,54000,High Risk,0.282
GIG-10012,Ola,Tier 2,32448.97,0.565,7.6,52,0.851,4.02,0.338,0.659,0.02,9,1,579,69000,High Risk,0.1823
GIG-10013,Swiggy,Tier 2,29858.03,0.315,6.75,32,0.925,4.46,0.187,0.585,0.154,9,0,635,70000,High Risk,0.3198
GIG-10014,Blinkit,Tier 2,38147.12,0.548,-3.9,36,0.984,4.08,0.388,0.552,0.02,41,0,623,87000,High Risk,0.189
GIG-10015,Urban Company,Tier 1,49761.35,0.468,3.76,52,0.983,4.93,0.376,0.418,0.117,49,1,625,114000,High Risk,0.2614
GIG-10016,Porter,Tier 3,23896.28,0.362,5.58,33,0.964,4.6,0.329,0.581,0.02,10,0,602,53000,High Risk,0.3234
GIG-10017,Zepto,Tier 1,32110.29,0.606,18.31,54,0.947,4.82,0.221,0.45,0.27,38,0,706,83000,Moderate Risk,0.1034
GIG-10018,Urban Company,Tier 3,23722.7,0.772,0.28,55,0.807,4.27,0.351,0.386,0.151,42,0,652,57000,Moderate Risk,0.1033
GIG-10019,Blinkit,Tier 3,22787.2,0.491,15.48,38,0.837,4.15,0.144,0.31,0.4,15,1,613,51000,High Risk,0.1847
GIG-10020,Swiggy,Tier 1,41290.41,0.795,-7.61,54,0.981,4.59,0.286,0.545,0.077,45,0,704,107000,Moderate Risk,0.0612
GIG-10021,Ola,Tier 2,22338.64,0.164,-7.95,43,0.871,4.09,0.305,0.554,0.086,8,0,542,44000,Very High Risk,0.6512
GIG-10022,Ola,Tier 1,46783.98,0.55,5.7,41,0.977,4.35,0.236,0.557,0.111,27,0,684,117000,Moderate Risk,0.1369
GIG-10023,Urban Company,Tier 2,32706.54,0.655,-1.22,41,0.926,4.43,0.383,0.594,0.02,43,0,648,78000,Moderate Risk,0.1245
GIG-10024,Blinkit,Tier 1,22318.98,0.364,10.47,42,0.96,4.13,0.345,0.602,0.02,26,2,517,42000,Very High Risk,0.4688
GIG-10025,Blinkit,Tier 1,28168.03,0.242,2.29,38,0.98,4.91,0.292,0.553,0.06,45,0,613,63000,High Risk,0.3005
GIG-10026,Urban Company,Tier 3,18426.72,0.405,5.76,38,0.873,4.81,0.225,0.347,0.364,46,1,580,39000,High Risk,0.1668
GIG-10027,Swiggy,Tier 3,29949.5,0.279,16.54,40,0.979,4.96,0.346,0.451,0.145,43,1,559,61000,High Risk,0.3313
GIG-10028,Uber,Tier 3,40560.26,0.872,8.23,36,0.937,4.36,0.409,0.45,0.062,49,1,664,99000,Moderate Risk,0.0659
GIG-10029,Ola,Tier 1,28100.74,0.461,0.68,63,0.912,4.36,0.39,0.318,0.214,32,2,534,55000,Very High Risk,0.5708
GIG-10030,Zepto,Tier 2,35810.47,0.754,-2.59,46,0.985,4.96,0.329,0.514,0.076,43,1,621,82000,High Risk,0.3322
GIG-10031,Ola,Tier 3,31935.35,0.595,4.26,42,0.95,4.96,0.165,0.538,0.209,23,3,551,65000,High Risk,0.2437
GIG-10032,Zomato,Tier 1,30229.78,0.665,5.05,45,0.941,4.9,0.375,0.399,0.131,55,0,670,74000,Moderate Risk,0.0783
GIG-10033,Zomato,Tier 2,32115.51,0.618,7.42,65,0.942,4.27,0.376,0.521,0.02,28,1,583,69000,High Risk,0.1558
GIG-10034,Urban Company,Tier 1,25847.24,0.322,15.58,27,0.862,4.15,0.391,0.439,0.069,16,1,581,55000,High Risk,0.3225
GIG-10035,Blinkit,Tier 1,16959.19,0.282,4.94,49,0.849,4.44,0.192,0.33,0.415,44,0,600,37000,High Risk,0.2191
GIG-10036,Porter,Tier 2,31901.39,0.584,-0.3,37,0.817,3.63,0.156,0.484,0.289,59,0,686,80000,Moderate Risk,0.0631
GIG-10037,Porter,Tier 1,28282.11,0.32,13.51,38,0.937,3.77,0.183,0.448,0.271,19,0,622,65000,High Risk,0.2995
GIG-10038,Uber,Tier 1,11000.0,0.441,3.72,35,0.892,3.86,0.201,0.451,0.296,50,0,586,24000,High Risk,0.174
GIG-10039,Urban Company,Tier 3,19347.62,0.306,-3.74,44,0.893,4.37,0.344,0.473,0.12,40,0,589,42000,High Risk,0.2642
GIG-10040,Zepto,Tier 3,17522.81,0.105,-1.51,40,0.819,3.92,0.172,0.659,0.111,28,0,541,35000,Very High Risk,0.3981
GIG-10041,Blinkit,Tier 1,27598.1,0.468,-2.24,39,0.92,4.88,0.287,0.529,0.106,11,1,570,58000,High Risk,0.2351
GIG-10042,Porter,Tier 1,19983.63,0.106,11.39,28,0.812,4.21,0.28,0.321,0.315,51,0,602,44000,High Risk,0.2009
GIG-10043,Zomato,Tier 1,23384.87,0.461,-12.7,34,0.975,4.73,0.41,0.35,0.117,12,2,507,43000,Very High Risk,0.6462
GIG-10044,Uber,Tier 3,40641.07,0.82,8.94,40,0.92,4.27,0.228,0.651,0.032,30,1,628,94000,High Risk,0.2425
GIG-10045,Swiggy,Tier 2,19935.31,0.694,2.61,53,0.894,4.84,0.307,0.347,0.202,27,0,641,47000,Moderate Risk,0.1235
GIG-10046,Porter,Tier 3,24797.02,0.239,0.41,36,0.832,4.6,0.13,0.528,0.216,19,1,575,52000,High Risk,0.1721
GIG-10047,Zomato,Tier 3,23919.87,0.663,14.64,54,0.915,4.53,0.283,0.401,0.231,49,0,678,59000,Moderate Risk,0.0921
GIG-10048,Swiggy,Tier 3,34684.52,0.796,29.46,46,0.784,4.79,0.4,0.526,0.02,59,2,615,78000,High Risk,0.2653
GIG-10049,Urban Company,Tier 3,31771.75,0.298,4.1,52,0.804,4.96,0.372,0.35,0.136,24,1,614,72000,High Risk,0.2298
GIG-10050,Swiggy,Tier 2,32191.62,0.787,-5.12,28,0.893,4.86,0.224,0.439,0.213,30,0,687,81000,Moderate Risk,0.0713
GIG-10051,Uber,Tier 2,15974.86,0.614,15.8,26,0.913,3.52,0.319,0.371,0.164,3,0,610,36000,High Risk,0.3494
GIG-10052,Urban Company,Tier 3,26683.71,0.735,6.98,43,0.823,3.78,0.131,0.489,0.274,51,0,675,66000,Moderate Risk,0.102
GIG-10053,Uber,Tier 3,40031.94,0.737,7.9,42,0.979,4.05,0.201,0.558,0.15,9,0,707,104000,Moderate Risk,0.1127
GIG-10054,Urban Company,Tier 3,21818.66,0.696,-0.25,49,0.917,3.85,0.15,0.397,0.331,35,1,608,49000,High Risk,0.2836
GIG-10055,Ola,Tier 1,37274.64,0.823,-11.7,62,0.967,4.71,0.223,0.404,0.285,26,0,715,98000,Moderate Risk,0.0928
GIG-10056,Uber,Tier 3,16695.81,0.025,-0.45,48,0.962,4.22,0.388,0.62,0.02,52,0,514,31000,Very High Risk,0.5754
GIG-10057,Zomato,Tier 3,14318.65,0.326,-7.88,46,0.837,3.53,0.394,0.347,0.151,23,0,567,30000,High Risk,0.3159
GIG-10058,Porter,Tier 1,33740.73,0.615,-13.41,32,0.889,3.57,0.17,0.595,0.177,10,0,621,77000,High Risk,0.2077
GIG-10059,Blinkit,Tier 2,16746.71,0.735,25.81,41,0.977,4.58,0.184,0.312,0.428,18,0,715,44000,Moderate Risk,0.1077
GIG-10060,Zomato,Tier 1,22729.85,0.684,4.65,62,0.925,4.14,0.194,0.628,0.048,59,0,645,54000,Moderate Risk,0.0889
GIG-10061,Swiggy,Tier 1,15438.2,0.171,13.17,51,0.918,4.52,0.375,0.4,0.126,49,0,579,33000,High Risk,0.1568
GIG-10062,Porter,Tier 1,29070.78,0.115,4.6,51,0.961,4.75,0.216,0.632,0.098,51,0,582,62000,High Risk,0.1654
GIG-10063,Uber,Tier 1,25526.62,0.109,9.13,25,0.946,3.97,0.308,0.654,0.02,45,0,567,53000,High Risk,0.3098
GIG-10064,Porter,Tier 3,28376.14,0.16,0.54,59,0.868,4.59,0.192,0.344,0.379,13,0,603,63000,High Risk,0.1584
GIG-10065,Urban Company,Tier 3,21857.62,0.155,3.34,36,0.965,4.9,0.26,0.545,0.128,58,4,417,33000,Very High Risk,0.5343
GIG-10066,Zepto,Tier 1,40968.87,0.762,-1.37,56,0.792,4.93,0.385,0.671,0.02,37,0,706,106000,Moderate Risk,0.1157
GIG-10067,Ola,Tier 3,23434.03,0.506,28.57,54,0.902,3.64,0.383,0.406,0.148,22,1,604,52000,High Risk,0.2602
GIG-10068,Zepto,Tier 3,36668.88,0.837,4.67,62,0.797,3.83,0.325,0.33,0.21,44,0,735,99000,Moderate Risk,0.126
GIG-10069,Blinkit,Tier 2,23753.05,0.769,7.4,48,0.918,4.76,0.38,0.583,0.02,60,0,669,58000,Moderate Risk,0.1202
GIG-10070,Porter,Tier 1,40253.51,0.698,8.69,41,0.955,4.25,0.122,0.415,0.351,18,3,572,84000,High Risk,0.2768
GIG-10071,Ola,Tier 1,33970.03,0.816,10.38,45,0.852,4.44,0.4,0.341,0.115,24,0,691,86000,Moderate Risk,0.1167
GIG-10072,Zomato,Tier 3,24762.67,0.523,-0.59,48,0.939,3.54,0.127,0.429,0.345,38,1,584,53000,High Risk,0.2047
GIG-10073,Ola,Tier 3,43049.26,0.632,16.22,58,0.837,4.91,0.165,0.473,0.218,17,0,713,113000,Moderate Risk,0.0819
GIG-10074,Zomato,Tier 1,41281.1,0.695,-7.52,59,0.962,4.2,0.41,0.374,0.079,48,1,621,94000,High Risk,0.3022
GIG-10075,Zomato,Tier 1,31581.67,0.579,17.49,49,0.881,3.67,0.158,0.574,0.175,7,0,658,76000,Moderate Risk,0.1066
GIG-10076,Zomato,Tier 2,27885.69,0.634,0.48,20,0.906,3.93,0.328,0.644,0.02,7,0,606,62000,High Risk,0.1984
GIG-10077,Ola,Tier 2,27618.31,0.729,-3.76,45,0.854,3.55,0.144,0.459,0.334,45,0,681,69000,Moderate Risk,0.076
GIG-10078,Porter,Tier 1,32986.48,0.726,5.6,38,0.929,4.79,0.334,0.621,0.02,37,1,645,78000,Moderate Risk,0.0962
GIG-10079,Uber,Tier 3,29580.8,0.218,-5.32,39,0.946,4.47,0.269,0.522,0.087,59,0,563,61000,High Risk,0.286
GIG-10080,Porter,Tier 1,32514.22,0.931,0.17,60,0.853,4.05,0.416,0.316,0.131,53,0,709,85000,Moderate Risk,0.0989
GIG-10081,Porter,Tier 2,24328.93,0.149,10.33,32,0.913,4.59,0.159,0.586,0.114,15,0,597,53000,High Risk,0.2485
GIG-10082,Swiggy,Tier 1,25668.08,0.54,16.49,27,0.814,4.08,0.411,0.403,0.07,45,0,624,59000,High Risk,0.344
GIG-10083,Zepto,Tier 2,30772.03,0.605,-15.95,47,0.954,4.14,0.195,0.547,0.137,30,0,636,72000,High Risk,0.2449
GIG-10084,Zepto,Tier 2,37780.01,0.708,2.41,43,0.837,3.58,0.279,0.675,0.02,58,0,664,92000,Moderate Risk,0.0853
GIG-10085,Zomato,Tier 3,27354.27,0.275,6.39,49,0.962,4.17,0.275,0.496,0.112,44,0,582,58000,High Risk,0.2847
GIG-10086,Swiggy,Tier 1,33154.15,0.383,13.7,49,0.978,4.51,0.269,0.547,0.047,28,0,652,79000,Moderate Risk,0.0773
GIG-10087,Blinkit,Tier 1,37496.24,0.36,15.05,42,0.944,4.34,0.342,0.651,0.02,18,0,650,89000,Moderate Risk,0.121
GIG-10088,Ola,Tier 1,32559.6,0.494,3.27,45,0.848,4.04,0.239,0.578,0.094,37,0,622,74000,High Risk,0.1955
GIG-10089,Porter,Tier 1,17415.28,0.53,-17.49,38,0.961,4.27,0.264,0.31,0.342,30,0,624,40000,High Risk,0.2567
GIG-10090,Uber,Tier 2,13407.44,0.53,12.59,47,0.831,4.87,0.138,0.674,0.103,32,0,602,30000,High Risk,0.207
GIG-10091,Ola,Tier 1,27213.28,0.647,20.15,52,0.837,4.11,0.157,0.372,0.353,31,0,730,73000,Moderate Risk,0.0686
GIG-10092,Swiggy,Tier 1,29778.26,0.43,18.64,49,0.906,4.71,0.385,0.391,0.153,44,0,655,72000,Moderate Risk,0.0929
GIG-10093,Zomato,Tier 1,18049.09,0.18,-0.6,38,0.911,4.17,0.296,0.367,0.213,51,1,520,34000,Very High Risk,0.4337
GIG-10094,Ola,Tier 1,37796.68,0.897,-8.7,48,0.809,4.53,0.241,0.471,0.166,29,0,701,97000,Moderate Risk,0.1393
GIG-10095,Porter,Tier 2,32551.86,0.937,-2.11,45,0.794,4.68,0.19,0.516,0.156,16,0,697,83000,Moderate Risk,0.1026
GIG-10096,Zepto,Tier 1,18619.17,0.076,9.19,45,0.981,3.76,0.327,0.38,0.189,13,0,540,37000,Very High Risk,0.5131
GIG-10097,Zepto,Tier 1,22115.76,0.67,-9.07,57,0.889,4.42,0.147,0.602,0.188,27,1,594,48000,High Risk,0.3064
GIG-10098,Urban Company,Tier 2,19435.25,0.539,10.08,66,0.888,4.86,0.269,0.697,0.02,21,0,606,43000,High Risk,0.3361
GIG-10099,Zepto,Tier 3,28654.63,0.294,11.0,43,0.816,4.53,0.224,0.69,0.02,49,1,551,58000,High Risk,0.1765
GIG-10100,Porter,Tier 1,47719.02,0.707,-8.12,41,0.794,3.54,0.161,0.685,0.049,15,3,520,91000,Very High Risk,0.507
GIG-10101,Urban Company,Tier 1,28515.8,0.058,-2.93,60,0.812,3.59,0.354,0.484,0.106,6,4,377,39000,Very High Risk,0.3796
GIG-10102,Zomato,Tier 3,23490.81,0.4,1.98,45,0.989,4.7,0.305,0.423,0.16,23,0,602,52000,High Risk,0.2352
GIG-10103,Zomato,Tier 1,17064.97,0.212,1.83,39,0.784,3.88,0.348,0.355,0.193,40,0,517,32000,Very High Risk,0.3641
GIG-10104,Porter,Tier 3,20047.15,0.241,3.41,33,0.848,4.59,0.263,0.45,0.198,57,0,588,43000,High Risk,0.307
GIG-10105,Uber,Tier 1,22647.42,0.807,0.93,66,0.918,4.82,0.311,0.546,0.086,35,0,650,54000,Moderate Risk,0.072
GIG-10106,Swiggy,Tier 1,28709.17,0.704,6.85,36,0.842,4.02,0.352,0.565,0.02,7,0,662,70000,Moderate Risk,0.0679
GIG-10107,Swiggy,Tier 3,37485.63,0.713,18.11,41,0.909,4.65,0.313,0.512,0.121,58,3,570,78000,High Risk,0.3097
GIG-10108,Ola,Tier 2,39644.95,0.798,15.73,50,0.827,4.05,0.25,0.476,0.163,10,2,625,91000,High Risk,0.1981
GIG-10109,Ola,Tier 3,26229.97,0.566,14.13,43,0.939,4.18,0.373,0.591,0.02,41,0,634,61000,High Risk,0.1855
GIG-10110,Zomato,Tier 3,30610.2,0.679,-1.51,45,0.957,4.58,0.283,0.536,0.08,8,0,630,71000,High Risk,0.263
GIG-10111,Zepto,Tier 3,34026.73,0.849,9.78,42,0.948,3.8,0.287,0.593,0.02,40,0,666,83000,Moderate Risk,0.0884
GIG-10112,Blinkit,Tier 2,30223.86,0.91,11.48,30,0.811,3.95,0.383,0.699,0.02,16,0,662,73000,Moderate Risk,0.1178
GIG-10113,Blinkit,Tier 1,29797.48,0.33,-2.51,29,0.947,3.64,0.296,0.492,0.098,19,0,602,66000,High Risk,0.266
GIG-10114,Zepto,Tier 1,42890.52,0.749,10.93,44,0.796,3.59,0.22,0.614,0.045,45,1,665,105000,Moderate Risk,0.1014
GIG-10115,Urban Company,Tier 2,18866.49,0.486,3.65,60,0.99,4.88,0.313,0.468,0.105,23,1,577,40000,High Risk,0.1737
GIG-10116,Swiggy,Tier 1,37179.27,0.425,20.43,30,0.786,3.54,0.37,0.409,0.119,32,0,628,86000,High Risk,0.3381
GIG-10117,Swiggy,Tier 1,24271.71,0.139,9.02,33,0.808,3.62,0.338,0.499,0.069,37,0,511,45000,Very High Risk,0.6203
GIG-10118,Ola,Tier 3,30838.23,0.483,17.27,35,0.832,4.84,0.195,0.409,0.27,19,0,673,76000,Moderate Risk,0.1221
GIG-10119,Uber,Tier 2,27829.06,0.236,-6.31,52,0.785,4.48,0.409,0.524,0.02,59,0,557,57000,High Risk,0.2338
GIG-10120,Swiggy,Tier 1,35076.85,0.503,-7.54,31,0.984,4.4,0.225,0.346,0.364,26,0,699,90000,Moderate Risk,0.0801
GIG-10121,Urban Company,Tier 1,29604.55,0.621,6.52,36,0.876,4.22,0.17,0.678,0.02,31,0,647,70000,Moderate Risk,0.097
GIG-10122,Urban Company,Tier 3,42158.9,0.621,-2.28,38,0.945,3.8,0.198,0.366,0.353,54,1,647,100000,Moderate Risk,0.1016
GIG-10123,Zomato,Tier 3,30584.63,0.769,10.11,53,0.893,4.24,0.152,0.563,0.153,55,0,690,77000,Moderate Risk,0.122
GIG-10124,Urban Company,Tier 3,13353.85,0.216,15.8,52,0.892,3.73,0.329,0.617,0.02,9,1,498,24000,Very High Risk,0.6681
GIG-10125,Uber,Tier 2,25321.8,0.273,12.61,65,0.798,4.81,0.361,0.502,0.02,10,0,582,54000,High Risk,0.3468
GIG-10126,Swiggy,Tier 3,37189.87,0.855,14.86,45,0.891,4.56,0.387,0.332,0.158,38,0,718,98000,Moderate Risk,0.1287
GIG-10127,Uber,Tier 2,29347.69,0.646,-14.55,23,0.884,4.73,0.221,0.37,0.288,21,1,603,65000,High Risk,0.1701
GIG-10128,Ola,Tier 3,23477.72,0.16,1.78,29,0.957,4.2,0.414,0.554,0.02,24,0,565,49000,High Risk,0.215
GIG-10129,Ola,Tier 3,24283.06,0.485,10.24,53,0.926,4.26,0.212,0.385,0.35,43,0,637,57000,High Risk,0.2806
GIG-10130,Urban Company,Tier 3,33788.88,0.735,2.59,35,0.874,4.18,0.379,0.519,0.02,34,3,522,65000,Very High Risk,0.3976
GIG-10131,Urban Company,Tier 1,23717.37,0.401,9.22,50,0.938,4.69,0.125,0.685,0.067,8,0,618,54000,High Risk,0.3159
GIG-10132,Zepto,Tier 2,33275.04,0.64,23.38,26,0.906,3.94,0.21,0.597,0.138,5,2,594,72000,High Risk,0.3205
GIG-10133,Zomato,Tier 2,35602.46,0.771,-1.49,45,0.793,4.73,0.3,0.346,0.295,52,2,633,83000,High Risk,0.2838
GIG-10134,Uber,Tier 3,33226.27,0.932,-13.31,53,0.873,4.4,0.309,0.537,0.034,19,0,670,82000,Moderate Risk,0.101
GIG-10135,Uber,Tier 3,26031.5,0.189,6.43,45,0.913,3.6,0.196,0.445,0.262,31,0,617,59000,High Risk,0.178
GIG-10136,Zepto,Tier 3,26238.44,0.16,12.6,42,0.782,3.82,0.131,0.343,0.442,3,1,582,56000,High Risk,0.2644
GIG-10137,Swiggy,Tier 1,12998.62,0.534,3.06,41,0.887,4.79,0.268,0.581,0.02,59,0,583,28000,High Risk,0.2049
GIG-10138,Uber,Tier 3,16978.39,0.07,10.09,54,0.981,4.72,0.12,0.555,0.27,5,0,578,36000,High Risk,0.1619
GIG-10139,Blinkit,Tier 3,40897.77,0.895,-17.09,42,0.938,3.61,0.144,0.442,0.27,38,0,680,102000,Moderate Risk,0.1143
GIG-10140,Uber,Tier 2,37409.4,0.399,7.33,48,0.805,4.84,0.14,0.514,0.282,11,0,689,95000,Moderate Risk,0.0938
GIG-10141,Zomato,Tier 2,26971.7,0.282,12.33,54,0.925,4.14,0.322,0.41,0.187,26,1,573,57000,High Risk,0.2393
GIG-10142,Zomato,Tier 2,32224.55,0.795,13.11,26,0.906,4.54,0.327,0.45,0.156,16,0,719,85000,Moderate Risk,0.0714
GIG-10143,Ola,Tier 3,25535.73,0.513,3.39,39,0.866,3.96,0.323,0.542,0.049,9,0,603,56000,High Risk,0.3476
GIG-10144,Blinkit,Tier 3,43131.1,0.768,4.86,43,0.788,3.55,0.236,0.364,0.348,59,1,680,108000,Moderate Risk,0.0967
GIG-10145,Zepto,Tier 3,32487.36,0.724,7.29,56,0.987,3.93,0.408,0.456,0.047,50,0,659,79000,Moderate Risk,0.1033
GIG-10146,Uber,Tier 1,29466.4,0.127,10.01,34,0.821,3.59,0.223,0.408,0.222,58,0,577,62000,High Risk,0.2195
GIG-10147,Uber,Tier 1,19418.06,0.46,28.34,56,0.91,3.8,0.239,0.316,0.347,59,0,688,49000,Moderate Risk,0.0782
GIG-10148,Zepto,Tier 1,30127.09,0.821,1.08,38,0.964,4.9,0.165,0.485,0.202,14,0,715,79000,Moderate Risk,0.1291
GIG-10149,Blinkit,Tier 2,13815.74,0.502,-2.25,23,0.901,4.78,0.414,0.463,0.02,54,1,579,29000,High Risk,0.2647
GIG-10150,Ola,Tier 2,37326.45,0.624,-24.4,64,0.932,4.52,0.16,0.42,0.334,13,1,614,84000,High Risk,0.2058
GIG-10151,Swiggy,Tier 2,35625.0,0.708,12.16,53,0.918,4.63,0.374,0.545,0.022,58,0,690,90000,Moderate Risk,0.0662
GIG-10152,Zomato,Tier 2,14877.87,0.17,1.92,45,0.843,3.61,0.27,0.618,0.02,17,0,532,29000,Very High Risk,0.3848
GIG-10153,Ola,Tier 2,15139.52,0.165,-1.3,53,0.848,4.21,0.188,0.556,0.108,25,0,542,30000,Very High Risk,0.4817
GIG-10154,Urban Company,Tier 1,21162.62,0.418,7.1,40,0.831,4.56,0.367,0.622,0.02,17,0,601,47000,High Risk,0.2043
GIG-10155,Zomato,Tier 3,23928.29,0.085,-1.26,45,0.838,4.55,0.139,0.636,0.175,15,0,559,49000,High Risk,0.1704
GIG-10156,Zepto,Tier 2,37004.7,0.74,7.63,46,0.871,4.85,0.233,0.686,0.022,20,0,655,89000,Moderate Risk,0.1106
GIG-10157,Swiggy,Tier 2,26925.77,0.612,-5.55,55,0.802,4.66,0.313,0.319,0.282,25,2,520,51000,Very High Risk,0.5156
GIG-10158,Zepto,Tier 3,28135.13,0.482,0.47,59,0.953,4.76,0.184,0.563,0.156,56,1,605,62000,High Risk,0.2716
GIG-10159,Blinkit,Tier 1,19425.14,0.301,15.75,31,0.863,4.56,0.18,0.656,0.085,10,0,578,41000,High Risk,0.3171
GIG-10160,Urban Company,Tier 1,28952.15,0.507,29.13,52,0.782,4.19,0.409,0.508,0.02,40,0,660,70000,Moderate Risk,0.1017
GIG-10161,Urban Company,Tier 1,33745.49,0.684,14.81,37,0.889,4.02,0.232,0.301,0.387,9,0,724,90000,Moderate Risk,0.0966
GIG-10162,Zepto,Tier 2,33415.73,0.711,3.97,28,0.937,4.2,0.137,0.683,0.036,49,1,622,76000,High Risk,0.3426
GIG-10163,Blinkit,Tier 2,29845.61,0.449,8.39,35,0.944,4.36,0.164,0.624,0.098,41,0,620,68000,High Risk,0.219
GIG-10164,Swiggy,Tier 2,34788.5,0.641,1.8,46,0.811,3.51,0.309,0.479,0.149,60,2,534,68000,Very High Risk,0.5302
GIG-10165,Ola,Tier 2,29477.92,0.26,26.88,26,0.871,3.56,0.17,0.478,0.281,5,0,650,70000,Moderate Risk,0.0794
GIG-10166,Zepto,Tier 1,30968.75,0.461,6.9,38,0.986,3.78,0.358,0.663,0.02,36,3,480,55000,Very High Risk,0.6175
GIG-10167,Ola,Tier 2,28153.18,0.585,18.92,56,0.814,4.34,0.351,0.5,0.098,30,0,668,69000,Moderate Risk,0.0783
GIG-10168,Swiggy,Tier 3,26340.18,0.12,0.3,47,0.87,3.54,0.264,0.565,0.109,24,0,562,54000,High Risk,0.3487
GIG-10169,Blinkit,Tier 3,26550.21,0.364,6.01,50,0.855,4.67,0.195,0.526,0.193,57,0,619,60000,High Risk,0.3336
GIG-10170,Swiggy,Tier 3,23218.32,0.548,0.93,51,0.98,4.36,0.251,0.532,0.115,60,1,563,48000,High Risk,0.3288
GIG-10171,Urban Company,Tier 3,17357.49,0.673,9.09,31,0.819,3.99,0.377,0.383,0.183,22,0,632,40000,High Risk,0.2319
GIG-10172,Zepto,Tier 2,33677.13,0.717,11.8,56,0.812,4.8,0.282,0.413,0.212,28,0,711,88000,Moderate Risk,0.06
GIG-10173,Urban Company,Tier 3,24102.17,0.624,-5.23,51,0.936,4.76,0.247,0.421,0.249,11,0,632,56000,High Risk,0.3134
GIG-10174,Ola,Tier 2,24317.89,0.246,19.22,39,0.894,4.55,0.17,0.612,0.11,45,2,530,47000,Very High Risk,0.3744
GIG-10175,Zepto,Tier 3,33203.6,0.393,13.03,64,0.858,4.88,0.368,0.579,0.02,50,0,682,83000,Moderate Risk,0.1337
GIG-10176,Uber,Tier 3,36699.71,0.699,-1.17,32,0.985,4.77,0.33,0.591,0.02,39,2,557,75000,High Risk,0.2493
GIG-10177,Urban Company,Tier 2,19266.39,0.422,19.44,29,0.928,4.71,0.284,0.687,0.02,38,0,611,43000,High Risk,0.2937
GIG-10178,Zomato,Tier 2,26096.45,0.813,15.97,33,0.963,4.5,0.359,0.4,0.129,21,0,672,64000,Moderate Risk,0.1266
GIG-10179,Ola,Tier 2,25045.78,0.581,-6.02,29,0.934,4.1,0.141,0.614,0.166,53,0,643,59000,Moderate Risk,0.1148
GIG-10180,Blinkit,Tier 2,24542.1,0.333,10.02,33,0.868,4.61,0.15,0.411,0.361,31,0,656,59000,Moderate Risk,0.1384
GIG-10181,Porter,Tier 3,28262.38,0.127,-1.13,26,0.863,3.89,0.182,0.493,0.248,16,0,568,59000,High Risk,0.2814
GIG-10182,Porter,Tier 3,28700.63,0.544,2.28,59,0.836,3.52,0.41,0.4,0.072,13,0,625,66000,High Risk,0.272
GIG-10183,Swiggy,Tier 2,19019.64,0.241,7.77,55,0.866,3.52,0.295,0.401,0.209,35,2,499,35000,Very High Risk,0.4957
GIG-10184,Blinkit,Tier 1,24916.93,0.463,3.26,48,0.871,3.88,0.25,0.589,0.11,55,0,610,56000,High Risk,0.2727
GIG-10185,Ola,Tier 3,17661.9,0.452,10.68,37,0.837,3.87,0.139,0.484,0.254,22,0,612,40000,High Risk,0.2846
GIG-10186,Ola,Tier 1,31263.01,0.764,12.43,59,0.935,4.27,0.141,0.448,0.269,12,0,721,83000,Moderate Risk,0.1031
GIG-10187,Zomato,Tier 1,21712.11,0.083,11.41,31,0.928,4.13,0.253,0.56,0.043,18,0,566,45000,High Risk,0.3149
GIG-10188,Porter,Tier 3,24167.59,0.089,-14.2,52,0.802,4.63,0.243,0.562,0.119,57,0,543,48000,Very High Risk,0.4146
GIG-10189,Swiggy,Tier 2,34322.98,0.855,8.3,34,0.888,4.29,0.227,0.442,0.198,29,1,655,82000,Moderate Risk,0.0846
GIG-10190,Ola,Tier 3,18835.69,0.164,-3.51,30,0.96,4.5,0.371,0.644,0.02,47,0,536,37000,Very High Risk,0.5676
GIG-10191,Zepto,Tier 2,31789.06,0.818,12.44,54,0.888,3.74,0.145,0.308,0.48,28,1,703,82000,Moderate Risk,0.0793
GIG-10192,Ola,Tier 1,21762.75,0.129,9.33,43,0.829,3.82,0.408,0.547,0.02,44,0,533,43000,Very High Risk,0.5058
GIG-10193,Zomato,Tier 1,42967.72,0.769,-7.97,48,0.892,3.67,0.302,0.347,0.267,52,0,703,111000,Moderate Risk,0.1154
GIG-10194,Zepto,Tier 1,24217.19,0.154,-9.49,44,0.898,4.43,0.327,0.401,0.221,14,0,552,49000,High Risk,0.2571
GIG-10195,Porter,Tier 1,30976.84,0.971,3.13,31,0.96,4.81,0.26,0.33,0.321,38,1,688,78000,Moderate Risk,0.1321
GIG-10196,Ola,Tier 1,25794.38,0.641,7.11,42,0.989,4.33,0.216,0.388,0.311,32,0,695,66000,Moderate Risk,0.0655
GIG-10197,Uber,Tier 2,23162.04,0.024,14.68,51,0.882,3.51,0.361,0.609,0.02,45,0,518,44000,Very High Risk,0.6206
GIG-10198,Blinkit,Tier 2,39172.78,0.76,19.1,55,0.936,3.75,0.178,0.656,0.041,42,2,632,91000,High Risk,0.3017
GIG-10199,Zepto,Tier 3,41599.66,0.577,16.1,63,0.837,3.8,0.214,0.397,0.318,31,0,704,107000,Moderate Risk,0.1326
GIG-10200,Uber,Tier 3,17021.0,0.542,20.19,56,0.837,4.52,0.199,0.676,0.02,58,0,638,40000,High Risk,0.2039
GIG-10201,Porter,Tier 2,32777.83,0.887,11.18,50,0.94,3.78,0.147,0.58,0.186,19,0,719,86000,Moderate Risk,0.0625
GIG-10202,Ola,Tier 3,25338.9,0.458,2.37,51,0.989,4.72,0.373,0.4,0.119,20,0,614,57000,High Risk,0.169
GIG-10203,Porter,Tier 3,34054.31,0.798,-0.04,44,0.945,4.34,0.214,0.562,0.151,18,0,685,86000,Moderate Risk,0.1211
GIG-10204,Urban Company,Tier 2,38679.23,0.735,15.91,54,0.903,4.36,0.417,0.603,0.02,7,0,693,98000,Moderate Risk,0.0911
GIG-10205,Urban Company,Tier 1,31998.91,0.614,10.6,51,0.905,3.58,0.256,0.57,0.056,20,0,657,77000,Moderate Risk,0.1353
GIG-10206,Blinkit,Tier 2,28011.04,0.097,18.41,49,0.906,3.77,0.332,0.482,0.069,60,1,515,53000,Very High Risk,0.4177
GIG-10207,Swiggy,Tier 1,40433.28,0.907,35.62,47,0.838,4.86,0.295,0.537,0.083,12,0,752,111000,Low Risk,0.0113
GIG-10208,Ola,Tier 2,21540.52,0.55,11.23,43,0.935,3.92,0.361,0.699,0.02,47,1,566,45000,High Risk,0.2745
GIG-10209,Uber,Tier 3,27731.1,0.494,0.15,42,0.795,3.81,0.189,0.488,0.246,16,0,621,63000,High Risk,0.1835
GIG-10210,Swiggy,Tier 2,14382.29,0.498,-5.42,41,0.855,4.5,0.139,0.384,0.346,29,0,611,32000,High Risk,0.2185
GIG-10211,Blinkit,Tier 3,27748.49,0.125,7.82,46,0.81,4.42,0.202,0.495,0.245,32,0,643,65000,Moderate Risk,0.0845
GIG-10212,Zepto,Tier 1,18513.12,0.015,13.14,40,0.893,4.74,0.417,0.656,0.02,16,0,554,38000,High Risk,0.2479
GIG-10213,Zepto,Tier 2,27580.76,0.71,15.36,27,0.875,4.63,0.158,0.379,0.318,60,0,697,70000,Moderate Risk,0.1054
GIG-10214,Zomato,Tier 3,25190.43,0.718,-10.17,36,0.9,3.77,0.204,0.387,0.341,27,1,612,57000,High Risk,0.2071
GIG-10215,Porter,Tier 1,19161.1,0.51,16.95,56,0.947,3.76,0.322,0.388,0.218,25,1,585,41000,High Risk,0.1999
GIG-10216,Urban Company,Tier 2,30369.48,0.85,9.58,37,0.882,4.86,0.132,0.417,0.38,57,0,738,82000,Moderate Risk,0.1327
GIG-10217,Zepto,Tier 3,11000.0,0.056,-7.14,39,0.954,3.75,0.129,0.382,0.405,50,0,561,23000,High Risk,0.273
GIG-10218,Ola,Tier 2,28170.24,0.859,22.25,29,0.79,4.57,0.153,0.543,0.226,17,0,727,75000,Moderate Risk,0.0904
GIG-10219,Urban Company,Tier 2,24399.9,0.545,0.54,51,0.975,4.07,0.14,0.308,0.419,34,0,688,62000,Moderate Risk,0.122
GIG-10220,Zomato,Tier 2,22378.18,0.162,7.52,51,0.922,3.97,0.374,0.679,0.02,24,0,528,43000,Very High Risk,0.4543
GIG-10221,Zepto,Tier 3,35008.37,0.933,-7.79,28,0.852,4.74,0.401,0.374,0.138,13,2,598,77000,High Risk,0.1624
GIG-10222,Porter,Tier 1,19236.79,0.426,-24.91,65,0.938,4.62,0.293,0.662,0.02,42,1,498,35000,Very High Risk,0.3789
GIG-10223,Zomato,Tier 2,20408.67,0.694,10.94,36,0.819,4.01,0.249,0.632,0.057,40,0,628,47000,High Risk,0.2563
GIG-10224,Zomato,Tier 1,27498.68,0.192,24.87,46,0.97,4.01,0.34,0.563,0.02,44,1,535,54000,Very High Risk,0.5526
GIG-10225,Zepto,Tier 1,33859.94,0.694,10.06,33,0.805,4.95,0.184,0.327,0.38,58,0,765,95000,Low Risk,0.0113
GIG-10226,Porter,Tier 1,31386.74,0.842,-7.42,44,0.853,3.57,0.136,0.577,0.191,6,0,676,78000,Moderate Risk,0.1091
GIG-10227,Urban Company,Tier 2,31888.29,0.474,9.33,32,0.949,3.99,0.183,0.334,0.386,23,0,652,76000,Moderate Risk,0.1273
GIG-10228,Ola,Tier 2,23555.45,0.192,16.54,49,0.805,4.88,0.325,0.513,0.109,23,0,599,52000,High Risk,0.2315
GIG-10229,Blinkit,Tier 2,31628.07,0.362,9.99,35,0.909,4.89,0.319,0.331,0.265,20,0,652,76000,Moderate Risk,0.0923
GIG-10230,Zepto,Tier 2,31226.4,0.926,-2.09,34,0.922,4.47,0.141,0.458,0.333,56,0,696,80000,Moderate Risk,0.1262
GIG-10231,Swiggy,Tier 2,27252.91,0.268,15.18,62,0.981,3.83,0.386,0.674,0.02,4,0,585,58000,High Risk,0.276
GIG-10232,Zomato,Tier 2,39715.63,0.8,23.18,42,0.955,4.3,0.373,0.473,0.066,17,2,631,92000,High Risk,0.2002
GIG-10233,Swiggy,Tier 3,27547.29,0.491,-12.65,44,0.933,4.01,0.321,0.622,0.02,5,0,588,59000,High Risk,0.3067
GIG-10234,Zomato,Tier 1,28587.48,0.436,8.61,49,0.827,3.95,0.284,0.467,0.183,15,0,612,64000,High Risk,0.2336
GIG-10235,Zomato,Tier 3,31111.83,0.867,2.75,55,0.814,3.85,0.127,0.634,0.092,12,0,706,81000,Moderate Risk,0.0785
GIG-10236,Ola,Tier 1,23248.77,0.717,18.18,43,0.945,3.95,0.132,0.535,0.243,33,3,550,47000,High Risk,0.2588
GIG-10237,Swiggy,Tier 3,35612.4,0.67,12.8,44,0.955,4.69,0.187,0.39,0.291,16,2,618,81000,High Risk,0.1691
GIG-10238,Porter,Tier 3,12116.31,0.848,1.25,51,0.814,4.35,0.362,0.604,0.02,19,0,585,26000,High Risk,0.2036
GIG-10239,Blinkit,Tier 1,18765.1,0.043,-3.6,31,0.966,4.83,0.209,0.392,0.308,41,0,580,40000,High Risk,0.2845
GIG-10240,Swiggy,Tier 1,32132.14,0.921,1.69,59,0.837,3.62,0.418,0.362,0.071,22,3,516,61000,Very High Risk,0.6299
GIG-10241,Swiggy,Tier 3,35143.63,0.881,-13.26,29,0.849,4.34,0.375,0.381,0.101,4,0,639,82000,High Risk,0.3147
GIG-10242,Urban Company,Tier 3,39756.66,0.882,-1.77,50,0.802,3.69,0.414,0.57,0.02,46,0,665,97000,Moderate Risk,0.1141
GIG-10243,Zepto,Tier 2,41337.79,0.968,23.28,37,0.925,3.85,0.308,0.599,0.021,48,0,744,113000,Low Risk,0.0152
GIG-10244,Ola,Tier 1,36583.09,0.872,17.5,42,0.878,3.52,0.144,0.403,0.4,40,0,755,101000,Low Risk,0.0271
GIG-10245,Ola,Tier 1,17756.36,0.387,5.77,46,0.898,4.24,0.141,0.336,0.413,47,0,646,42000,Moderate Risk,0.1334
GIG-10246,Urban Company,Tier 3,19458.92,0.303,-13.58,46,0.922,4.51,0.404,0.418,0.128,41,0,556,40000,High Risk,0.1936
GIG-10247,Swiggy,Tier 3,37493.88,0.699,-7.46,36,0.8,4.73,0.396,0.56,0.02,53,0,648,89000,Moderate Risk,0.1183
GIG-10248,Zomato,Tier 2,24979.56,0.589,18.55,45,0.959,4.92,0.29,0.506,0.145,37,0,667,61000,Moderate Risk,0.0904
GIG-10249,Zepto,Tier 3,15508.05,0.667,-1.19,59,0.963,4.97,0.295,0.625,0.02,26,0,578,33000,High Risk,0.2305
GIG-10250,Swiggy,Tier 3,37647.65,0.78,-4.38,62,0.927,4.62,0.382,0.5,0.02,44,0,679,94000,Moderate Risk,0.0749
GIG-10251,Blinkit,Tier 1,44688.38,0.681,2.6,44,0.903,4.3,0.146,0.323,0.47,57,0,726,119000,Moderate Risk,0.1035
GIG-10252,Zepto,Tier 2,33258.92,0.593,-0.89,36,0.909,4.83,0.363,0.533,0.02,9,0,626,76000,High Risk,0.2782
GIG-10253,Zepto,Tier 2,17073.41,0.734,13.09,34,0.922,4.09,0.347,0.482,0.08,43,2,565,35000,High Risk,0.2002
GIG-10254,Porter,Tier 3,29744.2,0.278,3.34,32,0.918,4.98,0.256,0.442,0.212,12,0,627,68000,High Risk,0.3267
GIG-10255,Zepto,Tier 1,13648.86,0.058,-2.79,49,0.812,4.21,0.301,0.533,0.076,49,0,516,26000,Very High Risk,0.4031
GIG-10256,Urban Company,Tier 3,19058.0,0.135,16.91,26,0.949,4.3,0.144,0.526,0.189,54,0,605,42000,High Risk,0.2093
GIG-10257,Porter,Tier 2,27408.22,0.493,6.73,50,0.954,3.62,0.263,0.552,0.052,30,1,587,59000,High Risk,0.2054
GIG-10258,Urban Company,Tier 2,32476.62,0.576,-20.32,46,0.881,4.7,0.405,0.309,0.138,57,0,625,74000,High Risk,0.3129
GIG-10259,Ola,Tier 1,22600.53,0.524,20.29,53,0.86,3.82,0.253,0.319,0.296,20,1,615,51000,High Risk,0.2676
GIG-10260,Porter,Tier 1,37131.71,0.607,16.01,29,0.981,4.3,0.302,0.388,0.197,51,0,718,98000,Moderate Risk,0.0748
GIG-10261,Porter,Tier 3,29164.17,0.537,6.32,43,0.814,3.77,0.181,0.455,0.309,42,0,646,69000,Moderate Risk,0.1009
GIG-10262,Zepto,Tier 2,11000.0,0.32,-6.72,46,0.899,4.8,0.287,0.684,0.02,4,0,534,22000,Very High Risk,0.375
GIG-10263,Porter,Tier 2,29402.29,0.194,13.21,44,0.806,4.27,0.194,0.443,0.214,14,0,617,67000,High Risk,0.3398
GIG-10264,Porter,Tier 1,25329.77,0.118,18.86,18,0.785,4.0,0.173,0.339,0.342,25,0,613,57000,High Risk,0.2957
GIG-10265,Urban Company,Tier 2,20603.49,0.081,15.4,53,0.795,3.92,0.225,0.613,0.02,20,0,552,42000,High Risk,0.3249
GIG-10266,Urban Company,Tier 3,24031.58,0.442,4.39,39,0.933,4.12,0.294,0.633,0.02,3,1,567,50000,High Risk,0.1619
GIG-10267,Ola,Tier 1,21635.54,0.838,16.04,35,0.808,3.73,0.405,0.652,0.02,18,4,494,39000,Very High Risk,0.4308
GIG-10268,Zepto,Tier 2,38944.79,0.913,-5.51,33,0.879,4.32,0.291,0.384,0.201,38,0,712,102000,Moderate Risk,0.0884
GIG-10269,Ola,Tier 3,30646.81,0.767,22.79,51,0.883,3.7,0.198,0.468,0.224,33,0,728,82000,Moderate Risk,0.0831
GIG-10270,Porter,Tier 2,27986.11,0.265,6.23,36,0.911,4.31,0.242,0.509,0.109,53,0,599,61000,High Risk,0.1545
GIG-10271,Zomato,Tier 1,29832.6,0.397,8.92,48,0.9,3.77,0.201,0.379,0.345,21,0,650,71000,Moderate Risk,0.1044
GIG-10272,Ola,Tier 2,15552.24,0.66,-7.94,37,0.95,3.52,0.315,0.568,0.02,47,2,461,26000,Very High Risk,0.3668
GIG-10273,Ola,Tier 2,46429.11,0.475,6.99,35,0.965,3.57,0.189,0.659,0.076,45,0,674,115000,Moderate Risk,0.0711
GIG-10274,Blinkit,Tier 2,28001.49,0.467,-2.91,36,0.824,4.95,0.314,0.674,0.02,38,1,543,56000,Very High Risk,0.6204
GIG-10275,Blinkit,Tier 2,20113.57,0.267,21.22,25,0.87,4.45,0.344,0.393,0.172,50,0,610,45000,High Risk,0.1897
GIG-10276,Blinkit,Tier 2,28875.26,0.341,7.67,29,0.793,4.22,0.153,0.399,0.366,47,1,586,62000,High Risk,0.3251
GIG-10277,Porter,Tier 2,34262.99,0.785,9.23,46,0.85,4.24,0.314,0.504,0.12,22,0,694,87000,Moderate Risk,0.1242
GIG-10278,Urban Company,Tier 1,26968.81,0.346,10.9,53,0.808,4.54,0.343,0.571,0.02,10,1,554,55000,High Risk,0.1838
GIG-10279,Ola,Tier 2,28585.58,0.41,15.5,46,0.82,4.57,0.273,0.542,0.089,10,1,611,64000,High Risk,0.3159
GIG-10280,Uber,Tier 1,23255.42,0.289,15.57,48,0.804,4.1,0.386,0.319,0.149,16,0,609,52000,High Risk,0.2763
GIG-10281,Porter,Tier 2,20669.43,0.147,-2.3,49,0.858,4.03,0.223,0.508,0.175,49,1,512,39000,Very High Risk,0.5319
GIG-10282,Urban Company,Tier 1,18898.1,0.416,3.94,29,0.869,4.66,0.179,0.628,0.078,56,0,629,44000,High Risk,0.2416
GIG-10283,Ola,Tier 2,34864.11,0.499,-11.72,52,0.852,3.58,0.181,0.467,0.28,17,0,630,81000,High Risk,0.333
GIG-10284,Blinkit,Tier 1,31830.55,0.748,6.68,45,0.853,4.05,0.306,0.587,0.046,22,0,646,75000,Moderate Risk,0.1395
GIG-10285,Zomato,Tier 3,38022.74,0.405,-1.05,47,0.881,4.96,0.346,0.399,0.151,37,4,466,65000,Very High Risk,0.6516
GIG-10286,Uber,Tier 2,30307.29,0.57,-0.53,34,0.829,3.6,0.176,0.522,0.223,5,0,629,70000,High Risk,0.2254
GIG-10287,Zomato,Tier 3,11395.3,0.548,-5.59,49,0.806,4.44,0.157,0.328,0.374,21,0,613,26000,High Risk,0.3143
GIG-10288,Uber,Tier 3,21562.2,0.322,0.88,60,0.976,4.85,0.366,0.655,0.02,58,0,580,46000,High Risk,0.2078
GIG-10289,Porter,Tier 1,16891.66,0.087,-3.68,45,0.947,4.59,0.314,0.362,0.219,58,0,520,32000,Very High Risk,0.4883
GIG-10290,Zomato,Tier 3,23971.97,0.426,3.76,50,0.81,4.63,0.153,0.693,0.066,21,1,568,50000,High Risk,0.2185
GIG-10291,Porter,Tier 2,18590.61,0.43,13.62,42,0.846,4.44,0.227,0.359,0.304,31,1,586,40000,High Risk,0.2264
GIG-10292,Blinkit,Tier 1,25775.05,0.216,-8.72,35,0.953,3.8,0.261,0.62,0.051,6,0,569,54000,High Risk,0.3267
GIG-10293,Urban Company,Tier 2,38368.5,0.815,16.47,31,0.861,3.62,0.164,0.419,0.358,10,2,656,92000,Moderate Risk,0.0605
GIG-10294,Swiggy,Tier 2,19509.65,0.333,21.54,60,0.821,3.75,0.395,0.431,0.087,34,1,582,42000,High Risk,0.2178
GIG-10295,Swiggy,Tier 3,35600.13,0.791,-11.7,48,0.869,4.01,0.408,0.478,0.02,43,0,643,84000,Moderate Risk,0.1328
GIG-10296,Zomato,Tier 1,40106.69,0.87,-14.08,56,0.978,4.42,0.342,0.622,0.02,12,0,662,97000,Moderate Risk,0.0641
GIG-10297,Urban Company,Tier 1,41352.56,0.768,17.92,50,0.895,3.8,0.208,0.599,0.095,18,0,699,106000,Moderate Risk,0.1374
GIG-10298,Swiggy,Tier 3,20926.73,0.639,2.37,41,0.78,3.56,0.413,0.397,0.074,51,1,539,41000,Very High Risk,0.6076
GIG-10299,Zepto,Tier 3,29378.04,0.536,-13.6,53,0.916,3.6,0.389,0.348,0.18,41,1,529,57000,Very High Risk,0.521
GIG-10300,Ola,Tier 3,40044.36,0.549,10.38,49,0.818,4.14,0.17,0.583,0.143,27,0,671,99000,Moderate Risk,0.0633
GIG-10301,Porter,Tier 2,23108.92,0.807,10.89,44,0.931,4.88,0.278,0.404,0.263,22,0,694,59000,Moderate Risk,0.1026
GIG-10302,Zepto,Tier 2,22361.42,0.521,8.48,45,0.933,4.87,0.349,0.537,0.045,39,0,645,53000,Moderate Risk,0.0992
GIG-10303,Zomato,Tier 3,41124.92,0.406,-0.22,50,0.798,4.15,0.317,0.475,0.13,50,0,646,97000,Moderate Risk,0.1338
GIG-10304,Swiggy,Tier 1,26442.59,0.059,-15.78,41,0.973,3.52,0.286,0.596,0.02,43,0,506,49000,Very High Risk,0.5688
GIG-10305,Ola,Tier 2,31781.04,0.929,-2.15,38,0.886,4.64,0.139,0.531,0.268,45,0,738,86000,Moderate Risk,0.081
GIG-10306,Swiggy,Tier 1,26299.37,0.3,-13.52,52,0.846,3.66,0.23,0.34,0.303,18,3,471,45000,Very High Risk,0.457
GIG-10307,Uber,Tier 3,34417.03,0.343,-4.64,33,0.974,3.58,0.266,0.665,0.02,7,0,572,72000,High Risk,0.3204
GIG-10308,Uber,Tier 1,18158.89,0.209,3.96,48,0.907,3.62,0.325,0.673,0.02,29,0,559,37000,High Risk,0.2313
GIG-10309,Porter,Tier 3,31589.09,0.643,1.04,37,0.822,4.85,0.348,0.571,0.02,41,0,646,75000,Moderate Risk,0.0781
GIG-10310,Porter,Tier 2,40958.6,0.675,1.12,41,0.823,4.64,0.248,0.526,0.174,5,0,715,107000,Moderate Risk,0.1308
GIG-10311,Ola,Tier 2,26205.45,0.542,3.2,46,0.976,4.61,0.402,0.571,0.02,48,2,514,49000,Very High Risk,0.5983
GIG-10312,Urban Company,Tier 3,18250.28,0.585,-10.0,37,0.844,4.95,0.313,0.587,0.02,58,0,592,40000,High Risk,0.3239
GIG-10313,Porter,Tier 1,38852.67,0.845,-5.84,66,0.936,3.84,0.138,0.42,0.345,46,0,696,99000,Moderate Risk,0.0646
GIG-10314,Ola,Tier 2,14547.38,0.517,-3.81,62,0.927,4.11,0.271,0.303,0.307,53,0,605,32000,High Risk,0.3458
GIG-10315,Ola,Tier 2,24894.06,0.242,8.69,29,0.861,4.93,0.329,0.333,0.202,10,0,573,52000,High Risk,0.1638
GIG-10316,Ola,Tier 3,11000.0,0.526,0.23,26,0.879,4.77,0.211,0.377,0.349,12,0,628,25000,High Risk,0.306
GIG-10317,Urban Company,Tier 1,15657.57,0.296,3.25,44,0.818,4.82,0.258,0.584,0.02,7,0,574,33000,High Risk,0.1693
GIG-10318,Zomato,Tier 1,20222.78,0.626,8.59,31,0.786,4.66,0.123,0.605,0.133,53,0,681,50000,Moderate Risk,0.1028
GIG-10319,Urban Company,Tier 3,11000.0,0.335,12.35,18,0.839,4.92,0.163,0.532,0.227,50,0,617,25000,High Risk,0.231
GIG-10320,Urban Company,Tier 2,21649.71,0.344,-23.55,39,0.844,4.93,0.403,0.434,0.056,10,2,456,36000,Very High Risk,0.3621
GIG-10321,Porter,Tier 3,28363.93,0.537,-11.43,48,0.892,4.1,0.171,0.691,0.02,22,0,574,60000,High Risk,0.2706
GIG-10322,Zepto,Tier 2,29953.69,0.106,5.09,57,0.816,4.07,0.224,0.473,0.175,35,0,576,63000,High Risk,0.3088
GIG-10323,Porter,Tier 2,13264.82,0.659,-2.21,46,0.874,4.93,0.291,0.645,0.02,8,0,640,31000,Moderate Risk,0.1294
GIG-10324,Zomato,Tier 2,41052.57,0.798,-3.88,41,0.983,4.92,0.194,0.439,0.227,50,3,593,89000,High Risk,0.2387
GIG-10325,Blinkit,Tier 3,30327.18,0.326,-4.0,43,0.854,3.97,0.267,0.428,0.236,19,0,598,66000,High Risk,0.345
GIG-10326,Zomato,Tier 1,17432.6,0.03,14.73,47,0.793,4.38,0.342,0.384,0.14,17,0,546,35000,Very High Risk,0.6469
GIG-10327,Zomato,Tier 3,16127.55,0.434,-6.2,34,0.841,3.85,0.184,0.464,0.232,55,0,587,35000,High Risk,0.2233
GIG-10328,Urban Company,Tier 3,30349.19,0.822,12.32,33,0.886,4.65,0.377,0.638,0.02,5,0,669,74000,Moderate Risk,0.085
GIG-10329,Uber,Tier 2,29235.95,0.635,-4.16,37,0.95,3.93,0.254,0.591,0.036,36,3,503,54000,Very High Risk,0.4366
GIG-10330,Porter,Tier 2,36671.37,0.794,-1.46,42,0.85,4.36,0.387,0.528,0.02,14,0,640,86000,Moderate Risk,0.0641
GIG-10331,Zepto,Tier 3,27621.03,0.113,-8.44,42,0.808,4.87,0.38,0.583,0.02,55,1,480,49000,Very High Risk,0.6347
GIG-10332,Porter,Tier 1,24718.99,0.396,16.95,62,0.787,4.45,0.144,0.474,0.303,33,0,620,56000,High Risk,0.1767
GIG-10333,Blinkit,Tier 2,35955.58,0.778,15.54,47,0.962,4.73,0.308,0.33,0.301,24,0,722,95000,Moderate Risk,0.0806
GIG-10334,Blinkit,Tier 3,24750.06,0.254,10.85,38,0.935,3.91,0.312,0.436,0.102,9,0,591,54000,High Risk,0.2058
GIG-10335,Uber,Tier 2,36640.45,0.634,18.21,43,0.788,4.04,0.368,0.581,0.02,29,0,681,91000,Moderate Risk,0.0942
GIG-10336,Porter,Tier 2,34213.17,0.691,-14.5,44,0.88,4.03,0.325,0.565,0.02,45,0,627,79000,High Risk,0.2131
GIG-10337,Zepto,Tier 3,30802.96,0.48,7.65,27,0.796,4.49,0.366,0.398,0.144,5,1,562,63000,High Risk,0.3254
GIG-10338,Porter,Tier 1,30486.87,0.448,11.8,42,0.852,4.31,0.147,0.603,0.142,23,0,667,75000,Moderate Risk,0.0751
GIG-10339,Urban Company,Tier 2,37197.38,0.748,-0.93,33,0.905,3.91,0.128,0.594,0.165,10,0,664,91000,Moderate Risk,0.1193
GIG-10340,Zepto,Tier 3,19540.82,0.378,9.18,33,0.802,4.7,0.294,0.547,0.031,55,0,603,43000,High Risk,0.3169
GIG-10341,Zomato,Tier 3,24310.64,0.486,4.19,33,0.93,3.76,0.191,0.498,0.17,58,0,623,56000,High Risk,0.1788
GIG-10342,Porter,Tier 2,28031.04,0.586,-4.58,49,0.905,4.62,0.213,0.479,0.217,6,3,501,51000,Very High Risk,0.4594
GIG-10343,Ola,Tier 3,20329.77,0.125,3.13,51,0.815,4.93,0.256,0.678,0.02,26,0,563,42000,High Risk,0.1877
GIG-10344,Porter,Tier 3,23413.28,0.359,-4.13,33,0.8,3.75,0.397,0.629,0.02,31,0,565,49000,High Risk,0.2575
GIG-10345,Zomato,Tier 1,37441.03,0.7,3.89,50,0.922,4.95,0.416,0.575,0.02,20,1,616,85000,High Risk,0.1714
GIG-10346,Uber,Tier 2,29016.74,0.578,24.45,55,0.977,4.89,0.172,0.65,0.054,31,0,671,71000,Moderate Risk,0.0654
GIG-10347,Porter,Tier 1,31284.4,0.855,13.73,44,0.912,3.72,0.367,0.394,0.124,4,0,681,78000,Moderate Risk,0.1077
GIG-10348,Ola,Tier 3,26045.75,0.347,-7.29,45,0.947,3.7,0.413,0.686,0.02,13,0,568,54000,High Risk,0.17
GIG-10349,Urban Company,Tier 3,34471.35,0.721,-1.63,33,0.815,4.96,0.366,0.413,0.164,3,0,709,90000,Moderate Risk,0.0696
GIG-10350,Zepto,Tier 1,33804.23,0.776,16.93,37,0.856,4.44,0.141,0.445,0.311,17,4,562,70000,High Risk,0.2449
GIG-10351,Swiggy,Tier 2,25779.65,0.468,7.29,61,0.868,3.71,0.148,0.307,0.408,10,0,673,64000,Moderate Risk,0.0769
GIG-10352,Uber,Tier 2,20994.21,0.386,-0.12,33,0.889,3.51,0.247,0.587,0.072,48,0,604,46000,High Risk,0.1966
GIG-10353,Urban Company,Tier 3,30850.02,0.751,-8.16,29,0.962,4.49,0.254,0.495,0.181,48,0,657,74000,Moderate Risk,0.0887
GIG-10354,Urban Company,Tier 2,27943.01,0.311,6.29,62,0.903,4.23,0.178,0.486,0.261,56,2,531,54000,Very High Risk,0.474
GIG-10355,Porter,Tier 2,28364.51,0.673,6.25,47,0.874,4.65,0.186,0.366,0.357,18,2,596,62000,High Risk,0.2921
GIG-10356,Porter,Tier 3,32469.01,0.27,-11.31,32,0.931,4.65,0.322,0.546,0.02,12,0,589,70000,High Risk,0.2162
GIG-10357,Zepto,Tier 1,39768.28,0.779,-2.44,30,0.784,4.8,0.41,0.437,0.069,41,0,677,99000,Moderate Risk,0.1144
GIG-10358,Uber,Tier 1,25647.21,0.363,17.73,30,0.857,4.64,0.363,0.46,0.032,20,0,631,59000,High Risk,0.3044
GIG-10359,Zepto,Tier 2,35642.15,0.658,10.48,49,0.841,4.91,0.135,0.36,0.401,53,0,738,96000,Moderate Risk,0.1116
GIG-10360,Urban Company,Tier 1,28301.01,0.223,10.18,24,0.885,3.61,0.325,0.501,0.047,21,0,607,63000,High Risk,0.1799
GIG-10361,Urban Company,Tier 3,19631.03,0.652,8.58,37,0.912,3.87,0.361,0.627,0.02,40,0,613,44000,High Risk,0.241
GIG-10362,Porter,Tier 1,23567.41,0.598,5.98,50,0.807,4.57,0.15,0.549,0.215,31,1,608,53000,High Risk,0.1967
GIG-10363,Porter,Tier 2,17840.01,0.463,15.23,33,0.927,4.62,0.152,0.502,0.215,24,2,547,36000,Very High Risk,0.5346
GIG-10364,Zepto,Tier 2,28402.98,0.5,17.02,57,0.955,4.1,0.22,0.497,0.176,23,0,655,68000,Moderate Risk,0.1235
GIG-10365,Ola,Tier 3,11277.58,0.498,-0.21,49,0.896,4.03,0.254,0.686,0.02,18,0,537,22000,Very High Risk,0.4428
GIG-10366,Zepto,Tier 1,40660.44,0.492,0.81,31,0.936,3.58,0.376,0.379,0.108,57,0,637,95000,High Risk,0.2945
GIG-10367,Zepto,Tier 1,33020.85,0.715,-8.29,44,0.974,4.31,0.201,0.581,0.102,23,3,523,63000,Very High Risk,0.4501
GIG-10368,Porter,Tier 3,24973.18,0.332,11.2,36,0.84,4.06,0.347,0.516,0.079,54,0,589,54000,High Risk,0.1705
GIG-10369,Zepto,Tier 2,33484.72,0.748,19.04,39,0.888,4.22,0.308,0.678,0.02,45,0,692,85000,Moderate Risk,0.064
GIG-10370,Uber,Tier 2,22582.48,0.536,-3.26,31,0.883,4.1,0.416,0.322,0.198,5,0,598,50000,High Risk,0.2752
GIG-10371,Uber,Tier 3,52614.88,0.878,0.07,31,0.804,4.94,0.127,0.621,0.123,40,0,762,147000,Low Risk,0.0154
GIG-10372,Blinkit,Tier 1,31560.83,0.799,9.75,40,0.795,4.54,0.241,0.668,0.02,58,0,690,80000,Moderate Risk,0.1358
GIG-10373,Porter,Tier 1,21423.39,0.168,-1.57,28,0.942,4.69,0.166,0.447,0.3,36,0,577,45000,High Risk,0.3097
GIG-10374,Porter,Tier 1,20788.04,0.451,-3.24,58,0.971,4.32,0.172,0.451,0.243,49,0,587,45000,High Risk,0.2801
GIG-10375,Uber,Tier 2,41309.86,0.901,8.64,40,0.877,3.76,0.221,0.307,0.382,58,0,751,114000,Low Risk,0.0348
GIG-10376,Uber,Tier 1,35756.38,0.775,17.3,42,0.914,4.02,0.399,0.326,0.17,33,0,692,91000,Moderate Risk,0.1122
GIG-10377,Urban Company,Tier 2,22081.83,0.117,0.44,52,0.824,4.34,0.38,0.473,0.02,42,0,554,45000,High Risk,0.1786
GIG-10378,Zepto,Tier 3,32184.32,0.821,2.64,55,0.873,4.22,0.353,0.453,0.1,8,0,664,78000,Moderate Risk,0.0894
GIG-10379,Blinkit,Tier 3,39027.76,0.453,7.9,47,0.932,4.35,0.314,0.312,0.262,57,0,669,96000,Moderate Risk,0.1037
GIG-10380,Zepto,Tier 2,22649.99,0.359,10.67,48,0.887,3.86,0.343,0.367,0.221,43,0,633,53000,High Risk,0.2073
GIG-10381,Porter,Tier 3,33862.63,0.651,17.28,60,0.782,4.27,0.131,0.528,0.199,5,3,577,72000,High Risk,0.2581
GIG-10382,Swiggy,Tier 1,33333.65,0.74,-2.35,20,0.902,4.03,0.169,0.501,0.197,43,0,650,79000,Moderate Risk,0.0871
GIG-10383,Urban Company,Tier 1,33848.01,0.749,14.01,66,0.897,4.6,0.204,0.526,0.211,50,0,703,87000,Moderate Risk,0.12
GIG-10384,Swiggy,Tier 2,27882.51,0.049,3.13,42,0.963,3.59,0.387,0.432,0.1,9,0,547,56000,Very High Risk,0.6798
GIG-10385,Swiggy,Tier 2,26891.9,0.521,0.61,52,0.94,4.25,0.417,0.486,0.041,13,0,604,60000,High Risk,0.2372
GIG-10386,Urban Company,Tier 1,21820.68,0.507,6.01,60,0.898,4.32,0.154,0.35,0.393,5,0,659,53000,Moderate Risk,0.0617
GIG-10387,Blinkit,Tier 1,35650.36,0.666,11.27,42,0.82,4.41,0.242,0.316,0.357,21,0,719,94000,Moderate Risk,0.0814
GIG-10388,Blinkit,Tier 2,29038.66,0.236,15.29,50,0.916,4.93,0.334,0.67,0.02,30,0,593,63000,High Risk,0.2685
GIG-10389,Uber,Tier 1,28648.66,0.761,11.45,44,0.861,4.13,0.334,0.542,0.044,36,0,658,69000,Moderate Risk,0.0621
GIG-10390,Zepto,Tier 3,20503.06,0.616,2.26,44,0.798,4.7,0.351,0.666,0.02,46,0,623,47000,High Risk,0.2517
GIG-10391,Uber,Tier 1,31628.68,0.84,0.55,39,0.824,4.67,0.176,0.327,0.347,14,0,714,83000,Moderate Risk,0.1273
GIG-10392,Swiggy,Tier 3,36464.18,0.791,3.76,42,0.921,4.81,0.258,0.543,0.13,58,1,644,86000,Moderate Risk,0.1047
GIG-10393,Zepto,Tier 3,27913.06,0.175,30.51,51,0.782,4.63,0.334,0.447,0.164,46,1,572,59000,High Risk,0.2654
GIG-10394,Ola,Tier 2,23570.44,0.468,-8.02,26,0.898,3.51,0.144,0.653,0.145,40,0,587,51000,High Risk,0.2241
GIG-10395,Uber,Tier 1,30940.08,0.789,7.54,38,0.866,4.2,0.135,0.376,0.36,32,0,703,80000,Moderate Risk,0.1284
GIG-10396,Urban Company,Tier 2,15820.68,0.151,6.49,52,0.892,4.38,0.23,0.623,0.045,19,0,551,32000,High Risk,0.3373
GIG-10397,Zomato,Tier 2,19371.9,0.579,-3.44,51,0.858,4.24,0.338,0.345,0.226,60,0,637,45000,High Risk,0.1843
GIG-10398,Urban Company,Tier 3,29355.0,0.36,-5.56,42,0.92,4.28,0.312,0.435,0.112,37,0,594,64000,High Risk,0.3013
GIG-10399,Uber,Tier 1,21260.54,0.219,13.77,43,0.968,4.51,0.378,0.336,0.15,31,0,583,45000,High Risk,0.2336
GIG-10400,Blinkit,Tier 3,22599.3,0.403,-11.27,65,0.853,4.6,0.388,0.603,0.02,22,0,585,48000,High Risk,0.1993
GIG-10401,Zepto,Tier 3,23616.76,0.322,26.14,48,0.829,4.78,0.213,0.578,0.157,19,0,653,57000,Moderate Risk,0.0658
GIG-10402,Porter,Tier 2,11362.93,0.199,21.19,49,0.919,4.03,0.363,0.418,0.112,15,0,540,22000,Very High Risk,0.5162
GIG-10403,Zepto,Tier 2,20654.3,0.613,12.64,35,0.953,4.77,0.245,0.336,0.325,9,0,691,52000,Moderate Risk,0.066
GIG-10404,Ola,Tier 2,22025.21,0.204,-1.57,42,0.982,4.69,0.258,0.389,0.21,39,0,588,47000,High Risk,0.3388
GIG-10405,Blinkit,Tier 3,18412.86,0.58,-11.1,38,0.897,3.95,0.146,0.301,0.458,21,1,575,39000,High Risk,0.1819
GIG-10406,Urban Company,Tier 1,20190.03,0.411,1.53,52,0.804,4.79,0.311,0.366,0.23,56,0,611,45000,High Risk,0.3479
GIG-10407,Zepto,Tier 2,41398.88,0.796,16.36,35,0.964,4.89,0.362,0.64,0.02,3,1,660,100000,Moderate Risk,0.0854
GIG-10408,Zomato,Tier 3,15161.96,0.326,-4.28,42,0.878,4.14,0.36,0.596,0.02,50,0,537,30000,Very High Risk,0.4676
GIG-10409,Porter,Tier 2,19230.24,0.395,23.53,51,0.821,3.82,0.323,0.462,0.072,52,0,597,42000,High Risk,0.2523
GIG-10410,Ola,Tier 3,24800.14,0.39,-16.78,55,0.838,4.85,0.31,0.329,0.22,54,2,484,44000,Very High Risk,0.3864
GIG-10411,Blinkit,Tier 1,12857.9,0.397,-7.54,36,0.91,4.0,0.377,0.474,0.08,43,0,545,26000,Very High Risk,0.6214
GIG-10412,Ola,Tier 3,35025.46,0.724,-14.76,35,0.887,4.18,0.39,0.672,0.02,19,0,623,80000,High Risk,0.3292
GIG-10413,Uber,Tier 3,21830.4,0.203,12.93,51,0.959,4.21,0.245,0.691,0.02,9,0,565,45000,High Risk,0.2084
GIG-10414,Zomato,Tier 2,24678.6,0.37,22.68,64,0.788,4.1,0.315,0.579,0.02,53,0,630,57000,High Risk,0.1687
GIG-10415,Porter,Tier 1,19709.53,0.715,2.31,25,0.951,4.78,0.322,0.319,0.252,40,1,615,44000,High Risk,0.1773
GIG-10416,Blinkit,Tier 3,31303.84,0.736,21.37,51,0.922,4.54,0.407,0.513,0.02,11,2,561,64000,High Risk,0.2784
GIG-10417,Swiggy,Tier 2,22308.3,0.176,-7.09,49,0.793,4.11,0.284,0.474,0.117,23,1,485,40000,Very High Risk,0.6222
GIG-10418,Zepto,Tier 1,33882.73,0.811,13.42,32,0.787,4.9,0.192,0.396,0.354,15,2,654,81000,Moderate Risk,0.1064
GIG-10419,Uber,Tier 3,33100.85,0.816,6.11,50,0.854,4.06,0.28,0.3,0.346,59,0,720,87000,Moderate Risk,0.08
GIG-10420,Blinkit,Tier 3,23030.9,0.381,5.13,42,0.937,4.32,0.365,0.684,0.02,35,0,577,49000,High Risk,0.2487
GIG-10421,Urban Company,Tier 1,19554.88,0.244,-11.28,57,0.836,4.16,0.281,0.565,0.026,19,0,533,38000,Very High Risk,0.5797
GIG-10422,Porter,Tier 2,39610.04,0.672,-9.51,52,0.882,4.23,0.156,0.621,0.148,50,1,625,91000,High Risk,0.3322
GIG-10423,Blinkit,Tier 1,28251.93,0.577,8.37,44,0.813,3.77,0.23,0.473,0.185,32,0,639,66000,High Risk,0.2507
GIG-10424,Swiggy,Tier 1,30376.32,0.334,8.91,41,0.882,4.46,0.126,0.562,0.2,51,0,662,74000,Moderate Risk,0.0669
GIG-10425,Ola,Tier 3,21969.1,0.305,8.2,49,0.782,3.8,0.408,0.545,0.02,49,0,561,45000,High Risk,0.1556
GIG-10426,Zepto,Tier 3,31889.35,0.638,7.21,45,0.971,4.69,0.14,0.577,0.176,26,2,573,67000,High Risk,0.1745
GIG-10427,Swiggy,Tier 2,36308.85,0.851,4.67,48,0.839,4.18,0.321,0.365,0.215,3,0,704,94000,Moderate Risk,0.1293
GIG-10428,Urban Company,Tier 3,39907.16,0.895,13.65,54,0.826,4.16,0.305,0.608,0.027,10,3,590,86000,High Risk,0.328
GIG-10429,Porter,Tier 2,34291.25,0.944,1.03,38,0.912,4.53,0.333,0.321,0.21,46,0,738,93000,Moderate Risk,0.081
GIG-10430,Urban Company,Tier 3,27147.77,0.055,-1.72,47,0.942,3.81,0.27,0.393,0.246,27,1,517,51000,Very High Risk,0.6222
GIG-10431,Blinkit,Tier 1,14157.9,0.443,25.7,31,0.951,4.3,0.159,0.606,0.092,46,2,533,28000,Very High Risk,0.4855
GIG-10432,Ola,Tier 2,28452.64,0.245,-9.94,42,0.816,3.9,0.273,0.359,0.257,4,0,604,63000,High Risk,0.2929
GIG-10433,Blinkit,Tier 3,24800.8,0.267,4.75,45,0.851,4.2,0.304,0.648,0.02,17,0,566,51000,High Risk,0.3139
GIG-10434,Swiggy,Tier 3,13573.46,0.32,8.98,48,0.972,3.89,0.391,0.428,0.076,55,0,563,28000,High Risk,0.1588
GIG-10435,Porter,Tier 3,24529.01,0.576,-5.34,40,0.882,4.03,0.216,0.686,0.02,22,0,585,53000,High Risk,0.236
GIG-10436,Zepto,Tier 1,24967.19,0.426,19.12,32,0.886,4.31,0.205,0.679,0.02,11,0,634,58000,High Risk,0.1656
GIG-10437,Zomato,Tier 1,27856.84,0.628,2.91,43,0.838,4.81,0.132,0.665,0.07,22,0,641,65000,Moderate Risk,0.1231
GIG-10438,Porter,Tier 1,12760.51,0.415,1.81,29,0.928,3.6,0.178,0.386,0.312,9,0,634,30000,High Risk,0.2647
GIG-10439,Ola,Tier 3,31616.54,0.966,7.74,49,0.978,4.09,0.328,0.496,0.075,11,0,728,84000,Moderate Risk,0.0964
GIG-10440,Zepto,Tier 2,42808.43,0.757,3.94,32,0.94,4.96,0.404,0.379,0.079,26,0,705,111000,Moderate Risk,0.0963
GIG-10441,Zepto,Tier 3,37417.48,0.767,-18.38,56,0.801,4.39,0.156,0.331,0.41,50,0,720,99000,Moderate Risk,0.1071
GIG-10442,Uber,Tier 2,26867.03,0.227,7.69,38,0.985,3.92,0.247,0.56,0.141,44,1,541,53000,Very High Risk,0.5424
GIG-10443,Swiggy,Tier 2,26108.41,0.321,11.66,46,0.9,4.1,0.229,0.387,0.267,42,3,486,47000,Very High Risk,0.4197
GIG-10444,Zepto,Tier 2,16347.3,0.574,-0.45,26,0.818,3.63,0.334,0.378,0.169,5,0,601,36000,High Risk,0.2332
GIG-10445,Blinkit,Tier 1,11000.0,0.182,-7.58,41,0.821,3.81,0.127,0.659,0.143,31,0,500,20000,Very High Risk,0.4551
GIG-10446,Porter,Tier 1,30679.16,0.578,-4.11,49,0.834,4.46,0.155,0.515,0.236,57,0,684,77000,Moderate Risk,0.1083
GIG-10447,Blinkit,Tier 1,16169.78,0.667,-11.89,42,0.858,4.07,0.371,0.56,0.02,46,0,590,35000,High Risk,0.3136
GIG-10448,Blinkit,Tier 3,11000.0,0.464,15.6,43,0.884,4.1,0.324,0.468,0.062,60,0,571,23000,High Risk,0.3115
GIG-10449,Blinkit,Tier 1,26120.61,0.135,7.09,51,0.894,4.73,0.158,0.352,0.384,28,2,518,50000,Very High Risk,0.5011
GIG-10450,Urban Company,Tier 1,35965.27,0.348,9.03,52,0.792,4.05,0.272,0.524,0.081,10,0,615,81000,High Risk,0.2725
GIG-10451,Porter,Tier 1,37956.52,0.9,2.97,45,0.956,4.54,0.357,0.44,0.113,45,0,684,95000,Moderate Risk,0.0753
GIG-10452,Ola,Tier 3,29074.62,0.367,13.1,47,0.866,4.48,0.259,0.552,0.094,43,0,630,67000,High Risk,0.2516
GIG-10453,Zomato,Tier 1,38944.63,0.852,8.26,54,0.973,3.58,0.366,0.315,0.232,53,0,706,101000,Moderate Risk,0.0718
GIG-10454,Blinkit,Tier 1,30343.61,0.558,9.86,45,0.922,4.12,0.339,0.509,0.095,11,0,627,70000,High Risk,0.318
GIG-10455,Ola,Tier 1,32302.15,0.626,-7.23,53,0.847,4.49,0.176,0.55,0.19,56,0,660,78000,Moderate Risk,0.0851
GIG-10456,Ola,Tier 3,16517.15,0.17,-3.37,55,0.899,3.73,0.327,0.505,0.053,16,1,475,29000,Very High Risk,0.5097
GIG-10457,Ola,Tier 2,29995.61,0.328,3.89,42,0.911,3.58,0.127,0.48,0.31,52,0,615,68000,High Risk,0.2878
GIG-10458,Uber,Tier 3,23901.64,0.131,13.2,53,0.93,4.49,0.263,0.557,0.126,3,0,587,51000,High Risk,0.2215
GIG-10459,Urban Company,Tier 1,40262.99,0.936,16.84,38,0.898,4.81,0.278,0.507,0.107,11,0,782,115000,Low Risk,0.0293
GIG-10460,Urban Company,Tier 1,32827.82,0.791,13.67,40,0.795,4.8,0.197,0.537,0.122,10,0,736,89000,Moderate Risk,0.0875
GIG-10461,Zomato,Tier 1,21833.45,0.345,5.55,40,0.94,4.3,0.372,0.313,0.228,3,0,592,47000,High Risk,0.3408
GIG-10462,Blinkit,Tier 1,27244.65,0.439,3.37,36,0.976,4.3,0.278,0.356,0.316,40,1,600,60000,High Risk,0.3329
GIG-10463,Blinkit,Tier 1,22255.48,0.677,10.1,37,0.843,4.19,0.3,0.369,0.207,14,0,642,52000,Moderate Risk,0.115
GIG-10464,Urban Company,Tier 1,31626.04,0.865,10.52,41,0.967,3.79,0.304,0.335,0.272,11,0,723,84000,Moderate Risk,0.0826
GIG-10465,Zepto,Tier 3,39984.78,0.695,-5.04,53,0.848,3.99,0.128,0.436,0.306,10,1,608,89000,High Risk,0.1562
GIG-10466,Swiggy,Tier 2,37276.77,0.631,5.64,41,0.895,3.82,0.249,0.561,0.067,31,0,646,88000,Moderate Risk,0.063
GIG-10467,Blinkit,Tier 3,21034.18,0.296,0.6,51,0.784,3.83,0.137,0.341,0.429,40,0,588,45000,High Risk,0.3381
GIG-10468,Swiggy,Tier 2,28867.3,0.299,20.79,38,0.875,4.77,0.403,0.434,0.057,35,0,618,65000,High Risk,0.1912
GIG-10469,Ola,Tier 3,17436.05,0.823,6.95,55,0.872,3.6,0.259,0.628,0.02,5,1,568,36000,High Risk,0.1527
GIG-10470,Urban Company,Tier 2,27869.46,0.734,-22.13,43,0.866,3.84,0.161,0.379,0.404,44,0,645,66000,Moderate Risk,0.0886
GIG-10471,Zomato,Tier 1,19222.85,0.28,20.8,32,0.789,3.58,0.257,0.52,0.084,33,0,577,41000,High Risk,0.2288
GIG-10472,Zepto,Tier 2,32485.22,0.904,2.34,58,0.883,4.76,0.332,0.496,0.096,46,1,631,75000,High Risk,0.2038
GIG-10473,Swiggy,Tier 2,31150.99,0.488,15.2,21,0.79,3.5,0.193,0.572,0.173,48,0,673,77000,Moderate Risk,0.117
GIG-10474,Porter,Tier 1,19486.04,0.219,-11.94,55,0.835,3.68,0.273,0.534,0.107,60,0,553,40000,High Risk,0.3303
GIG-10475,Swiggy,Tier 2,17238.32,0.494,7.66,46,0.839,4.91,0.139,0.541,0.264,41,1,630,40000,High Risk,0.3163
GIG-10476,Uber,Tier 1,30865.65,0.582,0.97,45,0.838,3.55,0.246,0.658,0.02,11,0,599,68000,High Risk,0.3343
GIG-10477,Urban Company,Tier 3,28453.93,0.4,11.65,34,0.826,4.15,0.355,0.614,0.02,43,1,571,60000,High Risk,0.1957
GIG-10478,Blinkit,Tier 2,35901.88,0.833,2.78,30,0.971,3.65,0.336,0.575,0.029,41,2,547,72000,Very High Risk,0.6172
GIG-10479,Urban Company,Tier 2,35827.66,0.916,25.74,37,0.826,4.5,0.352,0.489,0.047,35,0,730,96000,Moderate Risk,0.1273
GIG-10480,Zepto,Tier 1,35805.7,0.493,-0.17,51,0.89,4.69,0.226,0.557,0.142,53,0,652,86000,Moderate Risk,0.0817
GIG-10481,Swiggy,Tier 3,28672.76,0.211,0.68,63,0.801,4.55,0.129,0.648,0.159,44,0,617,65000,High Risk,0.2295
GIG-10482,Ola,Tier 2,32991.17,0.741,-8.54,52,0.979,3.75,0.41,0.306,0.186,31,0,679,82000,Moderate Risk,0.0948
GIG-10483,Ola,Tier 2,15640.51,0.717,11.24,30,0.903,4.05,0.266,0.426,0.244,24,0,656,38000,Moderate Risk,0.1129
GIG-10484,Porter,Tier 2,22579.26,0.229,14.07,45,0.797,3.78,0.252,0.534,0.082,29,3,437,36000,Very High Risk,0.6324
GIG-10485,Swiggy,Tier 2,26987.85,0.128,4.98,60,0.844,4.94,0.319,0.463,0.14,30,0,579,57000,High Risk,0.256
GIG-10486,Blinkit,Tier 3,23801.5,0.765,1.34,50,0.943,4.4,0.411,0.449,0.022,19,0,642,56000,Moderate Risk,0.1031
GIG-10487,Blinkit,Tier 1,27213.52,0.312,9.94,43,0.785,3.95,0.396,0.428,0.101,46,0,603,60000,High Risk,0.227
GIG-10488,Porter,Tier 1,21115.44,0.675,-1.29,18,0.859,4.04,0.136,0.574,0.196,8,0,648,50000,Moderate Risk,0.0989
GIG-10489,Swiggy,Tier 1,32222.71,0.942,0.6,39,0.977,4.27,0.229,0.649,0.033,30,0,680,80000,Moderate Risk,0.0853
GIG-10490,Swiggy,Tier 3,18039.72,0.107,1.19,32,0.977,4.06,0.319,0.402,0.216,50,0,538,36000,Very High Risk,0.4192
GIG-10491,Blinkit,Tier 1,24136.13,0.035,-6.36,34,0.934,4.79,0.178,0.339,0.343,38,0,550,49000,High Risk,0.1752
GIG-10492,Zomato,Tier 3,34032.5,0.461,9.02,58,0.8,4.31,0.331,0.617,0.02,38,0,646,81000,Moderate Risk,0.062
GIG-10493,Blinkit,Tier 3,37455.12,0.712,12.98,46,0.948,4.86,0.414,0.304,0.17,10,0,699,96000,Moderate Risk,0.1385
GIG-10494,Zepto,Tier 2,32827.85,0.77,-7.23,59,0.908,4.53,0.223,0.343,0.377,58,0,725,87000,Moderate Risk,0.1008
GIG-10495,Zepto,Tier 3,29154.61,0.197,13.96,27,0.958,4.15,0.125,0.33,0.444,6,3,506,54000,Very High Risk,0.4244
GIG-10496,Urban Company,Tier 3,29617.81,0.42,-1.86,53,0.929,3.82,0.132,0.38,0.42,22,0,651,71000,Moderate Risk,0.0981
GIG-10497,Blinkit,Tier 1,11000.0,0.055,11.16,49,0.884,3.69,0.329,0.382,0.195,39,0,529,21000,Very High Risk,0.6671
GIG-10498,Ola,Tier 1,28972.63,0.237,1.97,58,0.945,4.18,0.402,0.495,0.02,45,1,529,56000,Very High Risk,0.4211
GIG-10499,Porter,Tier 1,38310.91,0.783,4.65,39,0.916,4.73,0.135,0.641,0.119,57,0,693,97000,Moderate Risk,0.1025
GIG-10500,Swiggy,Tier 2,20283.46,0.3,20.94,46,0.874,4.67,0.306,0.345,0.283,57,0,656,49000,Moderate Risk,0.1065
GIG-10501,Blinkit,Tier 1,23021.84,0.219,10.22,18,0.816,4.48,0.376,0.403,0.122,51,3,466,39000,Very High Risk,0.3907
GIG-10502,Urban Company,Tier 3,14398.59,0.219,11.82,54,0.904,4.17,0.378,0.683,0.02,17,2,476,25000,Very High Risk,0.5145
GIG-10503,Zepto,Tier 3,46923.26,0.936,-5.9,43,0.79,4.65,0.291,0.604,0.04,52,0,705,121000,Moderate Risk,0.0609
GIG-10504,Zomato,Tier 3,22024.58,0.43,-2.6,41,0.822,4.37,0.139,0.645,0.07,45,0,592,48000,High Risk,0.2781
GIG-10505,Urban Company,Tier 1,27668.23,0.16,-7.42,41,0.925,4.34,0.378,0.347,0.146,14,0,568,58000,High Risk,0.2383
GIG-10506,Urban Company,Tier 3,22519.07,0.077,13.33,38,0.989,3.87,0.251,0.508,0.162,51,0,558,46000,High Risk,0.2387
GIG-10507,Urban Company,Tier 2,20607.5,0.418,18.15,57,0.981,3.5,0.194,0.671,0.02,25,0,593,45000,High Risk,0.2528
GIG-10508,Zomato,Tier 1,29396.34,0.339,12.15,44,0.819,4.95,0.418,0.522,0.02,58,0,590,64000,High Risk,0.2061
GIG-10509,Uber,Tier 3,22438.81,0.492,18.12,54,0.924,3.97,0.196,0.682,0.02,45,0,619,51000,High Risk,0.2349
GIG-10510,Zepto,Tier 1,37486.63,0.879,19.62,42,0.923,4.44,0.393,0.307,0.194,12,1,660,91000,Moderate Risk,0.0709
GIG-10511,Zomato,Tier 1,31686.6,0.576,15.34,50,0.918,4.09,0.274,0.621,0.02,50,0,654,76000,Moderate Risk,0.0931
GIG-10512,Ola,Tier 2,22386.0,0.77,11.15,50,0.816,4.83,0.317,0.653,0.02,29,0,635,52000,High Risk,0.2286
GIG-10513,Porter,Tier 2,24855.28,0.194,7.05,40,0.816,4.01,0.138,0.408,0.327,13,1,561,51000,High Risk,0.2441
GIG-10514,Blinkit,Tier 2,15951.29,0.377,13.2,43,0.935,4.3,0.279,0.439,0.18,49,0,629,37000,High Risk,0.3222
GIG-10515,Blinkit,Tier 3,22966.3,0.558,12.29,31,0.964,4.12,0.393,0.697,0.02,41,0,616,52000,High Risk,0.3197
GIG-10516,Swiggy,Tier 1,17311.98,0.436,14.76,33,0.922,3.83,0.13,0.464,0.327,12,1,586,37000,High Risk,0.2713
GIG-10517,Uber,Tier 3,39193.82,0.778,7.63,27,0.874,4.15,0.147,0.587,0.195,6,0,692,99000,Moderate Risk,0.1067
GIG-10518,Swiggy,Tier 2,24348.77,0.619,-14.65,30,0.787,4.24,0.286,0.524,0.069,31,0,613,55000,High Risk,0.3394
GIG-10519,Zepto,Tier 2,23220.17,0.576,-3.64,40,0.929,4.29,0.163,0.304,0.402,41,0,632,54000,High Risk,0.2671
GIG-10520,Porter,Tier 2,36482.31,0.722,23.71,36,0.835,3.52,0.276,0.542,0.036,20,0,723,97000,Moderate Risk,0.1342
GIG-10521,Ola,Tier 3,20051.26,0.193,21.93,45,0.886,3.6,0.337,0.622,0.02,10,0,579,43000,High Risk,0.319
GIG-10522,Blinkit,Tier 2,26567.53,0.644,15.95,36,0.826,4.08,0.38,0.59,0.02,10,0,622,61000,High Risk,0.1852
GIG-10523,Urban Company,Tier 3,20809.6,0.154,4.53,47,0.797,3.63,0.297,0.54,0.071,46,0,544,42000,Very High Risk,0.5316
GIG-10524,Porter,Tier 3,22614.52,0.131,-2.2,33,0.824,4.23,0.126,0.569,0.203,45,1,533,44000,Very High Risk,0.6293
GIG-10525,Urban Company,Tier 1,24270.49,0.496,8.92,28,0.866,4.9,0.158,0.689,0.08,17,1,582,52000,High Risk,0.3216
GIG-10526,Zepto,Tier 3,24746.65,0.764,22.51,44,0.798,4.49,0.389,0.323,0.224,6,0,666,60000,Moderate Risk,0.071
GIG-10527,Zomato,Tier 1,17427.55,0.188,3.65,28,0.988,4.52,0.372,0.466,0.035,22,0,545,35000,Very High Risk,0.4967
GIG-10528,Ola,Tier 1,25457.68,0.204,-12.94,55,0.901,4.01,0.145,0.697,0.095,51,0,549,51000,Very High Risk,0.5811
GIG-10529,Urban Company,Tier 2,33620.27,0.893,20.98,38,0.887,4.9,0.133,0.501,0.258,23,2,670,83000,Moderate Risk,0.1283
GIG-10530,Swiggy,Tier 1,23252.64,0.528,6.95,50,0.872,3.57,0.396,0.488,0.063,34,0,583,50000,High Risk,0.1929
GIG-10531,Zepto,Tier 1,27587.66,0.52,8.0,47,0.909,3.52,0.329,0.467,0.097,11,0,626,63000,High Risk,0.1768
GIG-10532,Zepto,Tier 3,26121.88,0.438,-9.02,65,0.787,3.97,0.363,0.576,0.02,48,0,564,54000,High Risk,0.2045
GIG-10533,Ola,Tier 3,25617.07,0.333,-2.51,46,0.978,4.04,0.394,0.612,0.02,38,0,589,55000,High Risk,0.2757
GIG-10534,Blinkit,Tier 1,38723.25,0.757,1.91,49,0.798,4.21,0.274,0.632,0.02,28,0,666,95000,Moderate Risk,0.1092
GIG-10535,Zomato,Tier 2,28261.11,0.283,4.44,47,0.828,3.75,0.32,0.544,0.022,4,0,572,59000,High Risk,0.2127
GIG-10536,Porter,Tier 1,34910.97,0.599,12.66,40,0.944,4.88,0.194,0.531,0.198,58,1,653,84000,Moderate Risk,0.0871
GIG-10537,Blinkit,Tier 3,27257.0,0.781,0.51,51,0.889,4.17,0.123,0.523,0.238,30,0,688,69000,Moderate Risk,0.0653
GIG-10538,Zepto,Tier 3,40869.71,0.878,21.06,24,0.849,4.57,0.313,0.433,0.129,43,0,755,113000,Low Risk,0.0105
GIG-10539,Zepto,Tier 2,44478.76,0.399,-10.12,50,0.823,4.0,0.263,0.418,0.218,10,0,666,109000,Moderate Risk,0.0949
GIG-10540,Zepto,Tier 1,29596.06,0.073,32.11,44,0.84,4.04,0.145,0.321,0.459,23,0,659,72000,Moderate Risk,0.0818
GIG-10541,Uber,Tier 3,25617.63,0.249,15.97,24,0.804,4.98,0.248,0.439,0.192,32,0,627,59000,High Risk,0.2939
GIG-10542,Blinkit,Tier 1,37979.08,0.531,0.22,44,0.863,4.35,0.406,0.507,0.02,30,0,633,88000,High Risk,0.2651
GIG-10543,Swiggy,Tier 1,26523.59,0.349,9.11,50,0.862,4.25,0.259,0.401,0.239,30,0,619,60000,High Risk,0.2534
GIG-10544,Zepto,Tier 3,40253.14,0.904,-3.77,51,0.851,4.2,0.219,0.602,0.096,8,0,706,104000,Moderate Risk,0.0781
GIG-10545,Zepto,Tier 2,27541.84,0.07,6.24,63,0.963,3.93,0.146,0.675,0.091,50,0,557,56000,High Risk,0.2932
GIG-10546,Blinkit,Tier 1,36488.69,0.81,12.3,35,0.978,4.28,0.282,0.484,0.151,24,0,711,95000,Moderate Risk,0.135
GIG-10547,Uber,Tier 1,28267.55,0.75,4.1,49,0.906,4.55,0.405,0.398,0.072,35,0,671,70000,Moderate Risk,0.1042
GIG-10548,Swiggy,Tier 3,22131.65,0.091,-7.91,40,0.982,4.26,0.34,0.464,0.11,35,0,551,45000,High Risk,0.2587
GIG-10549,Ola,Tier 2,11000.0,0.184,21.39,55,0.864,4.85,0.311,0.608,0.02,25,3,437,18000,Very High Risk,0.4185
GIG-10550,Uber,Tier 1,30306.01,0.811,-3.54,38,0.829,4.68,0.289,0.302,0.316,9,0,703,78000,Moderate Risk,0.1162
GIG-10551,Uber,Tier 2,22103.77,0.419,9.37,49,0.8,4.59,0.408,0.571,0.02,15,2,541,44000,Very High Risk,0.522
GIG-10552,Uber,Tier 3,18321.5,0.682,3.53,38,0.785,3.99,0.281,0.664,0.02,12,0,615,41000,High Risk,0.2564
GIG-10553,Swiggy,Tier 1,21325.83,0.514,2.42,53,0.935,4.2,0.157,0.671,0.077,52,0,610,48000,High Risk,0.1701
GIG-10554,Porter,Tier 2,27821.05,0.687,15.75,55,0.883,4.85,0.267,0.48,0.183,51,0,694,71000,Moderate Risk,0.0799
GIG-10555,Porter,Tier 3,24648.29,0.675,9.95,39,0.807,4.17,0.272,0.575,0.04,59,1,597,54000,High Risk,0.206
GIG-10556,Blinkit,Tier 3,27250.7,0.416,-6.18,60,0.931,4.0,0.207,0.516,0.225,23,0,620,62000,High Risk,0.2943
GIG-10557,Uber,Tier 2,27058.66,0.319,5.66,29,0.895,4.3,0.29,0.679,0.02,7,1,542,54000,Very High Risk,0.5283
GIG-10558,Porter,Tier 2,24288.42,0.246,13.52,35,0.815,4.02,0.199,0.44,0.24,43,0,598,53000,High Risk,0.311
GIG-10559,Urban Company,Tier 2,29011.67,0.8,7.7,53,0.87,3.77,0.403,0.602,0.02,40,0,659,70000,Moderate Risk,0.1213
GIG-10560,Zomato,Tier 2,35544.41,0.893,7.09,45,0.845,4.18,0.322,0.517,0.027,35,1,655,85000,Moderate Risk,0.1121
GIG-10561,Swiggy,Tier 2,31176.37,0.842,10.32,49,0.814,4.76,0.326,0.508,0.033,32,0,681,78000,Moderate Risk,0.1004
GIG-10562,Porter,Tier 1,20949.48,0.59,-1.3,50,0.791,4.79,0.143,0.399,0.338,6,0,654,50000,Moderate Risk,0.0609
GIG-10563,Blinkit,Tier 2,33595.71,0.956,2.24,27,0.895,4.9,0.42,0.394,0.063,7,0,688,85000,Moderate Risk,0.0618
GIG-10564,Swiggy,Tier 3,11000.0,0.111,1.73,33,0.829,4.29,0.18,0.503,0.251,41,0,544,22000,Very High Risk,0.5191
GIG-10565,Zepto,Tier 2,30351.6,0.845,13.07,45,0.895,4.36,0.24,0.68,0.02,40,0,684,76000,Moderate Risk,0.1263
GIG-10566,Zomato,Tier 2,37346.92,0.614,-5.56,34,0.932,3.84,0.12,0.586,0.227,54,0,656,90000,Moderate Risk,0.0981
GIG-10567,Ola,Tier 2,17216.03,0.121,-5.08,48,0.82,4.77,0.197,0.452,0.214,41,0,581,37000,High Risk,0.1539
GIG-10568,Porter,Tier 3,19115.3,0.19,-17.46,46,0.878,4.52,0.385,0.383,0.09,12,1,474,33000,Very High Risk,0.3982
GIG-10569,Zomato,Tier 2,25503.42,0.772,5.23,22,0.789,4.02,0.174,0.559,0.171,9,0,677,63000,Moderate Risk,0.0772
GIG-10570,Blinkit,Tier 3,27292.8,0.637,-1.67,22,0.799,4.4,0.206,0.364,0.326,8,0,672,67000,Moderate Risk,0.1099
GIG-10571,Uber,Tier 1,24281.86,0.6,-11.23,35,0.908,4.89,0.322,0.33,0.252,18,1,589,52000,High Risk,0.3189
GIG-10572,Porter,Tier 2,32712.19,0.925,5.88,40,0.819,4.01,0.224,0.488,0.205,36,0,719,86000,Moderate Risk,0.0693
GIG-10573,Uber,Tier 2,27680.59,0.434,24.29,45,0.903,4.73,0.142,0.576,0.179,26,0,689,70000,Moderate Risk,0.1313
GIG-10574,Urban Company,Tier 2,15795.06,0.602,-10.33,33,0.931,4.6,0.135,0.388,0.4,29,0,634,37000,High Risk,0.2211
GIG-10575,Blinkit,Tier 3,18200.0,0.228,-9.9,38,0.859,4.24,0.223,0.397,0.29,41,0,560,37000,High Risk,0.1588
GIG-10576,Zomato,Tier 3,32046.99,0.742,11.63,36,0.927,3.86,0.391,0.342,0.119,44,1,631,74000,High Risk,0.2945
GIG-10577,Blinkit,Tier 1,29357.98,0.571,-1.74,59,0.849,4.38,0.382,0.319,0.21,24,0,631,68000,High Risk,0.283
GIG-10578,Swiggy,Tier 3,30539.35,0.754,1.25,44,0.882,4.24,0.216,0.353,0.343,46,0,698,78000,Moderate Risk,0.1072
GIG-10579,Zepto,Tier 2,39960.24,0.82,6.09,29,0.898,4.9,0.179,0.557,0.132,19,0,711,104000,Moderate Risk,0.0631
GIG-10580,Uber,Tier 2,20897.15,0.698,14.65,52,0.876,4.53,0.236,0.364,0.31,8,0,654,50000,Moderate Risk,0.1007
GIG-10581,Uber,Tier 2,28715.16,0.267,-3.75,29,0.955,4.93,0.252,0.457,0.156,22,0,582,61000,High Risk,0.2987
GIG-10582,Zepto,Tier 1,30355.14,0.817,13.93,51,0.853,3.76,0.121,0.48,0.314,41,0,719,80000,Moderate Risk,0.0806
GIG-10583,Swiggy,Tier 2,25680.15,0.642,-2.71,39,0.931,4.64,0.259,0.586,0.031,38,0,622,59000,High Risk,0.1751
GIG-10584,Zepto,Tier 3,23775.51,0.555,11.18,59,0.924,3.53,0.214,0.555,0.18,53,0,639,56000,High Risk,0.2031
GIG-10585,Blinkit,Tier 1,34805.76,0.731,3.05,50,0.802,4.23,0.351,0.389,0.183,45,0,690,88000,Moderate Risk,0.0718
GIG-10586,Swiggy,Tier 3,29070.31,0.296,-2.14,56,0.817,4.12,0.358,0.486,0.052,45,4,423,45000,Very High Risk,0.4842
GIG-10587,Zepto,Tier 3,16549.16,0.757,2.71,46,0.824,4.24,0.126,0.401,0.371,26,0,674,41000,Moderate Risk,0.1059
GIG-10588,Zomato,Tier 2,14155.95,0.339,-1.31,50,0.807,4.5,0.288,0.616,0.02,22,0,557,29000,High Risk,0.1726
GIG-10589,Uber,Tier 1,30535.62,0.567,12.97,61,0.877,4.04,0.226,0.555,0.094,24,0,652,73000,Moderate Risk,0.1233
GIG-10590,Porter,Tier 1,16628.28,0.915,13.91,42,0.814,4.97,0.156,0.306,0.399,17,0,740,45000,Low Risk,0.0444
GIG-10591,Uber,Tier 1,32819.79,0.613,17.08,27,0.886,4.46,0.412,0.322,0.159,7,1,620,75000,High Risk,0.2621
GIG-10592,Urban Company,Tier 1,27708.99,0.269,-8.4,41,0.971,3.76,0.206,0.507,0.211,35,0,569,58000,High Risk,0.1616
GIG-10593,Zomato,Tier 3,29535.12,0.735,-14.73,54,0.977,3.58,0.322,0.657,0.02,24,0,625,68000,High Risk,0.1669
GIG-10594,Uber,Tier 3,20113.52,0.373,14.63,56,0.954,3.56,0.127,0.449,0.359,27,0,627,46000,High Risk,0.319
GIG-10595,Uber,Tier 1,33956.69,0.306,-11.81,40,0.963,4.4,0.304,0.513,0.124,14,0,591,74000,High Risk,0.1506
GIG-10596,Uber,Tier 3,25440.19,0.307,8.6,50,0.977,3.58,0.124,0.565,0.232,31,0,592,55000,High Risk,0.2523
GIG-10597,Zomato,Tier 2,20912.23,0.928,-1.87,39,0.853,4.6,0.347,0.567,0.02,26,0,645,49000,Moderate Risk,0.104
GIG-10598,Ola,Tier 2,49708.96,0.917,-0.82,48,0.794,4.94,0.407,0.324,0.175,42,0,765,139000,Low Risk,0.048
GIG-10599,Urban Company,Tier 3,27543.51,0.073,-13.94,51,0.842,3.55,0.365,0.48,0.072,53,0,513,52000,Very High Risk,0.6516
GIG-10600,Porter,Tier 1,29277.28,0.193,8.89,33,0.88,4.78,0.13,0.558,0.186,37,1,582,62000,High Risk,0.3356
GIG-10601,Ola,Tier 2,32518.31,0.967,1.31,42,0.835,3.76,0.129,0.664,0.156,54,0,707,84000,Moderate Risk,0.1138
GIG-10602,Porter,Tier 1,34140.72,0.382,-4.06,46,0.974,3.71,0.187,0.523,0.164,26,0,611,76000,High Risk,0.3308
GIG-10603,Porter,Tier 2,38881.35,0.988,6.49,60,0.847,3.88,0.131,0.533,0.263,52,0,763,109000,Low Risk,0.0401
GIG-10604,Urban Company,Tier 2,36929.07,0.809,-9.16,54,0.986,3.91,0.181,0.477,0.286,35,3,576,78000,High Risk,0.2812
GIG-10605,Zepto,Tier 1,44795.26,0.687,19.92,40,0.828,3.83,0.168,0.449,0.248,55,1,706,116000,Moderate Risk,0.1177
GIG-10606,Ola,Tier 3,13917.9,0.333,-4.88,52,0.835,4.26,0.216,0.367,0.341,11,0,586,30000,High Risk,0.1688
GIG-10607,Urban Company,Tier 1,43114.23,0.615,9.59,42,0.931,3.61,0.366,0.497,0.02,44,0,669,106000,Moderate Risk,0.0968
GIG-10608,Porter,Tier 2,17452.65,0.583,4.67,39,0.974,4.09,0.307,0.612,0.02,38,0,594,38000,High Risk,0.3277
GIG-10609,Swiggy,Tier 3,36247.35,0.814,-9.41,40,0.829,4.83,0.37,0.521,0.02,57,0,678,90000,Moderate Risk,0.07
GIG-10610,Swiggy,Tier 2,26424.59,0.152,-6.42,45,0.888,3.86,0.175,0.326,0.373,8,0,609,59000,High Risk,0.2859
GIG-10611,Uber,Tier 2,34282.76,0.551,16.98,44,0.964,3.75,0.161,0.552,0.207,31,0,672,84000,Moderate Risk,0.1343
GIG-10612,Uber,Tier 2,30964.79,0.708,-7.93,45,0.844,3.98,0.168,0.382,0.321,8,0,672,76000,Moderate Risk,0.1381
GIG-10613,Ola,Tier 2,25694.75,0.284,10.49,57,0.846,4.3,0.147,0.572,0.158,59,3,506,48000,Very High Risk,0.6287
GIG-10614,Blinkit,Tier 1,31194.16,0.805,4.17,56,0.948,4.36,0.352,0.433,0.082,29,0,651,74000,Moderate Risk,0.098
GIG-10615,Zomato,Tier 2,29881.08,0.286,11.6,43,0.782,4.37,0.27,0.649,0.023,35,0,623,68000,High Risk,0.3385
GIG-10616,Blinkit,Tier 1,37795.11,0.556,-6.57,25,0.986,3.63,0.397,0.492,0.02,27,1,554,77000,High Risk,0.2319
GIG-10617,Swiggy,Tier 2,12543.48,0.532,3.28,35,0.801,4.42,0.163,0.509,0.277,17,0,620,29000,High Risk,0.3457
GIG-10618,Zomato,Tier 2,44198.95,0.563,13.79,35,0.971,3.85,0.392,0.424,0.036,9,0,671,109000,Moderate Risk,0.0982
GIG-10619,Blinkit,Tier 1,42660.49,0.902,0.06,30,0.829,4.23,0.382,0.585,0.02,11,0,683,107000,Moderate Risk,0.1229
GIG-10620,Zomato,Tier 2,32093.85,0.907,6.82,34,0.81,4.54,0.392,0.474,0.035,56,2,573,67000,High Risk,0.2657
GIG-10621,Porter,Tier 3,51942.48,0.615,-3.08,42,0.913,4.8,0.386,0.683,0.02,56,0,702,134000,Moderate Risk,0.0893
GIG-10622,Uber,Tier 3,24507.47,0.439,-27.42,47,0.989,4.23,0.174,0.505,0.19,33,1,543,49000,Very High Risk,0.4464
GIG-10623,Porter,Tier 3,35572.62,0.748,25.98,50,0.895,3.58,0.344,0.502,0.039,3,0,668,87000,Moderate Risk,0.0823
GIG-10624,Swiggy,Tier 1,27741.18,0.375,11.12,29,0.908,3.73,0.358,0.614,0.02,19,0,587,60000,High Risk,0.2337
GIG-10625,Ola,Tier 1,29918.98,0.133,15.99,38,0.956,3.98,0.372,0.341,0.153,38,0,597,65000,High Risk,0.2444
GIG-10626,Zepto,Tier 1,22608.42,0.252,-15.45,39,0.926,4.62,0.376,0.689,0.02,52,0,566,47000,High Risk,0.2452
GIG-10627,Urban Company,Tier 1,20280.85,0.125,12.16,75,0.89,4.94,0.393,0.365,0.155,22,0,599,45000,High Risk,0.2548
GIG-10628,Swiggy,Tier 1,23625.73,0.539,-0.19,62,0.842,3.57,0.266,0.442,0.217,18,0,604,52000,High Risk,0.1599
GIG-10629,Zepto,Tier 3,34341.69,0.665,8.11,34,0.815,4.28,0.297,0.419,0.23,53,0,701,88000,Moderate Risk,0.0945
GIG-10630,Porter,Tier 1,22953.43,0.945,6.52,34,0.849,4.15,0.314,0.498,0.076,10,0,686,58000,Moderate Risk,0.1027
GIG-10631,Porter,Tier 3,36219.83,0.749,9.59,59,0.795,4.82,0.129,0.599,0.146,37,2,625,83000,High Risk,0.2356
GIG-10632,Zomato,Tier 3,23269.56,0.3,7.42,36,0.935,4.64,0.392,0.464,0.02,35,1,527,45000,Very High Risk,0.508
GIG-10633,Ola,Tier 3,24056.65,0.872,-4.69,45,0.96,3.96,0.411,0.347,0.096,12,0,654,58000,Moderate Risk,0.0947
GIG-10634,Urban Company,Tier 2,31690.91,0.644,-4.7,31,0.97,4.83,0.413,0.661,0.02,3,1,593,69000,High Risk,0.2445
GIG-10635,Blinkit,Tier 1,27871.57,0.311,5.74,45,0.809,4.65,0.308,0.464,0.153,39,1,576,59000,High Risk,0.2719
GIG-10636,Zepto,Tier 1,42663.6,0.857,11.55,47,0.865,3.81,0.315,0.648,0.02,45,1,681,107000,Moderate Risk,0.0712
GIG-10637,Swiggy,Tier 3,29888.34,0.412,0.37,34,0.841,4.41,0.391,0.685,0.02,26,1,534,59000,Very High Risk,0.5384
GIG-10638,Swiggy,Tier 3,29007.69,0.59,8.96,43,0.873,4.62,0.345,0.406,0.142,37,1,622,66000,High Risk,0.1929
GIG-10639,Zomato,Tier 2,27698.5,0.437,-14.65,56,0.976,4.14,0.282,0.478,0.134,58,0,622,63000,High Risk,0.1778
GIG-10640,Porter,Tier 1,17400.67,0.244,-0.5,39,0.783,4.64,0.383,0.546,0.02,43,0,560,36000,High Risk,0.1995
GIG-10641,Zepto,Tier 2,27739.97,0.154,13.14,35,0.794,4.91,0.178,0.653,0.038,19,3,493,50000,Very High Risk,0.486
GIG-10642,Zomato,Tier 2,26629.73,0.568,6.88,36,0.912,4.3,0.319,0.346,0.229,53,0,637,62000,High Risk,0.1522
GIG-10643,Swiggy,Tier 2,23001.32,0.703,8.38,51,0.863,4.05,0.257,0.371,0.259,18,0,671,57000,Moderate Risk,0.1088
GIG-10644,Swiggy,Tier 3,32792.32,0.708,-1.58,39,0.815,4.65,0.189,0.511,0.205,50,0,678,82000,Moderate Risk,0.0941
GIG-10645,Blinkit,Tier 1,27740.15,0.318,-5.86,50,0.938,4.0,0.333,0.319,0.257,5,0,606,62000,High Risk,0.2762
GIG-10646,Blinkit,Tier 3,22932.37,0.052,23.95,42,0.871,3.8,0.184,0.302,0.434,24,0,608,51000,High Risk,0.3418
GIG-10647,Uber,Tier 3,32748.32,0.802,16.49,38,0.851,4.71,0.159,0.369,0.388,32,0,766,92000,Low Risk,0.0139
GIG-10648,Porter,Tier 3,22382.0,0.625,-3.82,30,0.943,4.38,0.313,0.603,0.022,14,1,574,47000,High Risk,0.3279
GIG-10649,Uber,Tier 1,41580.99,0.523,8.9,37,0.886,3.54,0.397,0.641,0.02,48,0,634,97000,High Risk,0.2011
GIG-10650,Porter,Tier 1,20982.24,0.477,1.48,66,0.959,4.2,0.381,0.417,0.139,21,1,569,44000,High Risk,0.3376
GIG-10651,Ola,Tier 1,29667.94,0.494,-1.67,53,0.897,4.55,0.16,0.626,0.103,53,2,531,58000,Very High Risk,0.5322
GIG-10652,Ola,Tier 1,25528.05,0.034,-11.19,51,0.971,3.95,0.255,0.518,0.167,23,2,435,41000,Very High Risk,0.4917
GIG-10653,Urban Company,Tier 3,26325.0,0.189,13.47,39,0.797,4.77,0.148,0.634,0.132,28,0,607,59000,High Risk,0.2125
GIG-10654,Porter,Tier 2,25510.23,0.694,-9.21,62,0.879,4.11,0.373,0.392,0.184,5,0,633,59000,High Risk,0.3218
GIG-10655,Ola,Tier 2,26665.48,0.745,-11.87,54,0.785,4.61,0.184,0.634,0.09,25,0,625,61000,High Risk,0.305
GIG-10656,Zomato,Tier 3,23657.06,0.175,20.15,56,0.845,3.97,0.222,0.572,0.15,24,2,515,45000,Very High Risk,0.436
GIG-10657,Urban Company,Tier 1,23071.43,0.217,0.58,53,0.89,4.22,0.226,0.657,0.05,54,0,593,50000,High Risk,0.1889
GIG-10658,Blinkit,Tier 2,35188.4,0.8,1.44,61,0.977,4.59,0.257,0.528,0.096,59,0,684,88000,Moderate Risk,0.084
GIG-10659,Zepto,Tier 3,34877.05,0.66,15.91,44,0.855,4.87,0.33,0.403,0.161,31,0,704,90000,Moderate Risk,0.0852
GIG-10660,Zepto,Tier 2,19617.52,0.486,25.37,46,0.982,3.88,0.382,0.67,0.02,14,2,532,38000,Very High Risk,0.5989
GIG-10661,Porter,Tier 3,27043.53,0.099,3.82,60,0.948,4.9,0.303,0.402,0.153,34,1,531,53000,Very High Risk,0.5553
GIG-10662,Blinkit,Tier 3,31781.99,0.549,-3.74,30,0.815,3.53,0.16,0.562,0.148,20,3,467,54000,Very High Risk,0.4778
GIG-10663,Swiggy,Tier 3,33154.48,0.606,13.21,47,0.787,3.63,0.135,0.434,0.33,30,0,694,84000,Moderate Risk,0.0814
GIG-10664,Swiggy,Tier 2,26137.66,0.468,-13.8,38,0.952,4.97,0.219,0.453,0.216,41,0,615,59000,High Risk,0.2284
GIG-10665,Uber,Tier 3,29048.95,0.475,6.37,44,0.879,3.97,0.33,0.631,0.02,21,3,471,50000,Very High Risk,0.4527
GIG-10666,Blinkit,Tier 1,30673.26,0.839,7.94,26,0.918,4.45,0.183,0.312,0.412,8,0,736,83000,Moderate Risk,0.1301
GIG-10667,Blinkit,Tier 3,28419.66,0.317,1.05,59,0.784,4.57,0.371,0.46,0.074,21,1,530,55000,Very High Risk,0.6237
GIG-10668,Urban Company,Tier 2,20104.39,0.327,7.25,47,0.987,4.64,0.403,0.386,0.084,41,0,597,44000,High Risk,0.2842
GIG-10669,Zepto,Tier 1,11082.45,0.589,18.19,39,0.978,3.77,0.319,0.569,0.037,47,0,613,25000,High Risk,0.317
GIG-10670,Porter,Tier 2,22007.03,0.709,4.7,46,0.926,4.89,0.286,0.54,0.026,31,0,647,52000,Moderate Risk,0.0625
GIG-10671,Zomato,Tier 3,31876.73,0.634,-7.29,54,0.914,4.4,0.166,0.383,0.339,58,0,685,80000,Moderate Risk,0.0862
GIG-10672,Blinkit,Tier 3,23893.37,0.511,19.2,50,0.969,4.85,0.353,0.391,0.204,30,0,668,59000,Moderate Risk,0.1129
GIG-10673,Urban Company,Tier 3,22068.01,0.583,-2.19,44,0.864,4.63,0.395,0.465,0.048,53,0,630,51000,High Risk,0.2719
GIG-10674,Zomato,Tier 1,25747.77,0.576,15.58,45,0.877,3.91,0.189,0.65,0.094,45,0,654,62000,Moderate Risk,0.0979
GIG-10675,Zepto,Tier 2,22812.25,0.334,10.52,48,0.969,3.99,0.406,0.31,0.196,35,1,541,45000,Very High Risk,0.4629
GIG-10676,Uber,Tier 1,20463.02,0.073,-5.58,51,0.976,3.89,0.165,0.336,0.393,12,0,561,42000,High Risk,0.2063
GIG-10677,Porter,Tier 1,21875.11,0.528,-2.38,25,0.928,4.37,0.215,0.522,0.14,11,0,615,49000,High Risk,0.1764
GIG-10678,Swiggy,Tier 1,25803.38,0.134,-5.04,46,0.785,3.58,0.406,0.357,0.116,52,0,538,51000,Very High Risk,0.5181
GIG-10679,Blinkit,Tier 2,20106.73,0.301,6.32,50,0.902,3.84,0.134,0.678,0.107,27,0,571,42000,High Risk,0.2632
GIG-10680,Zomato,Tier 3,32115.02,0.734,-6.63,41,0.86,4.79,0.229,0.681,0.02,12,0,660,78000,Moderate Risk,0.0914
GIG-10681,Porter,Tier 2,26172.22,0.537,6.37,47,0.904,4.64,0.249,0.603,0.061,26,0,626,60000,High Risk,0.3463
GIG-10682,Porter,Tier 1,40836.22,0.815,1.93,58,0.973,4.17,0.343,0.487,0.097,39,0,715,107000,Moderate Risk,0.1084
GIG-10683,Uber,Tier 3,24440.43,0.115,3.7,44,0.816,4.47,0.304,0.615,0.02,26,1,495,44000,Very High Risk,0.5455
GIG-10684,Zepto,Tier 2,37461.71,0.883,8.05,56,0.82,4.36,0.272,0.459,0.207,44,0,698,96000,Moderate Risk,0.134
GIG-10685,Urban Company,Tier 1,22122.05,0.701,17.71,46,0.857,3.65,0.322,0.303,0.277,10,0,670,54000,Moderate Risk,0.0972
GIG-10686,Zomato,Tier 3,28365.78,0.236,7.17,47,0.842,4.31,0.187,0.478,0.237,14,1,569,59000,High Risk,0.1535
GIG-10687,Porter,Tier 3,35174.38,0.678,6.7,44,0.801,4.13,0.212,0.662,0.02,27,0,666,86000,Moderate Risk,0.0869
GIG-10688,Swiggy,Tier 2,22414.24,0.361,9.56,41,0.792,3.82,0.42,0.473,0.02,52,0,598,49000,High Risk,0.2129
GIG-10689,Urban Company,Tier 3,33798.63,0.6,-6.96,47,0.865,4.01,0.24,0.604,0.058,31,2,529,66000,Very High Risk,0.6276
GIG-10690,Ola,Tier 3,14686.33,0.444,11.97,41,0.922,4.0,0.283,0.636,0.02,21,0,564,30000,High Risk,0.1584
GIG-10691,Porter,Tier 1,18163.79,0.521,-9.17,59,0.81,4.55,0.376,0.574,0.02,10,0,579,39000,High Risk,0.3013
GIG-10692,Uber,Tier 1,22167.71,0.339,1.76,70,0.929,4.73,0.156,0.624,0.122,31,0,607,49000,High Risk,0.2348
GIG-10693,Uber,Tier 3,33453.07,0.611,10.98,57,0.961,4.72,0.157,0.639,0.113,31,0,712,87000,Moderate Risk,0.1296
GIG-10694,Swiggy,Tier 3,38592.7,0.709,3.23,36,0.873,3.63,0.206,0.613,0.116,57,0,686,97000,Moderate Risk,0.1334
GIG-10695,Blinkit,Tier 3,35963.32,0.723,2.19,58,0.867,3.57,0.355,0.571,0.02,25,1,619,82000,High Risk,0.2172
GIG-10696,Swiggy,Tier 3,33616.08,0.864,5.45,33,0.956,4.91,0.362,0.451,0.058,37,0,720,89000,Moderate Risk,0.0734
GIG-10697,Urban Company,Tier 2,27238.82,0.426,-1.53,43,0.973,3.71,0.286,0.41,0.247,57,0,611,61000,High Risk,0.1731
GIG-10698,Uber,Tier 3,11000.0,0.272,8.47,59,0.911,4.21,0.24,0.694,0.02,48,0,528,21000,Very High Risk,0.6073
GIG-10699,Uber,Tier 2,24075.1,0.365,4.54,55,0.796,3.76,0.387,0.543,0.02,35,4,366,32000,Very High Risk,0.4864
GIG-10700,Ola,Tier 1,34177.84,0.501,10.33,54,0.955,4.52,0.126,0.435,0.375,15,0,668,84000,Moderate Risk,0.1324
GIG-10701,Uber,Tier 1,35511.66,0.665,0.33,27,0.979,4.19,0.138,0.592,0.187,53,0,678,88000,Moderate Risk,0.0824
GIG-10702,Porter,Tier 1,39748.02,0.874,-7.13,35,0.853,3.72,0.311,0.68,0.02,26,0,668,97000,Moderate Risk,0.1079
GIG-10703,Blinkit,Tier 2,21547.84,0.749,3.33,36,0.805,4.78,0.268,0.529,0.096,54,0,638,50000,High Risk,0.1885
GIG-10704,Uber,Tier 3,23492.91,0.608,11.73,18,0.929,4.42,0.313,0.586,0.022,59,0,615,53000,High Risk,0.2376
GIG-10705,Swiggy,Tier 1,24603.21,0.443,-5.08,36,0.864,4.25,0.363,0.636,0.02,22,0,593,53000,High Risk,0.2889
GIG-10706,Zepto,Tier 3,29297.7,0.088,-4.95,42,0.826,4.96,0.212,0.351,0.332,49,1,552,59000,High Risk,0.2856
GIG-10707,Porter,Tier 3,32274.78,0.366,17.21,47,0.87,4.45,0.365,0.302,0.184,29,0,662,78000,Moderate Risk,0.0976
GIG-10708,Zepto,Tier 3,25348.79,0.51,-4.97,31,0.989,4.97,0.154,0.59,0.201,7,0,618,57000,High Risk,0.1711
GIG-10709,Uber,Tier 2,24408.73,0.106,11.07,37,0.974,4.47,0.251,0.616,0.02,44,0,585,52000,High Risk,0.2179
GIG-10710,Swiggy,Tier 2,27539.59,0.275,5.21,46,0.943,3.64,0.172,0.305,0.414,32,1,568,57000,High Risk,0.2841
GIG-10711,Blinkit,Tier 1,32873.91,0.644,20.46,23,0.946,4.62,0.393,0.306,0.17,59,2,610,74000,High Risk,0.3079
GIG-10712,Uber,Tier 1,28365.03,0.357,6.39,56,0.977,4.69,0.248,0.554,0.062,30,0,622,65000,High Risk,0.1933
GIG-10713,Zomato,Tier 1,23280.68,0.37,-12.8,41,0.806,4.24,0.221,0.418,0.304,36,1,556,47000,High Risk,0.2884
GIG-10714,Uber,Tier 2,41493.21,0.687,20.14,32,0.973,4.85,0.417,0.65,0.02,13,0,711,108000,Moderate Risk,0.1274
GIG-10715,Uber,Tier 2,23736.05,0.502,0.99,51,0.796,3.74,0.236,0.374,0.261,48,0,650,57000,Moderate Risk,0.0675
GIG-10716,Ola,Tier 2,20854.0,0.306,0.95,39,0.837,4.31,0.337,0.697,0.02,36,0,580,44000,High Risk,0.2889
GIG-10717,Urban Company,Tier 1,30337.19,0.759,11.2,35,0.895,4.17,0.383,0.34,0.201,19,1,630,70000,High Risk,0.169
GIG-10718,Ola,Tier 3,20099.36,0.109,3.91,44,0.838,3.71,0.121,0.513,0.305,38,0,586,43000,High Risk,0.2679
GIG-10719,Urban Company,Tier 1,21598.22,0.24,3.34,38,0.831,4.65,0.279,0.671,0.02,43,1,530,42000,Very High Risk,0.5126
GIG-10720,Urban Company,Tier 3,34022.79,0.618,-7.5,41,0.795,4.09,0.293,0.642,0.02,37,0,631,79000,High Risk,0.1621
GIG-10721,Swiggy,Tier 3,31298.85,0.841,-14.63,47,0.964,4.3,0.191,0.64,0.063,44,0,678,78000,Moderate Risk,0.1099
GIG-10722,Uber,Tier 3,36018.15,0.774,7.69,40,0.849,4.46,0.347,0.6,0.02,40,1,624,82000,High Risk,0.2374
GIG-10723,Uber,Tier 1,29404.59,0.167,18.65,43,0.85,4.95,0.379,0.429,0.096,45,0,624,67000,High Risk,0.1798
GIG-10724,Blinkit,Tier 3,27154.26,0.444,-8.47,49,0.911,3.58,0.183,0.33,0.408,5,0,648,65000,Moderate Risk,0.1053
GIG-10725,Zomato,Tier 1,35630.08,0.914,1.03,33,0.817,4.79,0.343,0.564,0.02,5,0,702,92000,Moderate Risk,0.1384
GIG-10726,Urban Company,Tier 3,22853.49,0.675,15.19,44,0.932,3.9,0.366,0.698,0.02,16,0,633,53000,High Risk,0.3104
GIG-10727,Zepto,Tier 3,33370.16,0.913,3.16,48,0.988,4.49,0.259,0.545,0.119,43,0,722,88000,Moderate Risk,0.1086
GIG-10728,Zomato,Tier 2,22337.35,0.453,26.56,41,0.786,3.52,0.159,0.401,0.347,59,0,667,55000,Moderate Risk,0.1077
GIG-10729,Urban Company,Tier 3,21235.58,0.465,12.88,66,0.829,4.01,0.304,0.644,0.02,22,0,582,45000,High Risk,0.3259
GIG-10730,Porter,Tier 1,16844.67,0.437,-4.73,44,0.838,4.82,0.285,0.465,0.193,54,0,612,38000,High Risk,0.2521
GIG-10731,Zepto,Tier 2,40197.11,0.96,-11.92,52,0.874,4.69,0.168,0.417,0.297,32,0,728,107000,Moderate Risk,0.121
GIG-10732,Swiggy,Tier 3,30414.41,0.62,6.85,69,0.988,4.96,0.311,0.477,0.113,6,0,662,74000,Moderate Risk,0.066
GIG-10733,Uber,Tier 2,22463.48,0.636,5.99,36,0.837,4.41,0.413,0.345,0.171,29,0,635,52000,High Risk,0.3484
GIG-10734,Porter,Tier 2,33665.04,0.736,9.2,58,0.846,4.33,0.28,0.629,0.02,16,0,667,82000,Moderate Risk,0.1221
GIG-10735,Blinkit,Tier 3,29816.23,0.325,-5.03,57,0.862,4.6,0.3,0.569,0.042,12,0,566,62000,High Risk,0.303
GIG-10736,Blinkit,Tier 3,22734.59,0.155,-13.83,29,0.988,4.2,0.197,0.656,0.048,23,0,531,44000,Very High Risk,0.681
GIG-10737,Blinkit,Tier 2,21624.11,0.055,5.4,27,0.981,3.76,0.336,0.546,0.02,11,0,545,43000,Very High Risk,0.4333
GIG-10738,Blinkit,Tier 3,18854.44,0.187,9.55,44,0.809,4.37,0.18,0.616,0.076,38,0,574,40000,High Risk,0.3265
GIG-10739,Swiggy,Tier 2,28191.84,0.316,19.61,45,0.812,4.48,0.217,0.436,0.231,18,0,641,66000,Moderate Risk,0.1232
GIG-10740,Porter,Tier 1,30917.01,0.756,-9.6,46,0.95,4.64,0.164,0.486,0.223,20,0,669,76000,Moderate Risk,0.1087
GIG-10741,Porter,Tier 1,29147.34,0.482,-11.43,31,0.84,4.85,0.345,0.326,0.208,12,0,620,66000,High Risk,0.2648
GIG-10742,Swiggy,Tier 1,33074.27,0.802,20.87,53,0.978,4.48,0.381,0.631,0.02,21,0,678,82000,Moderate Risk,0.0725
GIG-10743,Zepto,Tier 3,15619.44,0.857,12.81,53,0.825,4.94,0.163,0.34,0.436,29,0,724,41000,Moderate Risk,0.1225
GIG-10744,Ola,Tier 1,29355.42,0.393,-6.83,43,0.905,3.9,0.314,0.694,0.02,55,1,553,60000,High Risk,0.2625
GIG-10745,Blinkit,Tier 3,11422.92,0.266,-0.1,43,0.805,3.51,0.272,0.699,0.02,49,0,526,22000,Very High Risk,0.6581
GIG-10746,Blinkit,Tier 1,23415.75,0.568,-10.34,36,0.94,4.97,0.353,0.418,0.155,51,0,612,53000,High Risk,0.1773
GIG-10747,Uber,Tier 2,45324.17,0.928,15.14,33,0.825,4.05,0.202,0.335,0.33,35,1,746,124000,Low Risk,0.0188
GIG-10748,Porter,Tier 2,28649.8,0.458,3.44,50,0.823,4.0,0.16,0.33,0.361,59,0,661,69000,Moderate Risk,0.1034
GIG-10749,Urban Company,Tier 2,32843.24,0.913,19.99,48,0.822,4.78,0.216,0.696,0.022,4,0,725,87000,Moderate Risk,0.1234
GIG-10750,Swiggy,Tier 2,18548.17,0.846,-6.09,62,0.783,4.38,0.124,0.3,0.464,35,0,699,48000,Moderate Risk,0.0643
GIG-10751,Porter,Tier 1,19244.05,0.285,-4.57,53,0.799,3.62,0.248,0.678,0.02,16,0,544,38000,Very High Risk,0.5912
GIG-10752,Blinkit,Tier 1,21230.13,0.49,14.7,32,0.909,4.29,0.325,0.555,0.02,6,0,602,47000,High Risk,0.2856
GIG-10753,Urban Company,Tier 2,34366.91,0.586,6.21,38,0.807,4.93,0.363,0.344,0.231,41,0,678,85000,Moderate Risk,0.1033
GIG-10754,Porter,Tier 2,27290.66,0.259,11.88,50,0.825,3.89,0.183,0.606,0.066,37,0,600,60000,High Risk,0.2275
GIG-10755,Zomato,Tier 1,34866.16,0.682,22.47,24,0.897,3.91,0.263,0.488,0.16,30,1,685,88000,Moderate Risk,0.1316
GIG-10756,Uber,Tier 2,19721.84,0.355,8.92,34,0.934,4.77,0.402,0.381,0.136,49,0,612,44000,High Risk,0.265
GIG-10757,Blinkit,Tier 2,26123.94,0.193,22.75,48,0.825,4.57,0.363,0.465,0.047,26,0,619,59000,High Risk,0.3484
GIG-10758,Zomato,Tier 2,34012.99,0.912,10.26,47,0.863,3.77,0.206,0.482,0.233,6,0,739,92000,Moderate Risk,0.0813
GIG-10759,Ola,Tier 2,29531.61,0.508,15.01,40,0.939,3.98,0.151,0.329,0.461,38,0,689,75000,Moderate Risk,0.1203
GIG-10760,Urban Company,Tier 1,24742.43,0.677,14.22,53,0.863,3.81,0.276,0.669,0.02,27,0,629,57000,High Risk,0.2683
GIG-10761,Porter,Tier 3,42356.2,0.492,-5.53,48,0.956,4.89,0.161,0.495,0.268,20,1,628,98000,High Risk,0.3254
GIG-10762,Swiggy,Tier 1,31460.63,0.846,1.96,41,0.919,4.31,0.157,0.345,0.441,9,0,724,84000,Moderate Risk,0.1048
GIG-10763,Zepto,Tier 2,28995.08,0.356,7.62,57,0.844,3.82,0.218,0.551,0.164,53,0,592,63000,High Risk,0.2677
GIG-10764,Blinkit,Tier 3,26502.81,0.376,-8.65,44,0.968,3.87,0.147,0.6,0.185,26,0,610,59000,High Risk,0.2247
GIG-10765,Uber,Tier 1,31673.63,0.647,-7.33,63,0.909,4.63,0.284,0.551,0.021,41,0,656,76000,Moderate Risk,0.1089
GIG-10766,Zepto,Tier 3,20957.47,0.491,3.86,60,0.923,4.83,0.161,0.4,0.335,5,1,577,44000,High Risk,0.2085
GIG-10767,Zomato,Tier 1,22611.68,0.56,25.37,42,0.871,4.33,0.137,0.579,0.229,11,1,624,52000,High Risk,0.2147
GIG-10768,Blinkit,Tier 2,33264.54,0.918,2.2,43,0.781,3.65,0.358,0.685,0.02,36,0,671,82000,Moderate Risk,0.0716
GIG-10769,Porter,Tier 1,18802.07,0.473,4.38,42,0.803,4.02,0.172,0.449,0.287,41,0,633,44000,High Risk,0.2301
GIG-10770,Uber,Tier 2,29872.53,0.393,-6.69,43,0.874,3.91,0.403,0.654,0.02,42,0,570,62000,High Risk,0.3254
GIG-10771,Blinkit,Tier 1,16734.19,0.05,-0.79,67,0.826,3.99,0.408,0.508,0.02,28,0,497,30000,Very High Risk,0.4208
GIG-10772,Urban Company,Tier 3,37223.1,0.754,-1.61,42,0.981,4.14,0.307,0.567,0.021,24,0,673,92000,Moderate Risk,0.1042
GIG-10773,Porter,Tier 3,32950.88,0.632,7.42,43,0.945,4.48,0.275,0.367,0.21,39,0,679,82000,Moderate Risk,0.1299
GIG-10774,Urban Company,Tier 2,20154.7,0.256,7.73,55,0.901,4.7,0.356,0.656,0.02,55,3,439,32000,Very High Risk,0.4918
GIG-10775,Zomato,Tier 2,37573.02,0.655,1.4,30,0.977,4.13,0.228,0.476,0.194,24,0,675,93000,Moderate Risk,0.1254
GIG-10776,Swiggy,Tier 2,39127.96,0.393,-1.63,45,0.816,3.92,0.205,0.569,0.174,40,1,577,83000,High Risk,0.2556
GIG-10777,Urban Company,Tier 3,19167.79,0.485,8.48,55,0.841,4.12,0.332,0.689,0.02,58,0,588,41000,High Risk,0.2961
GIG-10778,Zomato,Tier 3,16019.61,0.109,-0.58,54,0.986,4.55,0.139,0.314,0.48,33,0,595,35000,High Risk,0.1687
GIG-10779,Urban Company,Tier 3,17186.34,0.267,4.86,43,0.785,4.84,0.276,0.33,0.333,53,0,611,39000,High Risk,0.3235
GIG-10780,Ola,Tier 3,30911.77,0.716,3.52,50,0.782,4.52,0.414,0.686,0.02,6,0,681,77000,Moderate Risk,0.1192
GIG-10781,Porter,Tier 1,35517.88,0.762,5.61,48,0.962,4.91,0.323,0.52,0.107,36,0,687,89000,Moderate Risk,0.0804
GIG-10782,Zepto,Tier 1,23836.78,0.411,6.03,42,0.893,4.16,0.31,0.631,0.02,55,0,622,54000,High Risk,0.1854
GIG-10783,Ola,Tier 1,20278.29,0.44,-0.35,45,0.903,3.91,0.13,0.628,0.164,39,1,542,40000,Very High Risk,0.6911
GIG-10784,Swiggy,Tier 1,23041.99,0.832,7.52,50,0.865,4.78,0.174,0.518,0.163,4,0,697,59000,Moderate Risk,0.1271
GIG-10785,Porter,Tier 2,36523.4,0.722,-5.01,52,0.781,4.01,0.411,0.578,0.02,29,0,627,84000,High Risk,0.1713
GIG-10786,Uber,Tier 2,24338.25,0.676,11.17,38,0.93,4.44,0.236,0.664,0.02,47,0,651,58000,Moderate Risk,0.0673
GIG-10787,Ola,Tier 2,15800.12,0.87,10.69,45,0.823,4.47,0.133,0.327,0.435,35,0,737,43000,Moderate Risk,0.0762
GIG-10788,Porter,Tier 3,32485.45,0.532,-2.74,42,0.804,4.58,0.403,0.544,0.02,49,1,574,68000,High Risk,0.333
GIG-10789,Zomato,Tier 3,26826.95,0.601,2.05,38,0.791,4.09,0.177,0.525,0.179,11,0,615,60000,High Risk,0.3183
GIG-10790,Ola,Tier 3,18650.82,0.65,2.28,26,0.8,3.57,0.153,0.375,0.372,23,1,596,41000,High Risk,0.1645
GIG-10791,Porter,Tier 3,36360.45,0.985,6.14,45,0.897,4.72,0.271,0.667,0.02,27,1,669,89000,Moderate Risk,0.0719
GIG-10792,Blinkit,Tier 1,31413.05,0.808,-0.02,54,0.856,4.13,0.415,0.614,0.02,32,0,659,76000,Moderate Risk,0.0787
GIG-10793,Blinkit,Tier 3,40932.17,0.468,2.43,49,0.83,4.53,0.413,0.685,0.02,25,0,642,96000,Moderate Risk,0.0719
GIG-10794,Urban Company,Tier 3,36439.14,0.911,0.09,62,0.873,4.0,0.208,0.385,0.33,33,0,722,96000,Moderate Risk,0.0877
GIG-10795,Ola,Tier 1,21445.27,0.49,21.43,40,0.816,4.39,0.334,0.427,0.135,20,0,625,49000,High Risk,0.2343
GIG-10796,Urban Company,Tier 1,31286.66,0.927,11.12,28,0.829,4.29,0.154,0.52,0.276,22,0,721,83000,Moderate Risk,0.0776
GIG-10797,Urban Company,Tier 3,22353.96,0.312,-9.7,60,0.894,4.87,0.4,0.505,0.02,16,0,582,48000,High Risk,0.1873
GIG-10798,Porter,Tier 2,28012.35,0.727,-9.12,63,0.851,4.35,0.254,0.564,0.127,33,0,654,67000,Moderate Risk,0.0837
GIG-10799,Blinkit,Tier 3,29827.86,0.354,-14.7,60,0.96,3.96,0.238,0.443,0.186,53,0,580,63000,High Risk,0.2117
GIG-10800,Urban Company,Tier 2,33379.14,0.958,6.84,54,0.835,4.78,0.313,0.308,0.257,10,0,735,90000,Moderate Risk,0.1398
GIG-10801,Zepto,Tier 2,24900.07,0.762,-7.64,55,0.814,4.75,0.364,0.491,0.02,55,0,611,56000,High Risk,0.1535
GIG-10802,Blinkit,Tier 1,21753.48,0.546,11.56,49,0.871,4.16,0.213,0.543,0.175,21,0,628,50000,High Risk,0.1848
GIG-10803,Zomato,Tier 2,26508.51,0.272,-7.89,40,0.836,4.01,0.315,0.653,0.02,48,1,478,46000,Very High Risk,0.4013
GIG-10804,Swiggy,Tier 2,21545.84,0.325,10.0,50,0.925,4.79,0.359,0.439,0.075,31,0,592,47000,High Risk,0.2157
GIG-10805,Urban Company,Tier 3,29463.32,0.086,7.86,42,0.859,4.61,0.394,0.602,0.02,33,1,541,58000,Very High Risk,0.4918
GIG-10806,Ola,Tier 1,37680.17,0.694,18.53,42,0.955,3.53,0.154,0.696,0.072,55,3,533,74000,Very High Risk,0.4221
GIG-10807,Urban Company,Tier 3,38398.97,0.511,29.86,41,0.813,4.38,0.195,0.434,0.274,47,0,696,98000,Moderate Risk,0.0674
GIG-10808,Urban Company,Tier 1,22519.85,0.768,7.26,45,0.923,3.85,0.251,0.642,0.04,9,0,645,53000,Moderate Risk,0.0956
GIG-10809,Ola,Tier 1,21195.48,0.655,-2.65,51,0.814,3.58,0.156,0.672,0.067,6,1,547,43000,Very High Risk,0.4731
GIG-10810,Ola,Tier 3,26870.48,0.404,12.8,44,0.834,3.9,0.243,0.397,0.297,17,1,613,60000,High Risk,0.3162
GIG-10811,Zomato,Tier 1,29422.64,0.758,-11.63,30,0.844,4.18,0.196,0.45,0.224,29,1,610,66000,High Risk,0.3248
GIG-10812,Blinkit,Tier 3,12800.31,0.682,10.21,24,0.95,3.82,0.361,0.46,0.11,33,1,568,27000,High Risk,0.1628
GIG-10813,Swiggy,Tier 3,20849.33,0.829,-9.64,41,0.876,4.91,0.375,0.358,0.214,52,2,604,46000,High Risk,0.3061
GIG-10814,Uber,Tier 1,42245.0,0.956,11.39,37,0.842,3.53,0.403,0.368,0.178,38,0,717,111000,Moderate Risk,0.1336
GIG-10815,Uber,Tier 2,16175.98,0.243,3.71,30,0.883,3.53,0.164,0.451,0.267,44,0,595,35000,High Risk,0.3277
GIG-10816,Porter,Tier 2,11516.18,0.281,3.18,35,0.784,3.55,0.265,0.419,0.181,44,0,517,22000,Very High Risk,0.5291
GIG-10817,Ola,Tier 2,18999.23,0.423,26.6,35,0.925,4.26,0.263,0.558,0.073,23,0,647,45000,Moderate Risk,0.1114
GIG-10818,Urban Company,Tier 3,34158.57,0.842,8.9,45,0.856,4.08,0.181,0.328,0.364,6,0,753,94000,Low Risk,0.0288
GIG-10819,Swiggy,Tier 3,35332.54,0.562,3.45,46,0.785,3.63,0.206,0.689,0.02,39,0,631,82000,High Risk,0.213
GIG-10820,Ola,Tier 3,35855.34,0.556,7.9,45,0.841,4.68,0.267,0.316,0.291,50,0,680,89000,Moderate Risk,0.1357
GIG-10821,Zomato,Tier 1,29810.43,0.3,15.0,53,0.885,4.2,0.153,0.524,0.248,29,3,501,55000,Very High Risk,0.4115
GIG-10822,Uber,Tier 1,38647.99,0.655,19.36,47,0.846,3.63,0.259,0.599,0.07,56,0,673,95000,Moderate Risk,0.0872
GIG-10823,Zepto,Tier 2,23244.02,0.444,1.42,48,0.963,3.9,0.144,0.563,0.178,14,0,629,54000,High Risk,0.1926
GIG-10824,Urban Company,Tier 1,35210.37,0.777,8.2,31,0.849,4.71,0.175,0.486,0.288,3,0,724,93000,Moderate Risk,0.0669
GIG-10825,Urban Company,Tier 3,39773.67,0.779,10.67,51,0.949,4.8,0.401,0.462,0.03,41,1,640,93000,Moderate Risk,0.0778
GIG-10826,Swiggy,Tier 2,20838.26,0.266,-3.38,36,0.912,4.63,0.383,0.641,0.02,21,0,557,43000,High Risk,0.3096
GIG-10827,Porter,Tier 3,32196.68,0.855,7.18,42,0.782,3.96,0.172,0.536,0.217,37,0,736,87000,Moderate Risk,0.0697
GIG-10828,Porter,Tier 1,26674.55,0.386,-9.36,50,0.883,3.61,0.13,0.487,0.293,57,0,629,62000,High Risk,0.3426
GIG-10829,Porter,Tier 2,17106.6,0.219,-13.03,45,0.814,4.13,0.159,0.58,0.165,15,0,550,34000,High Risk,0.1693
GIG-10830,Swiggy,Tier 2,28341.58,0.568,-19.92,51,0.845,3.94,0.212,0.654,0.02,13,0,578,60000,High Risk,0.2736
GIG-10831,Porter,Tier 3,34346.1,0.86,2.59,54,0.794,4.26,0.224,0.569,0.062,19,0,719,91000,Moderate Risk,0.0683
GIG-10832,Uber,Tier 1,24333.16,0.463,11.35,34,0.941,4.74,0.208,0.672,0.02,50,0,612,55000,High Risk,0.3426
GIG-10833,Blinkit,Tier 2,29986.44,0.4,5.58,57,0.859,4.86,0.131,0.642,0.154,39,1,604,66000,High Risk,0.3276
GIG-10834,Ola,Tier 1,19414.73,0.671,4.03,52,0.816,3.57,0.194,0.357,0.343,42,0,654,47000,Moderate Risk,0.0886
GIG-10835,Zepto,Tier 2,37434.11,0.71,0.97,60,0.961,3.72,0.204,0.337,0.388,35,0,718,99000,Moderate Risk,0.1319
GIG-10836,Blinkit,Tier 1,11000.0,0.472,10.55,28,0.976,3.55,0.351,0.589,0.02,28,2,476,19000,Very High Risk,0.4295
GIG-10837,Swiggy,Tier 1,40784.89,0.814,9.15,32,0.85,3.51,0.18,0.345,0.341,11,0,718,107000,Moderate Risk,0.0682
GIG-10838,Porter,Tier 2,25120.25,0.537,2.75,55,0.972,4.24,0.24,0.6,0.103,18,0,621,57000,High Risk,0.3081
GIG-10839,Zomato,Tier 2,45369.54,0.601,2.9,48,0.942,3.89,0.183,0.678,0.087,27,3,546,91000,Very High Risk,0.4538
GIG-10840,Ola,Tier 2,25288.26,0.24,17.71,41,0.967,3.86,0.292,0.607,0.022,51,0,569,53000,High Risk,0.1552
GIG-10841,Urban Company,Tier 2,28585.76,0.627,-0.92,42,0.82,4.85,0.126,0.561,0.225,22,0,651,68000,Moderate Risk,0.1278
GIG-10842,Zomato,Tier 2,31602.55,0.834,-24.47,61,0.939,4.8,0.409,0.43,0.031,44,0,615,71000,High Risk,0.2195
GIG-10843,Blinkit,Tier 3,29488.55,0.364,-8.14,47,0.948,4.94,0.184,0.375,0.346,18,0,649,70000,Moderate Risk,0.0913
GIG-10844,Zomato,Tier 3,28423.69,0.475,9.13,45,0.925,4.82,0.33,0.594,0.02,10,0,620,65000,High Risk,0.2626
GIG-10845,Porter,Tier 2,35809.11,0.861,-7.27,49,0.894,3.92,0.217,0.441,0.286,13,3,563,74000,High Risk,0.2242
GIG-10846,Zepto,Tier 3,26619.59,0.079,-1.94,48,0.918,3.91,0.129,0.466,0.312,35,0,565,55000,High Risk,0.2131
GIG-10847,Urban Company,Tier 3,36902.39,0.807,8.35,63,0.879,4.26,0.311,0.564,0.046,10,0,695,94000,Moderate Risk,0.1298
GIG-10848,Urban Company,Tier 2,19886.28,0.204,7.62,54,0.961,3.52,0.152,0.337,0.39,42,0,546,40000,Very High Risk,0.4656
GIG-10849,Ola,Tier 1,24402.8,0.343,1.32,52,0.903,3.61,0.197,0.338,0.383,11,1,583,52000,High Risk,0.2367
GIG-10850,Porter,Tier 1,12380.54,0.477,-1.65,43,0.883,4.7,0.15,0.328,0.457,32,1,597,27000,High Risk,0.2436
GIG-10851,Blinkit,Tier 2,41417.92,0.702,-1.21,66,0.962,4.87,0.127,0.321,0.406,47,0,731,111000,Moderate Risk,0.0695
GIG-10852,Porter,Tier 3,35660.14,0.597,-22.67,57,0.782,3.5,0.149,0.341,0.39,54,0,687,90000,Moderate Risk,0.1316
GIG-10853,Ola,Tier 1,27245.82,0.354,0.09,42,0.939,3.64,0.132,0.601,0.174,46,4,439,44000,Very High Risk,0.3931
GIG-10854,Swiggy,Tier 3,27476.37,0.547,4.04,43,0.954,4.2,0.369,0.592,0.02,31,2,514,52000,Very High Risk,0.3807
GIG-10855,Blinkit,Tier 1,25562.66,0.698,2.11,39,0.819,4.22,0.359,0.528,0.02,39,0,622,58000,High Risk,0.2879
GIG-10856,Swiggy,Tier 1,23267.87,0.775,12.83,52,0.781,4.24,0.331,0.362,0.192,56,0,683,58000,Moderate Risk,0.0745
GIG-10857,Ola,Tier 3,45082.57,0.787,-0.58,39,0.917,4.15,0.353,0.588,0.02,37,0,664,110000,Moderate Risk,0.1302
GIG-10858,Uber,Tier 1,28424.33,0.672,-7.3,37,0.982,4.36,0.416,0.449,0.039,23,0,606,63000,High Risk,0.1866
GIG-10859,Porter,Tier 1,26023.36,0.292,1.66,36,0.8,4.13,0.415,0.432,0.02,46,1,505,48000,Very High Risk,0.6837
GIG-10860,Ola,Tier 3,32951.08,0.827,-2.97,49,0.928,4.63,0.277,0.67,0.02,40,1,631,76000,High Risk,0.2846
GIG-10861,Porter,Tier 1,29068.52,0.463,2.16,50,0.857,3.95,0.123,0.633,0.185,60,0,649,69000,Moderate Risk,0.1003
GIG-10862,Porter,Tier 1,34318.17,0.753,-0.15,46,0.786,3.56,0.304,0.622,0.02,32,0,667,84000,Moderate Risk,0.124
GIG-10863,Uber,Tier 3,17269.92,0.304,12.61,45,0.921,3.65,0.234,0.608,0.037,29,0,578,37000,High Risk,0.2593
GIG-10864,Porter,Tier 3,38640.45,0.858,17.54,33,0.955,4.02,0.24,0.658,0.02,6,0,706,100000,Moderate Risk,0.1365
GIG-10865,Porter,Tier 3,31830.78,0.892,0.01,53,0.983,4.64,0.193,0.316,0.342,54,0,736,86000,Moderate Risk,0.085
GIG-10866,Urban Company,Tier 3,29419.03,0.454,-18.89,42,0.866,3.61,0.242,0.316,0.308,4,0,603,65000,High Risk,0.2157
GIG-10867,Zepto,Tier 2,31040.54,0.758,1.33,41,0.853,4.17,0.345,0.661,0.02,55,0,674,77000,Moderate Risk,0.0626
GIG-10868,Zomato,Tier 3,36088.5,0.701,11.1,41,0.829,4.08,0.171,0.498,0.234,16,2,616,82000,High Risk,0.2367
GIG-10869,Swiggy,Tier 1,25850.58,0.635,-11.79,43,0.89,4.95,0.138,0.495,0.24,30,0,673,64000,Moderate Risk,0.1089
GIG-10870,Blinkit,Tier 3,32218.32,0.546,-11.73,38,0.854,4.28,0.3,0.527,0.058,7,0,589,70000,High Risk,0.1753
GIG-10871,Zomato,Tier 1,32707.49,0.778,-20.94,41,0.932,3.59,0.26,0.631,0.02,33,0,618,74000,High Risk,0.347
GIG-10872,Zomato,Tier 2,30092.95,0.6,6.08,33,0.826,4.21,0.133,0.485,0.29,29,1,633,70000,High Risk,0.221
GIG-10873,Uber,Tier 1,21489.49,0.546,33.34,40,0.799,3.9,0.35,0.641,0.02,52,0,630,50000,High Risk,0.2528
GIG-10874,Zepto,Tier 2,21565.85,0.471,15.62,41,0.86,4.65,0.268,0.656,0.02,60,0,630,50000,High Risk,0.3277
GIG-10875,Zepto,Tier 2,38530.76,0.201,-7.78,47,0.82,4.53,0.301,0.374,0.248,58,0,620,88000,High Risk,0.2898
GIG-10876,Zepto,Tier 2,32058.28,0.81,18.7,52,0.909,4.72,0.284,0.387,0.225,8,0,720,85000,Moderate Risk,0.1158
GIG-10877,Uber,Tier 3,38024.47,0.874,11.85,49,0.849,4.29,0.161,0.515,0.259,58,0,747,104000,Low Risk,0.0359
GIG-10878,Blinkit,Tier 1,27738.97,0.457,10.7,38,0.865,4.79,0.277,0.309,0.292,14,0,655,67000,Moderate Risk,0.0876
GIG-10879,Zepto,Tier 3,31748.19,0.864,-5.83,50,0.844,3.7,0.235,0.381,0.27,11,4,503,59000,Very High Risk,0.555
GIG-10880,Ola,Tier 1,25700.07,0.279,-0.9,43,0.896,3.95,0.28,0.354,0.223,51,1,537,51000,Very High Risk,0.5686
GIG-10881,Zomato,Tier 2,19378.05,0.451,7.52,56,0.889,4.88,0.4,0.688,0.02,32,0,607,43000,High Risk,0.1537
GIG-10882,Zepto,Tier 3,43680.06,0.558,1.86,58,0.804,4.14,0.257,0.52,0.162,27,4,484,78000,Very High Risk,0.5391
GIG-10883,Ola,Tier 1,22983.78,0.424,12.35,54,0.784,4.1,0.398,0.441,0.065,32,3,470,40000,Very High Risk,0.4278
GIG-10884,Blinkit,Tier 1,27335.16,0.495,12.18,44,0.96,4.83,0.407,0.652,0.02,20,0,626,63000,High Risk,0.305
GIG-10885,Ola,Tier 3,30135.81,0.856,12.82,59,0.824,4.74,0.207,0.375,0.327,51,0,751,83000,Low Risk,0.0486
GIG-10886,Swiggy,Tier 1,13925.2,0.486,-11.83,50,0.873,4.16,0.229,0.307,0.362,54,0,577,29000,High Risk,0.1503
GIG-10887,Zepto,Tier 3,19166.84,0.208,-6.06,56,0.875,4.27,0.363,0.471,0.046,52,0,546,38000,Very High Risk,0.502
GIG-10888,Zomato,Tier 1,22658.52,0.582,-7.33,58,0.945,4.04,0.417,0.538,0.02,16,1,547,45000,Very High Risk,0.6082
GIG-10889,Swiggy,Tier 1,21930.68,0.492,16.37,56,0.84,4.35,0.157,0.576,0.144,41,0,646,52000,Moderate Risk,0.1141
GIG-10890,Zomato,Tier 2,20041.35,0.396,-8.0,53,0.907,3.53,0.399,0.574,0.02,41,1,510,37000,Very High Risk,0.4281
GIG-10891,Zomato,Tier 1,19759.31,0.749,14.6,41,0.8,4.67,0.143,0.327,0.426,50,0,740,54000,Low Risk,0.0103
GIG-10892,Zomato,Tier 2,19443.52,0.242,11.09,39,0.795,3.88,0.283,0.596,0.02,31,0,563,40000,High Risk,0.1737
GIG-10893,Ola,Tier 3,23205.15,0.368,5.93,45,0.887,3.89,0.401,0.483,0.053,16,0,592,50000,High Risk,0.1754
GIG-10894,Zomato,Tier 1,51157.47,0.661,9.67,44,0.822,3.68,0.224,0.355,0.271,35,0,748,140000,Low Risk,0.0276
GIG-10895,Urban Company,Tier 1,13311.96,0.255,-0.0,61,0.967,4.74,0.302,0.455,0.143,55,1,529,26000,Very High Risk,0.6584
GIG-10896,Blinkit,Tier 3,26043.0,0.558,-2.6,30,0.814,3.56,0.288,0.518,0.123,41,0,607,58000,High Risk,0.2982
GIG-10897,Blinkit,Tier 1,21522.12,0.698,12.14,56,0.96,4.89,0.294,0.395,0.221,22,1,616,49000,High Risk,0.1602
GIG-10898,Uber,Tier 3,31958.28,0.471,-3.18,46,0.819,3.82,0.197,0.526,0.177,36,0,625,73000,High Risk,0.3235
GIG-10899,Ola,Tier 2,30748.44,0.559,-6.17,54,0.955,3.62,0.352,0.34,0.17,22,0,615,69000,High Risk,0.2233
GIG-10900,Urban Company,Tier 1,45263.77,0.755,17.32,49,0.861,4.2,0.381,0.466,0.05,38,0,717,119000,Moderate Risk,0.1174
GIG-10901,Uber,Tier 3,19877.66,0.167,15.96,44,0.943,3.62,0.387,0.489,0.02,46,0,533,39000,Very High Risk,0.509
GIG-10902,Zepto,Tier 3,33928.79,0.766,5.83,41,0.81,4.9,0.4,0.39,0.099,34,0,687,85000,Moderate Risk,0.0635
GIG-10903,Zomato,Tier 2,34089.39,0.714,-18.12,39,0.805,3.86,0.15,0.623,0.163,44,0,626,78000,High Risk,0.2779
GIG-10904,Zepto,Tier 3,22604.1,0.08,10.43,26,0.921,3.54,0.26,0.323,0.348,23,0,578,48000,High Risk,0.2666
GIG-10905,Zepto,Tier 2,22258.89,0.552,10.1,54,0.968,3.58,0.299,0.528,0.119,12,0,598,49000,High Risk,0.2047
GIG-10906,Urban Company,Tier 2,31479.09,0.367,1.24,47,0.786,3.91,0.201,0.628,0.05,14,3,458,53000,Very High Risk,0.5976
GIG-10907,Porter,Tier 1,41270.96,0.85,5.2,30,0.923,3.87,0.3,0.403,0.214,57,0,675,102000,Moderate Risk,0.0995
GIG-10908,Ola,Tier 2,39707.69,0.736,18.85,48,0.816,3.66,0.345,0.422,0.088,57,0,675,98000,Moderate Risk,0.1019
GIG-10909,Uber,Tier 2,20079.89,0.577,-2.93,63,0.887,3.82,0.286,0.692,0.02,6,0,577,42000,High Risk,0.2257
GIG-10910,Zepto,Tier 2,21432.69,0.669,-8.29,42,0.883,4.09,0.359,0.605,0.02,38,0,600,47000,High Risk,0.3216
GIG-10911,Uber,Tier 2,35114.11,0.838,2.75,41,0.865,4.78,0.402,0.697,0.02,18,0,699,90000,Moderate Risk,0.1314
GIG-10912,Urban Company,Tier 1,24227.4,0.666,3.99,35,0.859,4.35,0.252,0.307,0.292,24,0,675,60000,Moderate Risk,0.0725
GIG-10913,Swiggy,Tier 2,27716.74,0.56,-9.1,45,0.939,4.45,0.397,0.613,0.02,57,1,578,59000,High Risk,0.3165
GIG-10914,Blinkit,Tier 1,37303.81,0.266,9.31,33,0.829,3.62,0.12,0.543,0.251,37,1,588,80000,High Risk,0.2314
GIG-10915,Ola,Tier 1,11000.0,0.082,21.79,21,0.936,4.53,0.387,0.587,0.02,20,0,551,22000,High Risk,0.2883
GIG-10916,Zepto,Tier 3,34956.07,0.886,-8.71,60,0.988,4.21,0.188,0.453,0.244,41,0,709,91000,Moderate Risk,0.128
GIG-10917,Zomato,Tier 1,29294.33,0.181,12.59,37,0.903,4.66,0.344,0.32,0.197,15,0,644,69000,Moderate Risk,0.0735
GIG-10918,Ola,Tier 2,34028.25,0.669,21.76,52,0.89,4.74,0.13,0.407,0.366,16,0,728,91000,Moderate Risk,0.0818
GIG-10919,Blinkit,Tier 2,40466.36,0.521,27.2,43,0.973,4.06,0.35,0.539,0.02,3,0,687,102000,Moderate Risk,0.0639
GIG-10920,Ola,Tier 1,25315.55,0.231,9.64,33,0.923,4.22,0.132,0.562,0.172,50,0,599,56000,High Risk,0.3278
GIG-10921,Swiggy,Tier 3,32020.6,0.481,-0.46,53,0.95,4.86,0.248,0.446,0.176,51,0,664,78000,Moderate Risk,0.0722
GIG-10922,Porter,Tier 1,40013.08,0.629,-4.12,54,0.847,3.96,0.344,0.523,0.02,47,0,658,97000,Moderate Risk,0.0721
GIG-10923,Ola,Tier 2,34517.48,0.981,-5.39,51,0.929,4.88,0.29,0.545,0.108,18,1,675,85000,Moderate Risk,0.1383
GIG-10924,Blinkit,Tier 2,16037.87,0.541,4.24,45,0.888,4.38,0.257,0.436,0.21,27,0,590,35000,High Risk,0.2632
GIG-10925,Porter,Tier 3,21027.28,0.139,-7.58,46,0.952,4.05,0.208,0.631,0.047,44,1,510,39000,Very High Risk,0.6444
GIG-10926,Blinkit,Tier 2,33897.45,0.64,8.31,61,0.98,3.77,0.302,0.385,0.202,19,0,680,85000,Moderate Risk,0.1283
GIG-10927,Blinkit,Tier 3,32701.56,0.807,7.29,31,0.866,4.08,0.363,0.463,0.121,59,0,665,80000,Moderate Risk,0.1351
GIG-10928,Porter,Tier 2,39373.97,0.752,-8.58,44,0.841,4.65,0.388,0.59,0.02,9,0,660,95000,Moderate Risk,0.0971
GIG-10929,Porter,Tier 2,23586.1,0.263,7.4,63,0.888,3.63,0.317,0.664,0.02,16,0,559,48000,High Risk,0.2808
GIG-10930,Blinkit,Tier 2,32256.26,0.797,13.16,56,0.915,3.86,0.127,0.623,0.151,29,0,714,84000,Moderate Risk,0.1335
GIG-10931,Zomato,Tier 3,23587.87,0.283,-1.96,36,0.829,4.26,0.217,0.362,0.326,58,1,576,50000,High Risk,0.1892
GIG-10932,Ola,Tier 3,29500.6,0.641,11.56,52,0.978,4.09,0.182,0.52,0.237,12,0,672,73000,Moderate Risk,0.0689
GIG-10933,Zomato,Tier 2,17567.97,0.43,-2.83,48,0.841,3.69,0.373,0.599,0.02,38,0,556,36000,High Risk,0.3102
GIG-10934,Zepto,Tier 2,31476.98,0.767,10.52,63,0.898,4.59,0.201,0.441,0.221,12,0,734,85000,Moderate Risk,0.14
GIG-10935,Ola,Tier 2,31339.58,0.851,2.26,62,0.848,4.4,0.383,0.654,0.02,17,0,675,78000,Moderate Risk,0.1142
GIG-10936,Zepto,Tier 3,27755.37,0.327,10.06,51,0.877,4.14,0.389,0.415,0.121,56,2,522,53000,Very High Risk,0.4264
GIG-10937,Ola,Tier 2,31774.96,0.879,-1.12,30,0.986,3.86,0.233,0.42,0.286,38,0,719,84000,Moderate Risk,0.1254
GIG-10938,Blinkit,Tier 2,20540.02,0.287,20.4,54,0.822,4.71,0.393,0.625,0.02,51,0,593,45000,High Risk,0.314
GIG-10939,Porter,Tier 3,32669.69,0.695,1.99,40,0.97,3.76,0.325,0.512,0.105,44,0,667,80000,Moderate Risk,0.1166
GIG-10940,Porter,Tier 2,28545.06,0.152,1.05,44,0.824,4.14,0.246,0.318,0.327,13,0,621,65000,High Risk,0.2303
GIG-10941,Blinkit,Tier 1,21796.97,0.484,11.96,37,0.945,4.87,0.233,0.503,0.178,11,0,633,51000,High Risk,0.2356
GIG-10942,Porter,Tier 1,37704.12,0.909,20.12,43,0.915,3.59,0.149,0.315,0.44,59,1,705,97000,Moderate Risk,0.1328
GIG-10943,Zomato,Tier 3,15673.94,0.34,9.47,27,0.793,3.7,0.174,0.553,0.161,5,0,573,33000,High Risk,0.1693
GIG-10944,Swiggy,Tier 3,17202.85,0.473,7.3,51,0.787,4.98,0.15,0.573,0.202,6,0,621,39000,High Risk,0.2001
GIG-10945,Zomato,Tier 2,43696.55,0.832,-9.02,43,0.95,3.73,0.183,0.446,0.233,11,0,700,112000,Moderate Risk,0.0821
GIG-10946,Ola,Tier 1,19531.55,0.043,7.58,42,0.966,3.85,0.154,0.321,0.414,48,0,605,43000,High Risk,0.2926
GIG-10947,Uber,Tier 1,19627.05,0.385,-4.4,34,0.898,3.88,0.142,0.592,0.186,16,0,591,43000,High Risk,0.2631
GIG-10948,Porter,Tier 2,25475.68,0.268,12.01,46,0.848,4.04,0.134,0.536,0.208,6,1,567,53000,High Risk,0.1854
GIG-10949,Porter,Tier 3,18738.3,0.17,12.74,40,0.876,3.54,0.268,0.334,0.249,34,0,581,40000,High Risk,0.1654
GIG-10950,Zomato,Tier 1,15175.07,0.226,9.86,66,0.876,4.84,0.17,0.304,0.469,37,0,627,35000,High Risk,0.2128
GIG-10951,Zepto,Tier 1,23801.12,0.602,6.71,23,0.976,3.56,0.27,0.642,0.02,4,0,636,56000,High Risk,0.3282
GIG-10952,Urban Company,Tier 3,20588.72,0.267,1.76,42,0.976,3.71,0.181,0.399,0.277,21,1,539,41000,Very High Risk,0.6443
GIG-10953,Zomato,Tier 3,29341.53,0.169,8.34,47,0.975,3.85,0.247,0.306,0.309,55,0,602,65000,High Risk,0.2236
GIG-10954,Zepto,Tier 1,34845.88,0.764,0.83,44,0.858,3.76,0.196,0.651,0.059,9,0,648,83000,Moderate Risk,0.0808
GIG-10955,Swiggy,Tier 3,30137.09,0.499,1.66,37,0.847,3.72,0.363,0.604,0.02,12,0,604,67000,High Risk,0.3083
GIG-10956,Ola,Tier 1,22525.75,0.085,-3.23,74,0.86,4.56,0.385,0.302,0.17,42,0,565,47000,High Risk,0.2434
GIG-10957,Urban Company,Tier 2,31538.69,0.637,8.87,66,0.85,4.95,0.216,0.598,0.083,20,0,682,79000,Moderate Risk,0.1057
GIG-10958,Zepto,Tier 1,27222.23,0.57,0.17,44,0.985,3.83,0.262,0.324,0.312,26,0,644,64000,Moderate Risk,0.0913
GIG-10959,Zepto,Tier 2,25310.37,0.433,4.89,50,0.926,3.66,0.252,0.624,0.023,39,0,579,54000,High Risk,0.3251
GIG-10960,Ola,Tier 3,34797.47,0.606,8.09,61,0.86,4.7,0.295,0.456,0.188,17,1,657,84000,Moderate Risk,0.1338
GIG-10961,Urban Company,Tier 3,17070.31,0.622,27.91,49,0.939,4.74,0.349,0.442,0.059,55,0,653,41000,Moderate Risk,0.0702
GIG-10962,Swiggy,Tier 3,26456.33,0.413,10.02,28,0.983,4.8,0.383,0.37,0.171,57,0,609,59000,High Risk,0.1987
GIG-10963,Zomato,Tier 1,30851.82,0.584,4.3,46,0.905,4.52,0.238,0.652,0.02,28,0,634,72000,High Risk,0.3205
GIG-10964,Zepto,Tier 2,11000.0,0.293,-1.83,56,0.879,4.68,0.134,0.363,0.413,38,0,598,24000,High Risk,0.2094
GIG-10965,Porter,Tier 1,32044.31,0.85,6.29,21,0.891,4.82,0.234,0.663,0.02,43,0,652,77000,Moderate Risk,0.1113
GIG-10966,Zomato,Tier 3,20885.04,0.163,-4.61,44,0.945,4.53,0.226,0.655,0.02,13,0,521,40000,Very High Risk,0.5587
GIG-10967,Swiggy,Tier 2,32564.68,0.626,6.94,31,0.906,4.4,0.236,0.468,0.163,57,0,671,80000,Moderate Risk,0.112
GIG-10968,Zepto,Tier 3,30079.64,0.81,-9.33,66,0.898,3.73,0.377,0.664,0.02,53,0,636,70000,High Risk,0.2124
GIG-10969,Blinkit,Tier 3,21402.13,0.346,23.17,48,0.792,4.43,0.349,0.611,0.02,57,0,623,49000,High Risk,0.2176
GIG-10970,Swiggy,Tier 3,19026.83,0.014,9.0,38,0.986,4.69,0.378,0.444,0.096,5,0,532,37000,Very High Risk,0.6029
GIG-10971,Ola,Tier 1,35802.69,0.609,5.08,62,0.907,3.95,0.18,0.517,0.209,60,0,692,91000,Moderate Risk,0.0637
GIG-10972,Porter,Tier 2,36761.85,0.914,1.12,47,0.784,4.56,0.252,0.615,0.02,5,0,707,95000,Moderate Risk,0.1365
GIG-10973,Swiggy,Tier 3,23084.61,0.553,7.74,46,0.912,4.67,0.171,0.385,0.341,20,0,649,55000,Moderate Risk,0.1233
GIG-10974,Zomato,Tier 1,35279.92,0.511,-5.15,39,0.951,4.75,0.198,0.43,0.298,57,2,611,79000,High Risk,0.2331
GIG-10975,Blinkit,Tier 1,28292.83,0.07,-11.32,52,0.811,4.05,0.245,0.551,0.063,16,0,526,55000,Very High Risk,0.5308
GIG-10976,Uber,Tier 3,23132.81,0.714,3.09,47,0.821,3.51,0.332,0.675,0.02,55,0,619,53000,High Risk,0.2794
GIG-10977,Zepto,Tier 1,28910.06,0.348,14.06,53,0.937,4.01,0.277,0.444,0.227,22,0,633,67000,High Risk,0.3466
GIG-10978,Uber,Tier 3,32661.84,0.836,-8.31,37,0.96,4.05,0.125,0.456,0.304,18,0,684,82000,Moderate Risk,0.107
GIG-10979,Zepto,Tier 3,27199.78,0.157,0.41,41,0.881,4.28,0.405,0.329,0.156,60,0,588,59000,High Risk,0.1911
GIG-10980,Blinkit,Tier 2,28375.54,0.442,-3.32,34,0.91,3.76,0.244,0.493,0.167,51,3,493,51000,Very High Risk,0.5063
GIG-10981,Uber,Tier 3,30984.98,0.828,4.82,30,0.969,3.98,0.316,0.583,0.02,49,0,670,76000,Moderate Risk,0.1089
GIG-10982,Swiggy,Tier 3,27291.6,0.128,13.21,35,0.889,4.51,0.201,0.539,0.166,50,0,618,62000,High Risk,0.3112
GIG-10983,Blinkit,Tier 1,20041.83,0.375,15.35,56,0.862,4.08,0.196,0.363,0.322,9,0,650,48000,Moderate Risk,0.0726
GIG-10984,Zepto,Tier 1,25648.04,0.465,10.25,36,0.827,3.6,0.264,0.368,0.245,56,0,642,60000,Moderate Risk,0.0828
GIG-10985,Swiggy,Tier 2,12778.99,0.648,-2.98,26,0.894,4.05,0.357,0.316,0.234,41,0,612,29000,High Risk,0.2521
GIG-10986,Zepto,Tier 2,28717.66,0.189,-3.16,41,0.842,4.81,0.211,0.586,0.092,4,0,577,61000,High Risk,0.2684
GIG-10987,Urban Company,Tier 2,17512.7,0.24,25.44,35,0.883,4.79,0.284,0.492,0.082,34,0,613,39000,High Risk,0.259
GIG-10988,Ola,Tier 2,31655.65,0.78,12.02,58,0.846,3.74,0.243,0.565,0.079,38,0,693,80000,Moderate Risk,0.0621
GIG-10989,Zepto,Tier 2,31456.96,0.873,7.51,45,0.791,4.23,0.147,0.364,0.401,14,0,752,87000,Low Risk,0.0314
GIG-10990,Zepto,Tier 1,16827.0,0.318,5.66,61,0.97,4.84,0.277,0.543,0.03,52,0,565,35000,High Risk,0.3292
GIG-10991,Urban Company,Tier 1,23609.56,0.264,24.21,45,0.894,4.49,0.365,0.45,0.05,48,0,587,51000,High Risk,0.3111
GIG-10992,Swiggy,Tier 1,15930.69,0.103,9.51,33,0.915,4.65,0.241,0.589,0.052,20,3,423,25000,Very High Risk,0.5646
GIG-10993,Uber,Tier 2,16363.08,0.044,5.94,39,0.851,3.77,0.217,0.32,0.318,48,0,552,33000,High Risk,0.3307
GIG-10994,Uber,Tier 3,38237.19,0.929,-11.55,49,0.811,4.4,0.267,0.338,0.305,27,0,731,102000,Moderate Risk,0.1119
GIG-10995,Blinkit,Tier 2,24044.02,0.597,-4.45,41,0.848,3.55,0.126,0.458,0.272,9,1,628,55000,High Risk,0.1512
GIG-10996,Swiggy,Tier 1,31930.92,0.604,-0.79,40,0.912,4.83,0.336,0.439,0.116,22,0,634,74000,High Risk,0.2736
GIG-10997,Porter,Tier 2,43086.31,0.731,-2.15,47,0.966,3.9,0.193,0.419,0.28,51,0,731,115000,Moderate Risk,0.0853
GIG-10998,Urban Company,Tier 1,27424.6,0.221,3.0,64,0.92,3.62,0.375,0.322,0.238,11,0,579,58000,High Risk,0.3342
GIG-10999,Swiggy,Tier 1,29292.11,0.352,4.19,24,0.972,4.91,0.398,0.405,0.124,30,0,591,63000,High Risk,0.2248
GIG-11000,Porter,Tier 3,23322.8,0.517,6.67,59,0.901,3.58,0.197,0.555,0.112,38,2,569,49000,High Risk,0.3166
GIG-11001,Zepto,Tier 1,28228.53,0.27,4.08,46,0.89,4.75,0.153,0.618,0.161,4,1,554,57000,High Risk,0.2447
GIG-11002,Swiggy,Tier 2,31581.38,0.631,15.44,75,0.793,4.86,0.173,0.511,0.186,38,0,674,78000,Moderate Risk,0.1208
GIG-11003,Swiggy,Tier 3,29355.22,0.542,8.75,62,0.861,4.46,0.392,0.467,0.06,41,0,624,67000,High Risk,0.2497
GIG-11004,Blinkit,Tier 2,27078.68,0.766,-0.3,45,0.984,4.54,0.221,0.359,0.356,3,0,722,72000,Moderate Risk,0.1262
GIG-11005,Urban Company,Tier 2,31025.81,0.729,7.06,40,0.924,4.84,0.232,0.534,0.183,27,0,694,79000,Moderate Risk,0.1254
GIG-11006,Swiggy,Tier 3,22200.78,0.665,-3.29,45,0.903,3.55,0.152,0.52,0.219,60,0,648,53000,Moderate Risk,0.1178
GIG-11007,Ola,Tier 3,30053.75,0.887,7.9,48,0.936,4.44,0.324,0.623,0.02,36,0,695,77000,Moderate Risk,0.0614
GIG-11008,Uber,Tier 3,25953.67,0.403,-0.44,53,0.874,3.96,0.201,0.473,0.238,27,0,606,58000,High Risk,0.1927
GIG-11009,Uber,Tier 1,35263.84,0.677,5.7,56,0.91,3.64,0.25,0.391,0.284,20,0,691,89000,Moderate Risk,0.1073
GIG-11010,Urban Company,Tier 2,34081.61,0.908,-2.55,42,0.954,4.54,0.319,0.328,0.267,34,2,622,78000,High Risk,0.3225
GIG-11011,Uber,Tier 1,21753.56,0.166,-5.86,39,0.968,3.56,0.406,0.566,0.02,13,0,517,41000,Very High Risk,0.3738
GIG-11012,Zepto,Tier 2,11000.0,0.4,9.66,39,0.974,3.75,0.2,0.325,0.345,29,0,627,25000,High Risk,0.213
GIG-11013,Urban Company,Tier 2,26602.31,0.123,1.36,41,0.819,3.68,0.381,0.676,0.02,53,0,506,49000,Very High Risk,0.6858
GIG-11014,Swiggy,Tier 2,29848.91,0.264,9.13,47,0.971,4.4,0.35,0.596,0.02,19,1,547,60000,Very High Risk,0.593
GIG-11015,Ola,Tier 3,15365.24,0.754,2.59,48,0.815,4.46,0.193,0.661,0.086,43,0,638,36000,High Risk,0.3082
GIG-11016,Porter,Tier 3,31325.8,0.872,-4.78,70,0.8,4.06,0.215,0.514,0.155,42,0,656,75000,Moderate Risk,0.0709
GIG-11017,Ola,Tier 2,32538.64,0.69,3.78,24,0.976,4.56,0.398,0.619,0.02,9,0,638,76000,High Risk,0.2083
GIG-11018,Uber,Tier 2,30190.34,0.841,-5.57,53,0.949,4.48,0.217,0.507,0.182,3,0,675,75000,Moderate Risk,0.1279
GIG-11019,Zepto,Tier 2,38183.28,0.686,31.17,52,0.798,4.35,0.291,0.666,0.02,56,0,695,97000,Moderate Risk,0.1058
GIG-11020,Zepto,Tier 2,28114.56,0.211,4.47,52,0.787,4.7,0.289,0.518,0.047,31,0,593,61000,High Risk,0.32
GIG-11021,Blinkit,Tier 2,34028.81,0.354,-13.22,41,0.935,4.86,0.257,0.557,0.126,55,2,505,63000,Very High Risk,0.5533
GIG-11022,Uber,Tier 2,33270.79,0.71,5.36,46,0.843,4.77,0.4,0.599,0.02,23,0,665,81000,Moderate Risk,0.0629
GIG-11023,Ola,Tier 2,30238.57,0.843,2.82,49,0.933,4.73,0.344,0.552,0.02,23,2,588,65000,High Risk,0.2802
GIG-11024,Uber,Tier 2,21905.57,0.667,8.38,32,0.948,4.22,0.292,0.359,0.267,23,0,661,53000,Moderate Risk,0.1247
GIG-11025,Urban Company,Tier 3,22200.69,0.496,10.97,51,0.927,4.92,0.299,0.555,0.02,47,0,638,52000,High Risk,0.2966
GIG-11026,Porter,Tier 3,22940.39,0.126,-1.44,56,0.955,4.41,0.329,0.418,0.148,53,0,571,48000,High Risk,0.3297
GIG-11027,Ola,Tier 2,29356.78,0.382,-0.17,28,0.83,3.51,0.176,0.302,0.4,27,0,649,70000,Moderate Risk,0.1266
GIG-11028,Urban Company,Tier 2,21818.33,0.37,-1.81,38,0.866,4.97,0.12,0.379,0.432,26,0,637,51000,High Risk,0.1797
GIG-11029,Swiggy,Tier 3,11303.45,0.248,8.21,59,0.932,4.12,0.234,0.339,0.325,15,0,609,25000,High Risk,0.3165
GIG-11030,Uber,Tier 3,26211.27,0.226,-4.21,60,0.808,4.78,0.304,0.442,0.201,52,0,595,57000,High Risk,0.3443
GIG-11031,Zomato,Tier 3,33866.78,0.891,6.69,36,0.908,4.58,0.348,0.608,0.02,32,0,713,89000,Moderate Risk,0.1363
GIG-11032,Ola,Tier 2,24158.39,0.533,29.85,46,0.782,4.65,0.366,0.686,0.02,54,0,626,55000,High Risk,0.2631
GIG-11033,Urban Company,Tier 3,21447.58,0.415,13.33,42,0.817,3.93,0.285,0.428,0.195,7,0,618,49000,High Risk,0.2225
GIG-11034,Zepto,Tier 3,37262.77,0.902,2.07,41,0.86,4.03,0.238,0.617,0.063,34,0,675,92000,Moderate Risk,0.1175
GIG-11035,Uber,Tier 3,32878.5,0.212,6.58,54,0.908,4.8,0.365,0.541,0.02,22,0,587,71000,High Risk,0.168
GIG-11036,Ola,Tier 2,28612.64,0.55,22.56,60,0.943,4.25,0.273,0.59,0.037,45,0,652,68000,Moderate Risk,0.0908
GIG-11037,Uber,Tier 3,34926.98,0.809,13.65,38,0.837,4.58,0.303,0.368,0.188,30,0,704,90000,Moderate Risk,0.0611
GIG-11038,Zepto,Tier 1,22865.23,0.391,24.68,38,0.872,4.53,0.31,0.346,0.216,31,0,633,53000,High Risk,0.2036
GIG-11039,Porter,Tier 3,31476.32,0.703,14.32,64,0.827,4.86,0.177,0.618,0.058,28,0,681,79000,Moderate Risk,0.086
GIG-11040,Zepto,Tier 3,23059.94,0.617,14.47,53,0.826,4.24,0.225,0.609,0.054,5,0,632,53000,High Risk,0.3007
GIG-11041,Blinkit,Tier 3,33937.68,0.477,-5.33,49,0.986,4.54,0.346,0.326,0.202,60,1,574,71000,High Risk,0.2479
GIG-11042,Swiggy,Tier 1,35999.55,0.868,0.23,39,0.796,4.86,0.279,0.459,0.158,52,0,707,93000,Moderate Risk,0.0718
GIG-11043,Ola,Tier 3,27562.03,0.483,-20.24,40,0.907,4.15,0.4,0.514,0.02,45,1,517,52000,Very High Risk,0.3965
GIG-11044,Blinkit,Tier 1,23649.37,0.588,-4.23,45,0.847,4.28,0.404,0.456,0.084,44,0,602,52000,High Risk,0.2736
GIG-11045,Zomato,Tier 3,23673.89,0.495,17.54,39,0.848,4.2,0.237,0.437,0.274,44,0,662,57000,Moderate Risk,0.0716
GIG-11046,Zepto,Tier 2,33428.86,0.78,0.98,52,0.875,4.28,0.375,0.673,0.02,53,0,661,81000,Moderate Risk,0.0984
GIG-11047,Zepto,Tier 1,14114.13,0.111,8.77,42,0.796,4.4,0.325,0.502,0.054,3,0,530,27000,Very High Risk,0.5454
GIG-11048,Swiggy,Tier 2,26655.35,0.438,4.62,52,0.898,4.38,0.243,0.635,0.053,17,0,621,61000,High Risk,0.3268
GIG-11049,Ola,Tier 2,30195.68,0.86,8.01,22,0.944,4.33,0.418,0.482,0.02,26,1,645,71000,Moderate Risk,0.1037
GIG-11050,Zepto,Tier 2,27846.57,0.241,3.49,47,0.855,3.73,0.327,0.684,0.02,52,0,553,56000,High Risk,0.2959
GIG-11051,Uber,Tier 2,28890.15,0.504,5.27,46,0.803,4.18,0.356,0.311,0.277,4,0,646,68000,Moderate Risk,0.0895
GIG-11052,Porter,Tier 1,42058.19,0.831,12.64,64,0.856,4.45,0.201,0.618,0.108,21,0,738,114000,Moderate Risk,0.0746
GIG-11053,Zepto,Tier 1,35674.03,0.484,1.1,45,0.862,3.61,0.263,0.469,0.174,10,0,654,86000,Moderate Risk,0.0895
GIG-11054,Uber,Tier 2,22418.16,0.121,5.92,41,0.979,4.96,0.265,0.487,0.134,22,0,595,49000,High Risk,0.2993
GIG-11055,Blinkit,Tier 2,30589.06,0.31,1.59,44,0.817,4.22,0.367,0.411,0.12,53,0,586,66000,High Risk,0.349
GIG-11056,Ola,Tier 3,38399.35,0.766,11.12,36,0.793,4.86,0.144,0.666,0.091,33,0,703,99000,Moderate Risk,0.1005
GIG-11057,Blinkit,Tier 2,30792.1,0.484,15.15,55,0.804,4.34,0.291,0.573,0.077,9,0,646,73000,Moderate Risk,0.1219
GIG-11058,Porter,Tier 3,13484.42,0.223,6.79,43,0.928,4.65,0.205,0.415,0.239,47,0,587,29000,High Risk,0.175
GIG-11059,Porter,Tier 2,22854.8,0.33,2.32,36,0.943,4.12,0.412,0.594,0.02,7,1,533,45000,Very High Risk,0.5424
GIG-11060,Urban Company,Tier 1,31259.18,0.861,10.95,30,0.969,3.95,0.176,0.635,0.065,54,2,596,68000,High Risk,0.2583
GIG-11061,Swiggy,Tier 1,26313.32,0.12,26.21,42,0.871,4.51,0.255,0.433,0.232,57,0,618,60000,High Risk,0.1592
GIG-11062,Blinkit,Tier 3,35927.97,0.844,-13.28,61,0.805,3.99,0.337,0.545,0.056,9,0,670,88000,Moderate Risk,0.088
GIG-11063,Uber,Tier 3,32014.82,0.543,-0.18,59,0.951,4.55,0.369,0.414,0.148,18,3,519,61000,Very High Risk,0.3645
GIG-11064,Uber,Tier 3,32155.91,0.904,1.86,44,0.83,3.92,0.154,0.553,0.219,13,0,702,83000,Moderate Risk,0.0914
GIG-11065,Blinkit,Tier 3,35549.61,0.74,-10.79,54,0.942,4.94,0.403,0.406,0.118,30,2,553,72000,High Risk,0.2914
GIG-11066,Porter,Tier 1,26366.01,0.324,3.89,42,0.907,3.68,0.261,0.551,0.053,54,0,573,55000,High Risk,0.2854
GIG-11067,Zepto,Tier 3,33351.72,0.664,0.27,34,0.917,3.85,0.175,0.304,0.424,14,0,713,87000,Moderate Risk,0.1172
GIG-11068,Uber,Tier 3,25245.09,0.339,-16.61,40,0.855,4.75,0.344,0.697,0.02,45,0,590,55000,High Risk,0.2313
GIG-11069,Zepto,Tier 2,31740.6,0.781,8.98,40,0.793,3.62,0.21,0.506,0.193,4,0,698,81000,Moderate Risk,0.1063
GIG-11070,Ola,Tier 2,20621.41,0.362,14.01,38,0.881,4.47,0.177,0.513,0.228,40,0,639,48000,High Risk,0.2208
GIG-11071,Zepto,Tier 2,33795.43,0.745,-1.85,48,0.963,4.26,0.236,0.323,0.353,3,2,608,75000,High Risk,0.3362
GIG-11072,Ola,Tier 1,24746.15,0.446,12.23,46,0.802,3.81,0.231,0.623,0.069,20,1,597,54000,High Risk,0.2235
GIG-11073,Swiggy,Tier 3,33938.31,0.601,9.33,51,0.889,4.35,0.159,0.636,0.076,9,0,675,84000,Moderate Risk,0.1303
GIG-11074,Uber,Tier 2,27690.28,0.078,-10.88,36,0.865,4.35,0.248,0.405,0.221,23,0,559,57000,High Risk,0.327
GIG-11075,Ola,Tier 2,23134.09,0.145,4.74,43,0.855,4.3,0.359,0.637,0.02,10,0,544,46000,Very High Risk,0.6095
GIG-11076,Urban Company,Tier 3,29463.79,0.127,18.74,42,0.877,3.72,0.337,0.375,0.164,58,0,611,66000,High Risk,0.2917
GIG-11077,Porter,Tier 3,26775.36,0.606,14.37,56,0.953,4.46,0.241,0.489,0.148,43,1,607,60000,High Risk,0.3361
GIG-11078,Blinkit,Tier 3,17900.38,0.139,10.51,52,0.824,4.8,0.278,0.656,0.02,27,0,536,35000,Very High Risk,0.6032
GIG-11079,Zepto,Tier 3,26542.07,0.373,10.73,49,0.929,4.25,0.308,0.58,0.037,10,1,560,54000,High Risk,0.2902
GIG-11080,Blinkit,Tier 2,33086.57,0.639,-1.98,44,0.957,4.5,0.375,0.355,0.217,57,2,578,70000,High Risk,0.3146
GIG-11081,Porter,Tier 3,24960.74,0.212,-13.42,29,0.873,3.62,0.388,0.648,0.02,14,0,513,47000,Very High Risk,0.587
GIG-11082,Urban Company,Tier 3,33167.3,0.759,-10.84,59,0.792,4.5,0.218,0.487,0.177,40,2,577,70000,High Risk,0.2276
GIG-11083,Swiggy,Tier 3,38227.88,0.878,-5.3,47,0.854,4.31,0.28,0.314,0.261,11,0,694,97000,Moderate Risk,0.0633
GIG-11084,Blinkit,Tier 1,29889.47,0.825,-6.6,42,0.886,3.63,0.134,0.508,0.283,18,0,689,76000,Moderate Risk,0.1179
GIG-11085,Urban Company,Tier 1,26812.56,0.398,-11.05,57,0.818,4.52,0.418,0.487,0.02,14,0,546,54000,Very High Risk,0.5316
GIG-11086,Blinkit,Tier 3,16190.42,0.709,8.29,42,0.852,3.96,0.338,0.422,0.185,12,0,621,37000,High Risk,0.2759
GIG-11087,Zepto,Tier 2,37569.2,0.723,-0.01,35,0.871,4.56,0.124,0.426,0.322,41,0,727,100000,Moderate Risk,0.1227
GIG-11088,Uber,Tier 3,32794.17,0.391,-1.49,35,0.926,4.87,0.174,0.333,0.355,27,2,560,67000,High Risk,0.282
GIG-11089,Zepto,Tier 1,16492.59,0.579,-1.74,35,0.804,3.6,0.347,0.366,0.146,34,0,573,35000,High Risk,0.1981
GIG-11090,Uber,Tier 3,33575.98,0.611,-0.8,64,0.967,4.42,0.417,0.628,0.02,13,0,659,81000,Moderate Risk,0.104
GIG-11091,Porter,Tier 2,32317.79,0.513,22.73,51,0.848,4.41,0.136,0.34,0.404,11,0,727,86000,Moderate Risk,0.1282
GIG-11092,Uber,Tier 2,31968.17,0.903,-1.76,52,0.82,4.37,0.342,0.428,0.17,56,0,678,79000,Moderate Risk,0.0718
GIG-11093,Porter,Tier 3,23876.85,0.799,2.14,39,0.919,3.65,0.288,0.348,0.293,6,0,669,59000,Moderate Risk,0.0971
GIG-11094,Blinkit,Tier 1,24019.27,0.428,-11.52,37,0.797,4.89,0.285,0.615,0.02,34,0,589,52000,High Risk,0.1811
GIG-11095,Uber,Tier 1,22334.51,0.82,-3.93,49,0.853,3.56,0.336,0.681,0.02,55,0,636,52000,High Risk,0.2604
GIG-11096,Zepto,Tier 3,27366.87,0.333,-1.68,23,0.955,4.48,0.138,0.683,0.114,35,0,589,59000,High Risk,0.1841
GIG-11097,Porter,Tier 2,31955.98,0.554,3.39,62,0.84,4.04,0.378,0.487,0.064,46,2,531,62000,Very High Risk,0.5954
GIG-11098,Porter,Tier 2,23067.7,0.182,-6.79,48,0.802,4.5,0.354,0.5,0.06,48,0,556,47000,High Risk,0.3036
GIG-11099,Porter,Tier 2,27116.79,0.503,18.67,43,0.941,4.25,0.376,0.6,0.02,13,2,528,52000,Very High Risk,0.6622
GIG-11100,Swiggy,Tier 3,20673.51,0.511,-2.91,42,0.848,3.75,0.403,0.428,0.086,4,1,556,42000,High Risk,0.2772
GIG-11101,Ola,Tier 2,35508.89,0.747,-17.57,51,0.94,4.28,0.124,0.594,0.159,5,0,646,84000,Moderate Risk,0.1083
GIG-11102,Urban Company,Tier 1,27119.73,0.263,8.26,58,0.987,4.37,0.137,0.32,0.405,37,1,616,61000,High Risk,0.2479
GIG-11103,Urban Company,Tier 1,15644.36,0.355,5.78,50,0.798,4.38,0.326,0.388,0.197,52,0,569,33000,High Risk,0.1766
GIG-11104,Porter,Tier 3,16446.23,0.833,-6.49,42,0.985,3.86,0.335,0.357,0.225,50,0,630,38000,High Risk,0.1814
GIG-11105,Porter,Tier 3,17147.64,0.586,-0.57,38,0.919,4.19,0.27,0.351,0.248,35,0,617,39000,High Risk,0.3121
GIG-11106,Swiggy,Tier 3,20298.59,0.196,17.22,45,0.872,4.14,0.392,0.53,0.02,10,0,587,44000,High Risk,0.2294
GIG-11107,Urban Company,Tier 3,43102.87,0.521,15.29,37,0.875,4.81,0.164,0.503,0.218,55,0,719,114000,Moderate Risk,0.0898
GIG-11108,Blinkit,Tier 3,21666.21,0.14,23.29,67,0.799,4.11,0.284,0.485,0.091,55,2,488,39000,Very High Risk,0.6039
GIG-11109,Zomato,Tier 3,37080.29,0.681,0.31,24,0.981,3.96,0.391,0.392,0.148,31,0,657,89000,Moderate Risk,0.0777
GIG-11110,Ola,Tier 2,28911.2,0.092,15.29,35,0.944,4.93,0.27,0.546,0.101,9,0,566,60000,High Risk,0.3211
GIG-11111,Ola,Tier 2,16732.55,0.249,22.01,53,0.976,4.65,0.313,0.347,0.253,58,0,620,38000,High Risk,0.3015
GIG-11112,Zomato,Tier 2,32078.6,0.435,9.18,38,0.814,4.54,0.328,0.484,0.124,19,0,658,77000,Moderate Risk,0.0691
GIG-11113,Blinkit,Tier 1,19591.66,0.385,16.83,53,0.82,3.73,0.191,0.446,0.234,31,0,605,43000,High Risk,0.2594
GIG-11114,Swiggy,Tier 1,18145.13,0.563,1.44,48,0.975,4.29,0.397,0.383,0.11,16,0,611,41000,High Risk,0.2489
GIG-11115,Blinkit,Tier 3,38877.75,0.599,-5.0,65,0.882,4.92,0.34,0.344,0.245,42,3,551,79000,High Risk,0.2108
GIG-11116,Zepto,Tier 1,29812.17,0.399,1.59,68,0.954,4.73,0.375,0.621,0.02,42,0,607,66000,High Risk,0.1993
GIG-11117,Uber,Tier 1,38251.96,0.604,11.84,51,0.911,4.74,0.348,0.54,0.02,55,0,671,94000,Moderate Risk,0.1023
GIG-11118,Ola,Tier 1,32840.92,0.573,3.53,50,0.979,4.51,0.359,0.371,0.148,39,0,654,79000,Moderate Risk,0.0673
GIG-11119,Blinkit,Tier 3,22444.01,0.362,-15.6,46,0.878,4.09,0.379,0.432,0.113,20,0,587,48000,High Risk,0.222
GIG-11120,Uber,Tier 2,24407.68,0.559,0.1,57,0.927,4.93,0.363,0.331,0.185,48,0,637,57000,High Risk,0.1533
GIG-11121,Urban Company,Tier 2,29996.74,0.376,3.16,51,0.885,4.82,0.256,0.411,0.191,39,0,638,70000,High Risk,0.2507
GIG-11122,Urban Company,Tier 3,37550.19,0.861,-2.3,40,0.942,3.82,0.187,0.41,0.294,60,0,681,94000,Moderate Risk,0.1307
GIG-11123,Swiggy,Tier 1,21881.85,0.32,8.09,56,0.945,4.61,0.292,0.425,0.158,51,0,615,49000,High Risk,0.3144
GIG-11124,Zepto,Tier 1,32719.34,0.6,8.15,53,0.81,4.88,0.417,0.473,0.02,20,1,611,73000,High Risk,0.2884
GIG-11125,Uber,Tier 3,20335.36,0.33,-10.49,40,0.952,4.96,0.197,0.322,0.349,58,0,610,45000,High Risk,0.1671
GIG-11126,Uber,Tier 1,21741.3,0.327,14.22,43,0.922,4.41,0.332,0.632,0.02,12,0,594,47000,High Risk,0.2055
GIG-11127,Blinkit,Tier 1,35876.56,0.592,10.67,43,0.832,4.89,0.406,0.653,0.02,51,0,669,88000,Moderate Risk,0.1104
GIG-11128,Zepto,Tier 2,31642.51,0.879,-1.9,27,0.838,4.36,0.138,0.36,0.377,12,0,732,85000,Moderate Risk,0.0675
GIG-11129,Urban Company,Tier 3,22786.37,0.319,22.51,32,0.85,4.74,0.335,0.44,0.102,29,2,529,44000,Very High Risk,0.5175
GIG-11130,Zepto,Tier 2,23348.3,0.803,14.96,63,0.804,4.21,0.227,0.496,0.135,7,0,679,58000,Moderate Risk,0.1257
GIG-11131,Swiggy,Tier 2,25726.88,0.227,18.68,55,0.883,4.02,0.364,0.498,0.02,35,0,589,56000,High Risk,0.1593
GIG-11132,Urban Company,Tier 3,24271.28,0.448,5.82,41,0.866,4.86,0.27,0.584,0.074,59,1,584,52000,High Risk,0.1568
GIG-11133,Blinkit,Tier 2,30200.75,0.906,4.04,51,0.987,3.58,0.335,0.532,0.033,34,3,512,57000,Very High Risk,0.6666
GIG-11134,Blinkit,Tier 3,34930.56,0.859,-4.6,48,0.916,3.78,0.244,0.368,0.336,3,0,679,87000,Moderate Risk,0.1001
GIG-11135,Swiggy,Tier 3,50593.34,0.916,8.2,53,0.93,3.91,0.12,0.646,0.102,32,0,768,142000,Low Risk,0.0361
GIG-11136,Blinkit,Tier 1,18696.84,0.24,5.64,54,0.958,3.59,0.188,0.404,0.319,53,1,523,36000,Very High Risk,0.3821
GIG-11137,Zepto,Tier 1,24118.96,0.432,-3.08,49,0.81,4.62,0.336,0.451,0.155,30,0,601,53000,High Risk,0.1743
GIG-11138,Ola,Tier 2,16385.01,0.484,10.0,32,0.807,3.5,0.399,0.522,0.02,20,0,560,34000,High Risk,0.2912
GIG-11139,Blinkit,Tier 2,14690.48,0.5,-5.04,39,0.887,4.25,0.161,0.381,0.367,24,0,605,33000,High Risk,0.1509
GIG-11140,Uber,Tier 3,24439.97,0.421,15.4,48,0.969,4.16,0.135,0.375,0.433,57,0,654,59000,Moderate Risk,0.0733
GIG-11141,Porter,Tier 2,26200.64,0.103,10.45,46,0.803,3.65,0.376,0.503,0.02,60,0,537,52000,Very High Risk,0.6644
GIG-11142,Zomato,Tier 1,30219.63,0.685,1.32,40,0.901,3.89,0.318,0.543,0.078,9,0,616,68000,High Risk,0.2419
GIG-11143,Porter,Tier 1,36333.33,0.637,28.56,22,0.856,4.19,0.203,0.372,0.319,10,1,697,93000,Moderate Risk,0.0722
GIG-11144,Uber,Tier 2,33591.81,0.649,-7.86,30,0.91,3.91,0.135,0.665,0.062,32,3,517,64000,Very High Risk,0.6036
GIG-11145,Zomato,Tier 2,32809.89,0.908,-3.87,63,0.803,3.9,0.408,0.406,0.106,15,0,673,81000,Moderate Risk,0.0703
GIG-11146,Uber,Tier 3,33342.25,0.788,6.47,38,0.946,4.59,0.391,0.395,0.118,22,0,683,84000,Moderate Risk,0.0897
GIG-11147,Uber,Tier 2,22662.72,0.243,6.67,48,0.82,4.5,0.334,0.694,0.02,8,0,593,49000,High Risk,0.2867
GIG-11148,Blinkit,Tier 2,31795.06,0.26,0.91,44,0.98,3.55,0.344,0.557,0.024,8,0,574,67000,High Risk,0.1759
GIG-11149,Blinkit,Tier 3,25267.84,0.604,0.1,36,0.886,4.23,0.172,0.593,0.149,60,0,631,58000,High Risk,0.2164
GIG-11150,Uber,Tier 1,41374.69,0.907,5.8,47,0.784,4.29,0.309,0.698,0.02,28,1,670,102000,Moderate Risk,0.0651
GIG-11151,Urban Company,Tier 3,29007.39,0.763,-3.69,41,0.96,3.56,0.165,0.35,0.395,47,4,486,52000,Very High Risk,0.4189
GIG-11152,Ola,Tier 2,34090.74,0.795,4.97,39,0.874,4.86,0.288,0.318,0.303,44,0,698,87000,Moderate Risk,0.1372
GIG-11153,Swiggy,Tier 3,41485.95,0.75,17.7,48,0.936,4.97,0.361,0.632,0.02,9,0,723,110000,Moderate Risk,0.0998
GIG-11154,Zomato,Tier 1,13719.44,0.419,14.39,53,0.896,3.96,0.168,0.658,0.064,33,1,533,27000,Very High Risk,0.5454
GIG-11155,Swiggy,Tier 1,22706.48,0.181,6.62,41,0.827,4.9,0.124,0.518,0.3,40,0,616,51000,High Risk,0.1676
GIG-11156,Ola,Tier 3,30147.3,0.527,6.61,57,0.915,4.69,0.356,0.376,0.153,46,0,649,72000,Moderate Risk,0.1067
GIG-11157,Porter,Tier 1,26605.1,0.202,11.98,38,0.792,4.76,0.339,0.579,0.02,3,0,586,57000,High Risk,0.3416
GIG-11158,Blinkit,Tier 1,27247.9,0.238,-4.25,60,0.902,3.92,0.34,0.536,0.073,58,2,475,47000,Very High Risk,0.5455
GIG-11159,Zepto,Tier 3,31269.48,0.192,3.79,47,0.989,4.38,0.356,0.608,0.02,11,0,565,65000,High Risk,0.2948
GIG-11160,Porter,Tier 1,50388.53,0.84,13.87,45,0.852,4.34,0.136,0.504,0.273,17,0,744,137000,Low Risk,0.0269
GIG-11161,Zepto,Tier 1,32175.13,0.627,7.22,18,0.782,4.16,0.231,0.568,0.057,49,0,647,76000,Moderate Risk,0.0862
GIG-11162,Swiggy,Tier 1,14056.9,0.065,4.48,45,0.902,3.74,0.186,0.394,0.327,23,2,479,25000,Very High Risk,0.5374
GIG-11163,Blinkit,Tier 2,23093.09,0.38,25.46,29,0.797,3.54,0.195,0.337,0.384,11,1,614,52000,High Risk,0.2933
GIG-11164,Zepto,Tier 1,36392.01,0.798,14.24,36,0.985,3.7,0.222,0.428,0.293,44,0,715,95000,Moderate Risk,0.0636
GIG-11165,Uber,Tier 1,33760.11,0.643,-3.64,37,0.984,3.76,0.273,0.396,0.188,36,3,500,62000,Very High Risk,0.637
GIG-11166,Zomato,Tier 3,21091.82,0.044,-4.4,64,0.861,4.03,0.12,0.622,0.119,44,3,389,30000,Very High Risk,0.6046
GIG-11167,Uber,Tier 2,14429.47,0.25,13.45,51,0.968,4.51,0.244,0.445,0.187,25,0,573,30000,High Risk,0.2714
GIG-11168,Ola,Tier 3,31349.44,0.813,11.45,18,0.938,3.92,0.186,0.67,0.037,50,0,709,81000,Moderate Risk,0.0754
GIG-11169,Uber,Tier 2,17313.39,0.594,19.55,43,0.976,4.23,0.328,0.328,0.219,42,0,663,42000,Moderate Risk,0.0881
GIG-11170,Porter,Tier 1,23566.38,0.106,-3.18,39,0.985,4.75,0.256,0.61,0.065,8,0,594,51000,High Risk,0.1649
GIG-11171,Swiggy,Tier 1,18435.4,0.129,4.35,47,0.955,4.84,0.292,0.601,0.02,51,0,547,37000,Very High Risk,0.4158
GIG-11172,Swiggy,Tier 3,26341.25,0.197,15.95,45,0.927,4.98,0.228,0.659,0.025,49,0,595,57000,High Risk,0.2697
GIG-11173,Zepto,Tier 2,27642.98,0.305,-6.64,50,0.943,4.28,0.205,0.624,0.102,30,0,595,60000,High Risk,0.1868
GIG-11174,Blinkit,Tier 1,37587.72,0.907,3.14,19,0.904,3.79,0.16,0.462,0.305,18,0,729,100000,Moderate Risk,0.1314
GIG-11175,Urban Company,Tier 3,15643.03,0.735,16.86,43,0.925,3.86,0.28,0.574,0.051,8,1,561,32000,High Risk,0.3239
GIG-11176,Ola,Tier 3,31702.45,0.486,18.01,44,0.959,4.78,0.322,0.566,0.02,41,0,652,76000,Moderate Risk,0.0943
GIG-11177,Urban Company,Tier 3,30865.88,0.786,-9.28,45,0.876,4.11,0.371,0.452,0.121,4,0,634,72000,High Risk,0.1585
GIG-11178,Urban Company,Tier 1,40780.37,0.451,15.63,61,0.878,4.0,0.306,0.691,0.02,36,0,664,99000,Moderate Risk,0.0971
GIG-11179,Ola,Tier 3,28790.59,0.251,-5.43,36,0.785,4.72,0.395,0.383,0.118,28,0,581,61000,High Risk,0.2487
GIG-11180,Urban Company,Tier 3,14761.72,0.222,16.56,42,0.872,4.08,0.27,0.511,0.1,6,0,521,28000,Very High Risk,0.4884
GIG-11181,Ola,Tier 2,13635.09,0.103,3.83,48,0.984,4.44,0.409,0.363,0.173,27,0,550,27000,High Risk,0.3467
GIG-11182,Swiggy,Tier 1,16988.21,0.543,15.83,34,0.858,4.08,0.15,0.605,0.158,34,1,570,36000,High Risk,0.3354
GIG-11183,Swiggy,Tier 3,29436.19,0.909,7.14,47,0.838,3.53,0.286,0.531,0.09,59,0,664,72000,Moderate Risk,0.1315
GIG-11184,Zomato,Tier 2,20745.66,0.55,4.96,51,0.823,4.78,0.223,0.679,0.041,23,0,634,48000,High Risk,0.2694
GIG-11185,Uber,Tier 2,34412.84,0.652,2.84,41,0.894,3.97,0.353,0.672,0.02,58,1,606,76000,High Risk,0.2497
GIG-11186,Zepto,Tier 2,33030.45,0.427,1.2,49,0.922,4.72,0.201,0.518,0.134,37,0,638,77000,High Risk,0.1821
GIG-11187,Uber,Tier 2,11000.0,0.254,8.65,43,0.813,3.61,0.123,0.422,0.366,52,0,585,24000,High Risk,0.1629
GIG-11188,Swiggy,Tier 1,13968.14,0.395,6.17,36,0.895,4.47,0.306,0.582,0.054,40,0,598,31000,High Risk,0.2368
GIG-11189,Swiggy,Tier 1,22090.28,0.299,-17.94,37,0.907,4.28,0.415,0.599,0.02,19,1,498,40000,Very High Risk,0.4127
GIG-11190,Ola,Tier 1,21085.11,0.58,10.56,26,0.928,4.79,0.355,0.512,0.073,6,0,624,48000,High Risk,0.2226
GIG-11191,Zepto,Tier 3,18889.74,0.3,12.03,60,0.793,4.38,0.406,0.405,0.048,21,2,496,34000,Very High Risk,0.4515
GIG-11192,Zepto,Tier 2,21553.11,0.624,12.58,39,0.815,3.64,0.293,0.691,0.02,47,0,635,50000,High Risk,0.2573
GIG-11193,Zepto,Tier 1,21770.08,0.148,-21.91,60,0.807,4.97,0.352,0.651,0.02,43,0,547,44000,Very High Risk,0.5375
GIG-11194,Uber,Tier 2,32832.38,0.79,14.37,34,0.951,4.31,0.381,0.605,0.02,8,0,698,84000,Moderate Risk,0.0795
GIG-11195,Urban Company,Tier 1,27028.1,0.133,3.9,52,0.869,4.67,0.191,0.68,0.022,35,1,526,52000,Very High Risk,0.3904
GIG-11196,Ola,Tier 1,35509.95,0.749,2.96,50,0.819,4.01,0.319,0.493,0.064,37,3,519,68000,Very High Risk,0.3996
GIG-11197,Blinkit,Tier 2,20199.83,0.701,-7.9,30,0.849,3.97,0.218,0.569,0.11,40,0,624,46000,High Risk,0.1798
GIG-11198,Swiggy,Tier 2,29623.15,0.452,19.76,48,0.83,4.82,0.134,0.381,0.36,47,0,716,78000,Moderate Risk,0.0831
GIG-11199,Zepto,Tier 3,20073.11,0.228,19.9,39,0.972,4.49,0.251,0.529,0.095,57,1,547,40000,Very High Risk,0.6728
GIG-11200,Ola,Tier 1,14302.46,0.13,-10.59,43,0.925,4.68,0.268,0.366,0.275,18,1,486,25000,Very High Risk,0.5004
GIG-11201,Swiggy,Tier 2,28566.92,0.859,6.25,38,0.928,4.6,0.338,0.464,0.085,10,0,750,79000,Low Risk,0.0269
GIG-11202,Porter,Tier 3,32648.97,0.891,-5.04,49,0.876,4.88,0.369,0.5,0.02,41,0,692,83000,Moderate Risk,0.107
GIG-11203,Zomato,Tier 2,24394.35,0.032,-5.02,45,0.907,3.77,0.329,0.328,0.265,45,0,554,50000,High Risk,0.2121
GIG-11204,Uber,Tier 1,24765.08,0.467,-0.55,55,0.817,4.23,0.326,0.561,0.02,3,2,495,45000,Very High Risk,0.4377
GIG-11205,Uber,Tier 3,36217.53,0.91,12.5,67,0.832,3.95,0.304,0.678,0.02,3,1,642,85000,Moderate Risk,0.0893
GIG-11206,Uber,Tier 2,25241.98,0.053,3.5,41,0.808,4.79,0.127,0.426,0.379,25,2,502,46000,Very High Risk,0.5876
GIG-11207,Urban Company,Tier 1,15278.47,0.289,-4.66,46,0.915,4.48,0.232,0.622,0.043,26,0,545,31000,Very High Risk,0.631
GIG-11208,Uber,Tier 3,25748.29,0.039,11.88,54,0.82,3.83,0.134,0.396,0.385,52,1,581,55000,High Risk,0.2233
GIG-11209,Urban Company,Tier 3,25021.45,0.587,14.82,35,0.828,3.6,0.281,0.696,0.02,59,0,652,60000,Moderate Risk,0.1262
GIG-11210,Swiggy,Tier 1,21892.22,0.625,13.34,50,0.831,4.28,0.19,0.623,0.098,24,1,623,50000,High Risk,0.2263
GIG-11211,Zepto,Tier 2,23886.32,0.658,6.77,47,0.956,4.78,0.277,0.671,0.02,36,0,684,60000,Moderate Risk,0.1077
GIG-11212,Swiggy,Tier 2,23822.95,0.029,1.43,35,0.851,4.75,0.128,0.392,0.34,48,0,579,51000,High Risk,0.1954
GIG-11213,Swiggy,Tier 2,31715.9,0.782,-10.54,51,0.889,4.85,0.218,0.363,0.298,32,0,700,81000,Moderate Risk,0.1284
GIG-11214,Blinkit,Tier 1,35796.87,0.347,12.64,46,0.955,3.98,0.196,0.412,0.247,34,0,630,83000,High Risk,0.1507
GIG-11215,Uber,Tier 2,33627.95,0.807,6.56,53,0.831,3.92,0.157,0.604,0.129,13,0,685,84000,Moderate Risk,0.0775
GIG-11216,Urban Company,Tier 1,37759.46,0.859,16.22,45,0.984,4.95,0.205,0.477,0.262,60,1,702,97000,Moderate Risk,0.1055
GIG-11217,Swiggy,Tier 1,20914.12,0.666,7.5,51,0.975,4.77,0.258,0.631,0.02,50,0,616,47000,High Risk,0.3467
GIG-11218,Zomato,Tier 1,19444.45,0.539,2.98,35,0.946,4.15,0.25,0.523,0.119,57,1,580,41000,High Risk,0.2632
GIG-11219,Zomato,Tier 1,23596.09,0.327,5.7,44,0.901,4.86,0.134,0.437,0.377,5,0,631,55000,High Risk,0.2334
GIG-11220,Porter,Tier 2,26671.22,0.315,6.14,47,0.869,4.13,0.396,0.531,0.02,27,0,593,58000,High Risk,0.2716
GIG-11221,Uber,Tier 1,20733.27,0.72,-3.87,28,0.95,4.38,0.284,0.671,0.02,57,0,608,46000,High Risk,0.3191
GIG-11222,Zomato,Tier 3,11000.0,0.429,-1.12,36,0.839,4.49,0.185,0.571,0.185,54,0,599,24000,High Risk,0.3219
GIG-11223,Zepto,Tier 1,28137.76,0.365,-5.19,48,0.894,4.07,0.253,0.509,0.175,23,0,595,61000,High Risk,0.3283
GIG-11224,Ola,Tier 2,23680.56,0.188,18.43,42,0.903,4.4,0.18,0.438,0.247,49,0,618,54000,High Risk,0.3174
GIG-11225,Blinkit,Tier 2,37226.62,0.839,20.64,51,0.982,4.1,0.128,0.541,0.252,55,0,732,100000,Moderate Risk,0.0989
GIG-11226,Swiggy,Tier 3,27842.8,0.731,-1.6,37,0.818,4.47,0.418,0.561,0.02,26,0,646,66000,Moderate Risk,0.1375
GIG-11227,Swiggy,Tier 3,25886.33,0.082,11.63,50,0.806,4.95,0.416,0.675,0.02,46,0,546,52000,Very High Risk,0.43
GIG-11228,Zomato,Tier 1,41894.98,0.926,-0.54,46,0.983,3.53,0.297,0.611,0.02,17,0,675,104000,Moderate Risk,0.0636
GIG-11229,Zomato,Tier 2,50025.84,0.265,-1.56,48,0.808,3.71,0.134,0.517,0.22,7,0,675,124000,Moderate Risk,0.0872
GIG-11230,Porter,Tier 2,33941.78,0.776,5.33,43,0.978,4.4,0.355,0.569,0.02,52,0,662,82000,Moderate Risk,0.0869
GIG-11231,Urban Company,Tier 2,32908.29,0.915,14.82,41,0.888,4.29,0.378,0.496,0.02,8,0,693,84000,Moderate Risk,0.0996
GIG-11232,Porter,Tier 1,18305.78,0.211,20.64,36,0.783,3.72,0.369,0.558,0.02,26,0,566,38000,High Risk,0.2296
GIG-11233,Ola,Tier 2,34091.44,0.806,3.31,18,0.966,4.39,0.328,0.456,0.163,39,2,613,77000,High Risk,0.2701
GIG-11234,Urban Company,Tier 3,31750.2,0.856,-7.02,31,0.791,3.68,0.178,0.635,0.131,42,0,688,80000,Moderate Risk,0.09
GIG-11235,Ola,Tier 2,38094.09,0.892,-11.55,44,0.815,4.59,0.281,0.386,0.252,26,3,605,85000,High Risk,0.2254
GIG-11236,Porter,Tier 1,22294.14,0.47,3.29,46,0.857,3.68,0.241,0.316,0.366,49,0,670,55000,Moderate Risk,0.082
GIG-11237,Ola,Tier 1,17092.77,0.516,-9.53,36,0.919,4.95,0.308,0.653,0.02,3,0,588,37000,High Risk,0.3463
GIG-11238,Zepto,Tier 1,30685.57,0.479,-11.29,48,0.871,4.26,0.149,0.598,0.192,17,0,622,70000,High Risk,0.3184
GIG-11239,Blinkit,Tier 3,39135.93,0.782,8.65,50,0.829,4.96,0.271,0.68,0.02,56,0,674,97000,Moderate Risk,0.1027
GIG-11240,Zomato,Tier 2,23144.92,0.293,7.72,55,0.94,4.92,0.313,0.693,0.02,3,0,582,49000,High Risk,0.3291
GIG-11241,Zepto,Tier 3,11000.0,0.07,7.69,33,0.971,4.75,0.296,0.451,0.194,49,0,540,22000,Very High Risk,0.4401
GIG-11242,Urban Company,Tier 1,38386.75,0.573,-3.96,47,0.957,4.97,0.23,0.481,0.168,16,2,592,83000,High Risk,0.2878
GIG-11243,Ola,Tier 2,22616.1,0.576,10.34,58,0.846,4.57,0.355,0.674,0.02,34,0,635,53000,High Risk,0.3281
GIG-11244,Zomato,Tier 1,47371.72,0.558,18.54,44,0.875,4.33,0.121,0.446,0.369,48,0,715,124000,Moderate Risk,0.0974
GIG-11245,Urban Company,Tier 1,26385.8,0.697,11.55,28,0.989,4.8,0.281,0.696,0.02,5,0,636,62000,High Risk,0.2188
GIG-11246,Ola,Tier 3,20213.57,0.287,-0.65,51,0.892,3.83,0.198,0.544,0.204,29,3,440,33000,Very High Risk,0.5352
GIG-11247,Blinkit,Tier 2,33727.34,0.824,-16.06,29,0.981,3.76,0.147,0.652,0.061,50,1,634,78000,High Risk,0.2627
GIG-11248,Swiggy,Tier 3,29170.45,0.526,3.12,49,0.977,3.87,0.214,0.551,0.109,9,0,624,67000,High Risk,0.3166
GIG-11249,Uber,Tier 3,35448.09,0.539,12.11,39,0.802,3.83,0.271,0.632,0.032,55,0,656,85000,Moderate Risk,0.1348
GIG-11250,Zepto,Tier 1,31424.86,0.627,29.25,44,0.925,4.57,0.287,0.389,0.18,40,0,694,80000,Moderate Risk,0.1338
GIG-11251,Zomato,Tier 2,19064.64,0.237,13.5,30,0.903,4.44,0.335,0.308,0.296,45,0,623,44000,High Risk,0.3005
GIG-11252,Uber,Tier 1,31971.21,0.637,-1.96,35,0.985,4.96,0.358,0.552,0.02,21,3,516,60000,Very High Risk,0.4676
GIG-11253,Urban Company,Tier 2,29091.42,0.604,12.97,45,0.851,4.56,0.265,0.551,0.084,54,3,510,54000,Very High Risk,0.6693
GIG-11254,Zepto,Tier 3,34666.05,0.879,-4.91,36,0.973,4.69,0.162,0.608,0.089,56,0,698,89000,Moderate Risk,0.1135
GIG-11255,Blinkit,Tier 2,38255.83,0.866,4.52,39,0.812,4.72,0.214,0.482,0.211,31,1,705,99000,Moderate Risk,0.0659
GIG-11256,Urban Company,Tier 1,27230.02,0.661,-6.97,61,0.953,3.61,0.179,0.42,0.288,7,0,664,66000,Moderate Risk,0.1019
GIG-11257,Ola,Tier 1,20399.66,0.55,-10.28,50,0.925,3.96,0.373,0.387,0.189,52,0,594,44000,High Risk,0.1907
GIG-11258,Swiggy,Tier 1,16906.43,0.17,8.66,50,0.861,4.61,0.407,0.309,0.18,9,0,549,34000,Very High Risk,0.5558
GIG-11259,Uber,Tier 2,47631.51,0.773,-1.38,26,0.879,3.91,0.234,0.539,0.119,32,0,681,119000,Moderate Risk,0.1089
GIG-11260,Blinkit,Tier 2,19318.57,0.399,12.48,32,0.793,4.15,0.394,0.617,0.02,10,2,488,35000,Very High Risk,0.698
GIG-11261,Blinkit,Tier 1,26293.63,0.241,-0.52,39,0.879,4.85,0.123,0.613,0.208,31,0,633,61000,High Risk,0.1617
GIG-11262,Urban Company,Tier 2,36323.94,0.969,7.76,65,0.814,4.29,0.394,0.306,0.186,19,0,742,99000,Low Risk,0.0213
GIG-11263,Swiggy,Tier 1,25285.31,0.071,10.03,49,0.958,4.0,0.358,0.385,0.133,13,2,473,44000,Very High Risk,0.5802
GIG-11264,Urban Company,Tier 3,25731.3,0.173,7.27,34,0.907,4.52,0.238,0.61,0.02,47,0,584,55000,High Risk,0.2873
GIG-11265,Zomato,Tier 1,29578.95,0.136,6.62,42,0.809,4.42,0.217,0.483,0.228,56,1,569,62000,High Risk,0.2649
GIG-11266,Blinkit,Tier 1,28958.16,0.384,5.85,43,0.867,3.95,0.166,0.636,0.142,8,0,606,64000,High Risk,0.2516
GIG-11267,Ola,Tier 2,24055.2,0.295,18.34,47,0.82,4.79,0.347,0.589,0.02,28,0,622,55000,High Risk,0.2669
GIG-11268,Zomato,Tier 3,30149.78,0.737,20.84,27,0.928,4.7,0.303,0.344,0.235,22,3,594,66000,High Risk,0.3202
GIG-11269,Urban Company,Tier 1,21366.73,0.122,-3.3,64,0.8,4.6,0.36,0.59,0.02,4,0,556,44000,High Risk,0.2281
GIG-11270,Zepto,Tier 2,25241.12,0.5,0.83,41,0.946,3.51,0.158,0.515,0.252,38,0,604,56000,High Risk,0.2522
GIG-11271,Ola,Tier 1,21292.41,0.522,-0.36,47,0.93,4.94,0.281,0.499,0.151,32,0,652,51000,Moderate Risk,0.0621
GIG-11272,Swiggy,Tier 1,36343.95,0.758,14.57,34,0.907,4.75,0.209,0.665,0.02,10,0,698,93000,Moderate Risk,0.1365
GIG-11273,Zomato,Tier 1,24712.52,0.353,-4.15,32,0.867,4.14,0.243,0.501,0.125,56,1,541,49000,Very High Risk,0.6319
GIG-11274,Ola,Tier 1,28593.07,0.539,18.99,51,0.829,3.75,0.348,0.438,0.15,15,0,652,68000,Moderate Risk,0.1158
GIG-11275,Zepto,Tier 2,27222.66,0.468,3.04,53,0.828,3.84,0.319,0.5,0.065,46,0,583,58000,High Risk,0.2765
GIG-11276,Swiggy,Tier 3,29160.83,0.537,7.05,57,0.821,4.51,0.401,0.385,0.138,40,0,633,68000,High Risk,0.1625
GIG-11277,Urban Company,Tier 1,40230.23,0.596,1.18,26,0.851,4.31,0.352,0.57,0.02,4,0,654,96000,Moderate Risk,0.1111
GIG-11278,Swiggy,Tier 1,21626.08,0.635,10.2,38,0.798,4.34,0.286,0.455,0.125,60,0,621,49000,High Risk,0.2987
GIG-11279,Porter,Tier 1,28857.49,0.395,7.47,62,0.933,3.64,0.279,0.417,0.157,8,1,571,60000,High Risk,0.2194
GIG-11280,Blinkit,Tier 1,28931.79,0.251,6.18,34,0.946,3.8,0.266,0.543,0.125,5,1,531,56000,Very High Risk,0.5498
GIG-11281,Porter,Tier 1,22589.47,0.542,-8.94,33,0.836,4.31,0.361,0.424,0.146,13,0,605,50000,High Risk,0.2537
GIG-11282,Zepto,Tier 3,24760.93,0.426,14.47,39,0.955,4.51,0.13,0.353,0.403,28,0,677,61000,Moderate Risk,0.1197
GIG-11283,Porter,Tier 1,35324.24,0.959,9.98,44,0.933,4.13,0.127,0.326,0.432,27,3,626,81000,High Risk,0.2604
GIG-11284,Zepto,Tier 1,11917.81,0.641,2.67,50,0.977,4.41,0.136,0.596,0.207,25,0,633,28000,High Risk,0.3059
GIG-11285,Ola,Tier 1,35048.11,0.848,11.13,39,0.966,4.52,0.32,0.446,0.178,20,1,681,88000,Moderate Risk,0.0737
GIG-11286,Urban Company,Tier 2,38480.45,0.612,1.75,46,0.797,4.39,0.375,0.319,0.176,59,0,656,93000,Moderate Risk,0.0728
GIG-11287,Uber,Tier 1,23587.78,0.318,13.13,53,0.894,4.5,0.288,0.442,0.163,42,0,624,54000,High Risk,0.2381
GIG-11288,Ola,Tier 3,22889.43,0.366,15.33,42,0.804,3.71,0.305,0.543,0.081,21,0,579,49000,High Risk,0.3227
GIG-11289,Porter,Tier 2,24341.5,0.516,28.51,36,0.975,4.43,0.175,0.525,0.237,59,0,683,61000,Moderate Risk,0.1104
GIG-11290,Porter,Tier 1,36150.4,0.906,6.39,64,0.968,4.76,0.414,0.69,0.02,8,2,620,82000,High Risk,0.3235
GIG-11291,Urban Company,Tier 2,25281.43,0.423,17.52,36,0.927,4.85,0.146,0.645,0.08,11,0,621,58000,High Risk,0.221
GIG-11292,Zepto,Tier 1,20672.02,0.343,16.52,49,0.962,4.27,0.394,0.638,0.02,44,0,584,44000,High Risk,0.1711
GIG-11293,Ola,Tier 3,25993.7,0.613,10.29,45,0.797,4.49,0.314,0.388,0.172,54,0,659,63000,Moderate Risk,0.0992
GIG-11294,Zomato,Tier 2,22766.3,0.403,-1.03,34,0.856,4.21,0.301,0.567,0.027,53,0,591,49000,High Risk,0.3282
GIG-11295,Blinkit,Tier 2,27463.07,0.217,1.81,39,0.829,4.92,0.315,0.419,0.123,37,0,580,58000,High Risk,0.2069
GIG-11296,Porter,Tier 2,18226.82,0.195,5.42,57,0.938,4.83,0.212,0.486,0.166,39,1,530,35000,Very High Risk,0.4938
GIG-11297,Blinkit,Tier 2,22764.43,0.944,0.95,25,0.817,4.64,0.24,0.502,0.144,20,2,604,50000,High Risk,0.2915
GIG-11298,Uber,Tier 1,27873.16,0.766,26.96,33,0.802,3.54,0.208,0.458,0.229,23,0,712,73000,Moderate Risk,0.1387
GIG-11299,Ola,Tier 1,24007.93,0.042,8.75,49,0.793,4.04,0.407,0.457,0.033,60,0,549,48000,Very High Risk,0.5627
GIG-11300,Urban Company,Tier 1,24126.72,0.675,22.89,48,0.89,3.77,0.127,0.442,0.289,54,4,510,45000,Very High Risk,0.6814
GIG-11301,Porter,Tier 3,31399.36,0.637,8.44,37,0.836,4.74,0.391,0.516,0.04,25,2,572,66000,High Risk,0.2904
GIG-11302,Ola,Tier 1,41957.24,0.386,4.1,36,0.826,3.52,0.188,0.433,0.326,9,0,654,101000,Moderate Risk,0.1055
GIG-11303,Ola,Tier 3,29595.04,0.17,7.62,24,0.919,4.61,0.194,0.429,0.296,18,0,598,65000,High Risk,0.2477
GIG-11304,Urban Company,Tier 3,16460.74,0.632,10.21,49,0.868,4.49,0.138,0.512,0.296,55,0,638,39000,High Risk,0.2985
GIG-11305,Zomato,Tier 1,35084.22,0.487,8.48,69,0.975,4.27,0.417,0.504,0.02,39,0,637,82000,High Risk,0.2886
GIG-11306,Zepto,Tier 2,18215.88,0.224,15.41,51,0.982,3.72,0.28,0.527,0.051,56,0,561,37000,High Risk,0.281
GIG-11307,Uber,Tier 1,18979.97,0.455,9.03,54,0.934,3.61,0.132,0.341,0.468,18,0,651,45000,Moderate Risk,0.0957
GIG-11308,Blinkit,Tier 3,25100.47,0.383,16.14,39,0.903,3.88,0.365,0.322,0.193,47,0,625,58000,High Risk,0.3
GIG-11309,Blinkit,Tier 3,29282.07,0.195,6.95,41,0.841,3.57,0.391,0.493,0.038,4,0,580,62000,High Risk,0.192
GIG-11310,Blinkit,Tier 3,34010.78,0.647,-1.75,56,0.925,3.5,0.4,0.52,0.02,39,0,638,80000,High Risk,0.2719
GIG-11311,Uber,Tier 3,29541.44,0.307,16.62,55,0.987,3.61,0.249,0.396,0.242,15,1,581,63000,High Risk,0.3072
GIG-11312,Porter,Tier 3,32061.2,0.676,13.24,48,0.822,3.86,0.406,0.354,0.171,22,0,694,82000,Moderate Risk,0.0834
GIG-11313,Uber,Tier 2,39889.21,0.93,-8.08,27,0.853,3.85,0.257,0.575,0.044,5,1,658,96000,Moderate Risk,0.0605
GIG-11314,Swiggy,Tier 1,22992.15,0.635,12.21,47,0.899,4.68,0.414,0.582,0.02,17,0,653,55000,Moderate Risk,0.1238
GIG-11315,Ola,Tier 1,12062.52,0.492,0.42,18,0.949,3.94,0.149,0.508,0.24,36,1,579,26000,High Risk,0.3472
GIG-11316,Porter,Tier 1,34853.5,0.711,18.22,27,0.932,4.44,0.334,0.472,0.071,24,0,686,88000,Moderate Risk,0.1313
GIG-11317,Ola,Tier 1,25544.03,0.632,-1.81,35,0.973,4.13,0.296,0.484,0.132,24,0,647,61000,Moderate Risk,0.082
GIG-11318,Uber,Tier 2,35740.25,0.723,12.81,40,0.822,3.51,0.381,0.431,0.097,6,0,662,87000,Moderate Risk,0.1314
GIG-11319,Zomato,Tier 1,35446.99,0.465,-4.01,66,0.971,4.23,0.274,0.467,0.13,40,0,640,83000,Moderate Risk,0.1077
GIG-11320,Uber,Tier 1,24642.31,0.467,8.91,38,0.797,4.06,0.139,0.509,0.237,57,0,650,59000,Moderate Risk,0.0954
GIG-11321,Blinkit,Tier 1,26499.22,0.418,12.05,52,0.797,3.84,0.409,0.5,0.02,26,1,551,54000,High Risk,0.2251
GIG-11322,Zepto,Tier 3,21492.36,0.265,11.64,47,0.887,3.94,0.168,0.632,0.053,9,0,594,47000,High Risk,0.3051
GIG-11323,Blinkit,Tier 2,15400.96,0.793,20.08,37,0.9,4.22,0.329,0.458,0.15,23,0,642,36000,Moderate Risk,0.1348
GIG-11324,Uber,Tier 1,28841.47,0.54,3.91,25,0.827,3.58,0.354,0.556,0.02,49,0,604,64000,High Risk,0.3361
GIG-11325,Zepto,Tier 3,29447.29,0.066,-7.47,27,0.871,4.87,0.328,0.399,0.205,34,0,561,61000,High Risk,0.2817
GIG-11326,Blinkit,Tier 1,21924.34,0.482,-0.2,46,0.862,3.91,0.293,0.509,0.1,48,0,601,48000,High Risk,0.326
GIG-11327,Blinkit,Tier 1,23071.2,0.407,-9.42,57,0.941,4.78,0.229,0.51,0.199,45,0,589,50000,High Risk,0.3289
GIG-11328,Uber,Tier 2,24096.98,0.62,-0.45,49,0.952,3.91,0.397,0.584,0.02,22,0,623,55000,High Risk,0.3223
GIG-11329,Urban Company,Tier 1,30558.58,0.814,-3.58,42,0.94,4.76,0.296,0.364,0.288,14,0,727,81000,Moderate Risk,0.1251
GIG-11330,Zomato,Tier 3,33404.76,0.658,11.37,46,0.976,4.35,0.209,0.699,0.02,39,0,637,78000,High Risk,0.3277
GIG-11331,Zepto,Tier 3,39643.28,0.837,12.14,49,0.861,3.67,0.373,0.499,0.065,5,0,700,102000,Moderate Risk,0.1169
GIG-11332,Uber,Tier 3,22739.28,0.53,22.51,44,0.86,4.01,0.372,0.314,0.167,23,0,673,56000,Moderate Risk,0.0698
GIG-11333,Ola,Tier 3,19692.01,0.445,24.33,36,0.823,4.2,0.414,0.378,0.094,39,0,650,47000,Moderate Risk,0.1002
GIG-11334,Swiggy,Tier 2,37077.77,0.633,-8.82,28,0.877,4.47,0.198,0.309,0.429,12,0,709,96000,Moderate Risk,0.0685
GIG-11335,Blinkit,Tier 3,21747.52,0.371,14.01,27,0.944,4.86,0.347,0.57,0.02,7,0,598,48000,High Risk,0.334
GIG-11336,Ola,Tier 2,28426.62,0.575,-17.72,29,0.817,4.93,0.184,0.376,0.324,23,0,650,68000,Moderate Risk,0.099
GIG-11337,Uber,Tier 3,26282.44,0.6,-5.35,48,0.79,4.3,0.19,0.42,0.315,59,0,641,62000,Moderate Risk,0.1021
GIG-11338,Swiggy,Tier 3,28809.23,0.299,11.21,72,0.785,4.89,0.313,0.337,0.298,45,0,668,71000,Moderate Risk,0.1
GIG-11339,Blinkit,Tier 2,39889.27,0.961,3.59,44,0.969,4.57,0.419,0.421,0.022,3,0,686,100000,Moderate Risk,0.1191
GIG-11340,Urban Company,Tier 1,25978.74,0.307,-1.14,28,0.861,4.76,0.351,0.536,0.036,18,2,498,47000,Very High Risk,0.5572
GIG-11341,Swiggy,Tier 2,28505.55,0.399,4.2,47,0.916,4.33,0.348,0.646,0.02,19,1,541,57000,Very High Risk,0.5064
GIG-11342,Swiggy,Tier 3,22133.35,0.155,16.89,58,0.978,4.56,0.359,0.662,0.02,3,0,581,47000,High Risk,0.2349
GIG-11343,Zomato,Tier 2,32538.45,0.739,-3.02,27,0.803,3.87,0.385,0.444,0.059,31,0,633,76000,High Risk,0.211
GIG-11344,Zepto,Tier 1,32305.39,0.48,4.44,38,0.942,4.18,0.152,0.409,0.349,59,0,679,80000,Moderate Risk,0.0658
GIG-11345,Zepto,Tier 2,38146.87,0.882,10.46,46,0.908,4.59,0.22,0.58,0.058,59,0,727,102000,Moderate Risk,0.1296
GIG-11346,Zepto,Tier 2,26142.46,0.134,11.87,28,0.871,4.6,0.27,0.626,0.02,37,0,562,54000,High Risk,0.276
GIG-11347,Zepto,Tier 1,15640.73,0.536,-10.2,41,0.987,4.3,0.319,0.412,0.187,56,0,586,34000,High Risk,0.2535
GIG-11348,Porter,Tier 3,43164.02,0.781,23.91,52,0.849,4.11,0.189,0.692,0.02,44,4,521,82000,Very High Risk,0.5325
GIG-11349,Ola,Tier 1,27556.85,0.374,9.11,59,0.985,4.73,0.42,0.535,0.02,31,0,622,63000,High Risk,0.1501
GIG-11350,Swiggy,Tier 1,33916.19,0.54,-7.14,53,0.855,4.89,0.192,0.338,0.413,21,0,663,82000,Moderate Risk,0.1152
GIG-11351,Zomato,Tier 2,37109.59,0.633,0.97,37,0.805,4.17,0.286,0.384,0.277,19,0,691,94000,Moderate Risk,0.0948
GIG-11352,Swiggy,Tier 1,18887.66,0.491,1.52,46,0.824,3.96,0.155,0.483,0.214,24,0,626,43000,High Risk,0.32
GIG-11353,Uber,Tier 2,37023.4,0.882,7.01,44,0.944,3.92,0.289,0.462,0.15,13,0,718,97000,Moderate Risk,0.1223
GIG-11354,Swiggy,Tier 3,18492.95,0.206,-8.84,42,0.814,4.2,0.349,0.699,0.02,60,1,490,33000,Very High Risk,0.3859
GIG-11355,Swiggy,Tier 2,30231.38,0.615,14.89,54,0.989,4.64,0.235,0.523,0.155,41,0,668,74000,Moderate Risk,0.1039
GIG-11356,Porter,Tier 3,22239.18,0.352,21.01,62,0.894,4.0,0.332,0.631,0.02,4,0,588,48000,High Risk,0.2435
GIG-11357,Zepto,Tier 3,24637.89,0.568,5.52,40,0.816,3.5,0.381,0.569,0.02,13,0,591,53000,High Risk,0.2339
GIG-11358,Zepto,Tier 1,46879.2,0.634,6.3,45,0.958,4.68,0.416,0.579,0.02,6,3,555,95000,High Risk,0.3268
GIG-11359,Swiggy,Tier 2,29549.24,0.344,-11.23,23,0.864,4.86,0.228,0.642,0.02,16,0,613,66000,High Risk,0.2916
GIG-11360,Ola,Tier 2,25470.57,0.294,-5.32,36,0.914,4.91,0.326,0.671,0.02,47,0,552,52000,High Risk,0.3193
GIG-11361,Urban Company,Tier 3,21165.52,0.258,5.8,59,0.924,4.85,0.282,0.501,0.138,21,0,591,46000,High Risk,0.1827
GIG-11362,Urban Company,Tier 1,39237.51,0.859,-6.54,44,0.887,4.84,0.168,0.576,0.147,9,0,726,104000,Moderate Risk,0.0797
GIG-11363,Zomato,Tier 2,30921.29,0.708,-1.89,47,0.934,3.56,0.177,0.566,0.197,39,3,526,60000,Very High Risk,0.6385
GIG-11364,Porter,Tier 1,35565.83,0.623,18.96,24,0.93,3.54,0.207,0.543,0.164,6,1,617,80000,High Risk,0.1792
GIG-11365,Blinkit,Tier 1,33562.15,0.336,-1.47,41,0.895,4.63,0.293,0.631,0.02,30,0,629,77000,High Risk,0.2892
GIG-11366,Swiggy,Tier 2,35927.69,0.631,15.95,56,0.888,4.78,0.419,0.612,0.02,55,0,689,91000,Moderate Risk,0.122
GIG-11367,Porter,Tier 1,36194.81,0.873,12.77,34,0.842,3.51,0.31,0.345,0.229,9,2,612,81000,High Risk,0.3301
GIG-11368,Zomato,Tier 1,36905.68,0.727,14.01,61,0.985,4.89,0.248,0.589,0.03,13,1,652,88000,Moderate Risk,0.0856
GIG-11369,Urban Company,Tier 1,24709.76,0.188,26.01,44,0.794,4.8,0.402,0.547,0.02,33,0,598,54000,High Risk,0.2316
GIG-11370,Swiggy,Tier 2,29818.31,0.809,14.63,41,0.913,3.82,0.221,0.639,0.051,53,0,658,72000,Moderate Risk,0.0835
GIG-11371,Zepto,Tier 2,38339.27,0.586,-5.73,33,0.982,4.37,0.356,0.318,0.265,34,1,604,85000,High Risk,0.231
GIG-11372,Urban Company,Tier 1,31789.72,0.808,-1.17,53,0.929,4.63,0.339,0.628,0.02,44,0,667,78000,Moderate Risk,0.0802
GIG-11373,Zepto,Tier 1,26596.96,0.456,1.97,37,0.798,4.75,0.379,0.602,0.02,26,0,600,59000,High Risk,0.2532
GIG-11374,Zepto,Tier 2,21247.28,0.272,11.77,43,0.988,4.28,0.206,0.616,0.112,14,0,590,46000,High Risk,0.1903
GIG-11375,Porter,Tier 1,39409.87,0.728,-0.59,32,0.94,4.56,0.319,0.303,0.314,19,0,698,101000,Moderate Risk,0.0928
GIG-11376,Porter,Tier 2,24397.08,0.438,13.17,49,0.893,3.98,0.264,0.505,0.141,19,2,520,47000,Very High Risk,0.5591
GIG-11377,Ola,Tier 2,34409.03,0.579,-9.32,48,0.806,4.27,0.284,0.434,0.169,39,0,643,81000,Moderate Risk,0.0649
GIG-11378,Zomato,Tier 1,18824.57,0.098,22.84,44,0.886,4.38,0.348,0.543,0.02,51,1,518,36000,Very High Risk,0.5562
GIG-11379,Swiggy,Tier 1,32113.06,0.819,22.52,46,0.784,4.19,0.39,0.39,0.167,45,0,703,83000,Moderate Risk,0.0968
GIG-11380,Blinkit,Tier 3,42568.16,0.463,21.46,33,0.954,4.67,0.337,0.444,0.157,29,0,726,113000,Moderate Risk,0.1169
GIG-11381,Ola,Tier 3,32182.13,0.747,-2.02,42,0.848,4.43,0.388,0.636,0.02,6,0,630,74000,High Risk,0.3181
GIG-11382,Zepto,Tier 3,29638.07,0.565,14.83,45,0.962,4.35,0.187,0.461,0.204,29,0,670,73000,Moderate Risk,0.1026
GIG-11383,Porter,Tier 3,39789.9,0.905,-16.15,42,0.817,4.89,0.215,0.62,0.043,59,1,647,94000,Moderate Risk,0.1318
GIG-11384,Ola,Tier 2,32791.2,0.901,13.37,52,0.955,3.96,0.324,0.422,0.13,22,0,680,82000,Moderate Risk,0.073
GIG-11385,Swiggy,Tier 2,42107.23,0.771,21.8,41,0.813,3.9,0.19,0.46,0.278,60,0,754,116000,Low Risk,0.0132
GIG-11386,Zomato,Tier 3,39841.56,0.375,14.44,54,0.827,4.84,0.267,0.572,0.096,39,0,638,93000,High Risk,0.2499
GIG-11387,Uber,Tier 1,34572.93,0.947,-4.62,63,0.852,3.64,0.186,0.39,0.28,51,0,708,90000,Moderate Risk,0.0749
GIG-11388,Porter,Tier 1,21931.77,0.196,1.69,51,0.866,4.25,0.41,0.565,0.02,13,0,566,46000,High Risk,0.2466
GIG-11389,Ola,Tier 1,25835.71,0.621,4.01,48,0.985,3.66,0.259,0.372,0.244,11,0,631,60000,High Risk,0.198
GIG-11390,Zomato,Tier 2,29897.78,0.211,5.18,41,0.795,3.78,0.344,0.537,0.02,8,0,574,63000,High Risk,0.2164
GIG-11391,Zepto,Tier 1,29404.34,0.442,4.53,40,0.9,4.75,0.396,0.494,0.02,55,0,625,67000,High Risk,0.2006
GIG-11392,Uber,Tier 3,24094.51,0.464,23.3,44,0.916,3.58,0.335,0.34,0.261,19,0,625,55000,High Risk,0.3358
GIG-11393,Blinkit,Tier 3,36859.99,0.726,-9.8,49,0.807,3.78,0.365,0.564,0.02,54,0,622,84000,High Risk,0.2293
GIG-11394,Swiggy,Tier 1,36777.92,0.641,1.63,38,0.901,4.83,0.354,0.615,0.02,27,0,662,89000,Moderate Risk,0.0787
GIG-11395,Zepto,Tier 3,34065.96,0.889,23.61,47,0.83,3.52,0.126,0.545,0.277,23,4,578,72000,High Risk,0.1867
GIG-11396,Urban Company,Tier 3,21703.01,0.458,3.7,53,0.972,4.86,0.143,0.348,0.36,32,0,656,52000,Moderate Risk,0.0791
GIG-11397,Zomato,Tier 3,21917.9,0.468,10.41,29,0.883,3.75,0.256,0.504,0.137,42,1,541,43000,Very High Risk,0.5359
GIG-11398,Zepto,Tier 1,33640.28,0.422,-8.66,51,0.971,4.35,0.331,0.642,0.02,29,0,595,73000,High Risk,0.2623
GIG-11399,Uber,Tier 1,22202.61,0.283,10.71,45,0.803,3.8,0.39,0.499,0.02,39,0,558,45000,High Risk,0.2334
GIG-11400,Swiggy,Tier 1,21401.28,0.427,-0.38,46,0.901,4.27,0.242,0.627,0.063,39,0,593,47000,High Risk,0.3396
GIG-11401,Swiggy,Tier 2,20828.24,0.67,12.07,38,0.789,3.8,0.18,0.326,0.371,58,0,684,52000,Moderate Risk,0.1308
GIG-11402,Blinkit,Tier 2,25545.5,0.105,15.54,40,0.797,4.16,0.356,0.312,0.223,19,0,603,56000,High Risk,0.3357
GIG-11403,Zepto,Tier 3,19972.53,0.114,-2.98,51,0.974,4.14,0.415,0.386,0.078,34,0,539,39000,Very High Risk,0.6377
GIG-11404,Porter,Tier 1,39960.2,0.59,12.35,50,0.857,3.57,0.231,0.5,0.198,14,0,707,104000,Moderate Risk,0.1007
GIG-11405,Urban Company,Tier 2,16213.76,0.481,14.36,44,0.904,4.13,0.218,0.556,0.176,12,3,471,28000,Very High Risk,0.4389
GIG-11406,Zepto,Tier 1,21829.39,0.206,13.18,63,0.983,4.95,0.255,0.639,0.026,28,0,564,45000,High Risk,0.183
GIG-11407,Blinkit,Tier 3,32888.85,0.706,-9.07,52,0.852,4.49,0.41,0.456,0.02,18,0,632,76000,High Risk,0.2033
GIG-11408,Zomato,Tier 3,30762.58,0.825,-9.8,35,0.989,4.61,0.251,0.547,0.143,33,0,672,76000,Moderate Risk,0.1345
GIG-11409,Urban Company,Tier 2,25618.11,0.681,17.78,70,0.781,3.64,0.182,0.439,0.275,4,0,682,64000,Moderate Risk,0.0821
GIG-11410,Blinkit,Tier 2,33035.37,0.813,21.9,57,0.803,4.18,0.395,0.382,0.127,22,0,726,88000,Moderate Risk,0.1249
GIG-11411,Urban Company,Tier 2,32298.92,0.816,-0.88,66,0.893,3.72,0.258,0.518,0.079,57,0,650,77000,Moderate Risk,0.1384
GIG-11412,Swiggy,Tier 1,15269.4,0.455,-6.3,47,0.921,4.62,0.156,0.489,0.276,11,1,563,32000,High Risk,0.1863
GIG-11413,Urban Company,Tier 3,46538.83,0.711,11.23,46,0.864,3.54,0.346,0.689,0.02,31,1,660,113000,Moderate Risk,0.1014
GIG-11414,Blinkit,Tier 2,27219.81,0.965,8.88,55,0.789,4.95,0.418,0.539,0.02,49,0,693,69000,Moderate Risk,0.0821
GIG-11415,Zepto,Tier 3,27714.89,0.388,19.23,49,0.926,4.23,0.353,0.595,0.02,44,0,619,63000,High Risk,0.3218
GIG-11416,Swiggy,Tier 1,30646.1,0.698,4.82,63,0.983,4.66,0.187,0.421,0.332,31,0,709,80000,Moderate Risk,0.0745
GIG-11417,Ola,Tier 2,32034.06,0.954,17.95,33,0.968,3.98,0.234,0.613,0.027,50,1,637,75000,High Risk,0.3408
GIG-11418,Porter,Tier 3,24695.61,0.856,5.7,39,0.819,3.59,0.387,0.672,0.02,58,1,591,54000,High Risk,0.1867
GIG-11419,Blinkit,Tier 1,28118.53,0.611,-3.04,41,0.83,3.89,0.418,0.394,0.114,35,0,616,64000,High Risk,0.3219
GIG-11420,Uber,Tier 1,35549.35,0.801,-5.51,59,0.83,4.54,0.224,0.482,0.188,22,0,674,88000,Moderate Risk,0.0791
GIG-11421,Zepto,Tier 1,32104.34,0.923,3.33,42,0.866,4.57,0.178,0.629,0.11,52,0,688,81000,Moderate Risk,0.1218
GIG-11422,Zomato,Tier 1,16172.42,0.436,-11.46,50,0.811,3.96,0.186,0.456,0.256,15,0,607,36000,High Risk,0.3009
GIG-11423,Ola,Tier 1,17656.27,0.254,17.03,47,0.787,4.72,0.352,0.568,0.02,18,3,454,29000,Very High Risk,0.5066
GIG-11424,Zomato,Tier 2,27460.57,0.181,-11.54,54,0.868,4.83,0.144,0.636,0.087,6,0,581,59000,High Risk,0.2097
GIG-11425,Blinkit,Tier 3,35530.05,0.524,-12.1,45,0.813,4.9,0.367,0.689,0.02,15,0,622,81000,High Risk,0.1534
GIG-11426,Urban Company,Tier 2,34842.35,0.897,14.69,36,0.835,4.05,0.376,0.617,0.02,55,0,693,89000,Moderate Risk,0.1055
GIG-11427,Porter,Tier 3,38072.36,0.407,19.86,54,0.814,4.81,0.223,0.35,0.317,28,0,696,97000,Moderate Risk,0.1252
GIG-11428,Swiggy,Tier 3,42870.2,0.743,-7.84,54,0.987,4.52,0.399,0.347,0.198,4,0,716,113000,Moderate Risk,0.0709
GIG-11429,Ola,Tier 2,43685.74,0.961,-3.07,66,0.828,4.55,0.34,0.308,0.262,34,1,722,116000,Moderate Risk,0.1016
GIG-11430,Porter,Tier 1,17945.86,0.272,0.02,51,0.866,3.92,0.203,0.619,0.031,58,0,526,35000,Very High Risk,0.3733
GIG-11431,Porter,Tier 3,39671.84,0.778,19.74,56,0.908,3.78,0.317,0.483,0.088,38,0,763,111000,Low Risk,0.0274
GIG-11432,Blinkit,Tier 2,30916.62,0.867,11.63,26,0.918,3.91,0.366,0.423,0.062,13,0,684,78000,Moderate Risk,0.1276
GIG-11433,Urban Company,Tier 3,26323.77,0.449,10.56,51,0.852,3.96,0.182,0.464,0.284,56,3,489,47000,Very High Risk,0.4125
GIG-11434,Swiggy,Tier 2,26856.45,0.435,-7.72,38,0.973,4.95,0.249,0.545,0.111,4,0,612,60000,High Risk,0.1655
GIG-11435,Zepto,Tier 1,38536.47,0.567,7.11,50,0.834,3.78,0.233,0.457,0.173,13,0,657,93000,Moderate Risk,0.0925
GIG-11436,Ola,Tier 1,32884.38,0.777,-6.02,38,0.792,4.22,0.407,0.471,0.036,44,4,470,57000,Very High Risk,0.5409
GIG-11437,Ola,Tier 3,16754.59,0.646,10.66,40,0.887,3.59,0.166,0.679,0.051,16,0,603,37000,High Risk,0.2886
GIG-11438,Urban Company,Tier 3,28329.23,0.226,13.38,38,0.851,4.9,0.271,0.687,0.02,29,0,612,64000,High Risk,0.1625
GIG-11439,Zomato,Tier 3,22581.1,0.31,-3.43,44,0.986,3.66,0.151,0.6,0.168,3,0,571,47000,High Risk,0.19
GIG-11440,Porter,Tier 1,14412.96,0.245,12.67,43,0.83,4.41,0.306,0.319,0.264,44,0,596,31000,High Risk,0.2995
GIG-11441,Uber,Tier 3,29830.79,0.429,12.23,50,0.843,3.83,0.183,0.524,0.148,54,0,634,69000,High Risk,0.2107
GIG-11442,Zomato,Tier 1,38634.91,0.793,-5.38,45,0.988,4.02,0.41,0.338,0.129,19,0,665,94000,Moderate Risk,0.0819
GIG-11443,Urban Company,Tier 3,43338.08,0.673,22.11,29,0.814,4.09,0.334,0.317,0.286,48,0,726,115000,Moderate Risk,0.1068
GIG-11444,Urban Company,Tier 2,22755.16,0.403,16.61,45,0.798,4.82,0.357,0.689,0.02,60,0,611,51000,High Risk,0.2538
GIG-11445,Zepto,Tier 2,22886.27,0.036,11.77,45,0.853,4.45,0.254,0.333,0.325,32,4,429,36000,Very High Risk,0.3765
GIG-11446,Urban Company,Tier 1,34773.05,0.536,10.79,63,0.892,3.58,0.406,0.617,0.02,32,3,481,61000,Very High Risk,0.6105
GIG-11447,Urban Company,Tier 3,46837.69,0.803,6.08,55,0.932,3.87,0.387,0.529,0.02,36,0,696,120000,Moderate Risk,0.1286
GIG-11448,Zepto,Tier 3,26784.34,0.662,4.58,33,0.786,3.8,0.24,0.367,0.324,9,0,681,67000,Moderate Risk,0.1369
GIG-11449,Zomato,Tier 3,21973.89,0.668,25.85,30,0.861,4.28,0.278,0.605,0.031,45,0,653,53000,Moderate Risk,0.1062
GIG-11450,Blinkit,Tier 3,27142.36,0.394,16.02,46,0.849,4.14,0.303,0.664,0.02,44,3,465,46000,Very High Risk,0.5616
GIG-11451,Urban Company,Tier 2,24872.0,0.309,-1.48,60,0.876,3.74,0.196,0.447,0.3,46,0,595,54000,High Risk,0.2715
GIG-11452,Swiggy,Tier 2,26852.64,0.198,-14.31,58,0.814,4.42,0.272,0.422,0.183,7,0,561,55000,High Risk,0.2455
GIG-11453,Blinkit,Tier 2,36500.58,0.658,8.15,30,0.8,4.29,0.344,0.465,0.074,43,0,671,90000,Moderate Risk,0.095
GIG-11454,Blinkit,Tier 2,21311.6,0.202,8.15,50,0.87,3.73,0.243,0.616,0.02,19,0,586,46000,High Risk,0.162
GIG-11455,Urban Company,Tier 1,18759.76,0.431,-1.58,60,0.83,4.16,0.31,0.555,0.02,12,0,588,40000,High Risk,0.3041
GIG-11456,Ola,Tier 1,43241.48,0.537,22.98,41,0.985,4.56,0.195,0.536,0.166,54,1,663,105000,Moderate Risk,0.1183
GIG-11457,Zepto,Tier 3,24233.36,0.328,7.73,46,0.901,3.84,0.125,0.578,0.224,23,1,573,51000,High Risk,0.2433
GIG-11458,Uber,Tier 3,41005.18,0.674,6.76,54,0.802,3.9,0.122,0.355,0.429,4,0,745,112000,Low Risk,0.0461
GIG-11459,Porter,Tier 2,33737.36,0.692,8.47,37,0.949,4.29,0.358,0.41,0.131,19,0,689,85000,Moderate Risk,0.1354
GIG-11460,Zepto,Tier 2,29393.18,0.263,11.94,37,0.962,4.57,0.184,0.546,0.175,27,0,619,67000,High Risk,0.2564
GIG-11461,Zomato,Tier 3,23888.03,0.417,6.1,49,0.872,3.72,0.15,0.419,0.301,48,0,620,54000,High Risk,0.182
GIG-11462,Ola,Tier 2,37817.28,0.751,21.26,56,0.912,4.01,0.279,0.455,0.146,49,0,726,101000,Moderate Risk,0.0665
GIG-11463,Ola,Tier 3,39025.84,0.597,0.52,19,0.972,3.84,0.197,0.445,0.222,37,2,583,83000,High Risk,0.194
GIG-11464,Porter,Tier 3,24747.05,0.41,-1.71,45,0.925,3.82,0.388,0.567,0.02,25,2,488,44000,Very High Risk,0.4027
GIG-11465,Urban Company,Tier 1,29908.67,0.766,15.37,29,0.882,4.92,0.372,0.677,0.02,56,0,683,75000,Moderate Risk,0.125
GIG-11466,Uber,Tier 2,19670.52,0.347,3.77,40,0.912,3.75,0.349,0.446,0.073,9,0,544,39000,Very High Risk,0.5911
GIG-11467,Porter,Tier 1,35497.8,0.585,6.93,31,0.884,3.56,0.178,0.47,0.219,50,0,680,89000,Moderate Risk,0.1069
GIG-11468,Urban Company,Tier 3,24953.63,0.566,8.96,38,0.873,4.42,0.39,0.432,0.043,54,0,603,55000,High Risk,0.1584
GIG-11469,Uber,Tier 3,22297.78,0.424,8.91,43,0.897,4.74,0.243,0.547,0.07,60,1,571,47000,High Risk,0.1888
GIG-11470,Blinkit,Tier 3,28113.28,0.802,4.84,75,0.965,4.82,0.256,0.482,0.16,8,0,668,69000,Moderate Risk,0.136
GIG-11471,Ola,Tier 2,17510.85,0.346,18.28,36,0.793,4.71,0.223,0.665,0.047,17,0,578,37000,High Risk,0.2465
GIG-11472,Urban Company,Tier 2,27798.3,0.486,2.76,31,0.878,4.74,0.382,0.32,0.232,53,0,642,65000,Moderate Risk,0.1076
GIG-11473,Blinkit,Tier 2,36101.54,0.656,-3.05,37,0.816,4.41,0.289,0.37,0.192,19,0,662,88000,Moderate Risk,0.0678
GIG-11474,Urban Company,Tier 2,29734.26,0.155,5.97,45,0.926,4.04,0.379,0.312,0.215,57,0,546,60000,Very High Risk,0.5664
GIG-11475,Swiggy,Tier 2,23721.14,0.062,12.24,40,0.821,3.96,0.256,0.64,0.02,6,1,517,45000,Very High Risk,0.4525
GIG-11476,Swiggy,Tier 2,15270.99,0.64,9.29,56,0.809,4.66,0.42,0.64,0.02,59,0,622,35000,High Risk,0.2344
GIG-11477,Ola,Tier 3,35412.16,0.837,19.05,28,0.861,3.53,0.235,0.624,0.037,10,0,700,91000,Moderate Risk,0.0976
GIG-11478,Zepto,Tier 3,26403.96,0.052,9.47,46,0.789,4.24,0.158,0.635,0.146,22,0,559,54000,High Risk,0.2542
GIG-11479,Zepto,Tier 1,28420.98,0.496,1.41,54,0.789,4.63,0.313,0.686,0.02,58,0,642,67000,Moderate Risk,0.0905
GIG-11480,Uber,Tier 1,32439.18,0.734,0.91,43,0.852,3.92,0.244,0.586,0.033,15,0,655,78000,Moderate Risk,0.1149
GIG-11481,Blinkit,Tier 2,18439.44,0.265,14.12,49,0.912,4.38,0.32,0.38,0.223,39,0,630,43000,High Risk,0.2392
GIG-11482,Porter,Tier 1,23101.87,0.713,-1.94,63,0.867,4.82,0.415,0.568,0.02,23,0,626,53000,High Risk,0.3369
GIG-11483,Uber,Tier 1,38288.4,0.876,-7.99,46,0.858,4.07,0.385,0.642,0.02,34,0,657,92000,Moderate Risk,0.098
GIG-11484,Blinkit,Tier 3,14021.56,0.491,9.04,38,0.791,4.97,0.272,0.31,0.314,14,1,567,29000,High Risk,0.3045
GIG-11485,Blinkit,Tier 3,21878.92,0.403,19.88,35,0.963,4.43,0.12,0.441,0.303,6,0,645,52000,Moderate Risk,0.0603
GIG-11486,Zomato,Tier 2,31624.41,0.33,14.82,52,0.802,4.22,0.31,0.341,0.247,20,0,634,74000,High Risk,0.2985
GIG-11487,Ola,Tier 1,21803.19,0.239,3.57,43,0.93,3.79,0.159,0.435,0.279,39,0,592,47000,High Risk,0.196
GIG-11488,Uber,Tier 2,40699.01,0.752,-5.69,58,0.897,3.68,0.13,0.619,0.128,53,0,647,97000,Moderate Risk,0.0702
GIG-11489,Swiggy,Tier 1,30007.55,0.779,-11.81,36,0.807,3.61,0.328,0.498,0.062,42,1,585,64000,High Risk,0.2981
GIG-11490,Zepto,Tier 3,30700.97,0.728,0.96,74,0.83,4.32,0.347,0.407,0.158,30,0,667,75000,Moderate Risk,0.1256
GIG-11491,Zepto,Tier 2,33145.88,0.753,-7.33,48,0.788,4.87,0.174,0.665,0.105,33,2,583,71000,High Risk,0.1902
GIG-11492,Zepto,Tier 1,27292.76,0.034,12.3,37,0.966,4.07,0.324,0.391,0.209,5,0,611,61000,High Risk,0.2108
GIG-11493,Ola,Tier 3,28825.73,0.082,1.78,45,0.85,4.72,0.338,0.457,0.07,26,2,510,54000,Very High Risk,0.5425
GIG-11494,Zomato,Tier 2,37547.75,0.56,6.39,46,0.983,4.24,0.135,0.388,0.403,51,0,695,96000,Moderate Risk,0.0635
GIG-11495,Ola,Tier 1,28281.8,0.411,7.09,46,0.796,3.8,0.317,0.477,0.127,46,0,614,64000,High Risk,0.239
GIG-11496,Zomato,Tier 3,30413.98,0.419,6.63,30,0.875,4.53,0.371,0.684,0.02,49,0,620,69000,High Risk,0.1535
GIG-11497,Ola,Tier 1,26946.4,0.215,26.72,27,0.98,3.63,0.402,0.424,0.073,47,0,592,58000,High Risk,0.1642
GIG-11498,Blinkit,Tier 2,40723.85,0.927,9.78,28,0.821,4.91,0.181,0.623,0.109,11,3,610,91000,High Risk,0.2236
GIG-11499,Swiggy,Tier 2,38338.35,0.504,20.58,44,0.91,4.3,0.289,0.656,0.02,35,0,684,96000,Moderate Risk,0.0965
GIG-11500,Urban Company,Tier 1,27935.69,0.078,8.38,47,0.787,4.44,0.405,0.332,0.155,7,2,500,51000,Very High Risk,0.3633
GIG-11501,Zomato,Tier 2,24536.19,0.776,6.47,21,0.845,4.73,0.4,0.649,0.02,21,1,610,55000,High Risk,0.3342
GIG-11502,Porter,Tier 3,15170.85,0.194,4.69,37,0.81,4.19,0.405,0.444,0.02,36,0,541,30000,Very High Risk,0.5698
GIG-11503,Blinkit,Tier 2,36315.53,0.837,-1.28,64,0.957,4.9,0.282,0.672,0.02,59,0,724,96000,Moderate Risk,0.1343
GIG-11504,Uber,Tier 2,20780.49,0.783,2.64,50,0.828,4.92,0.128,0.433,0.363,60,0,710,54000,Moderate Risk,0.0925
GIG-11505,Porter,Tier 2,35118.88,0.781,18.77,43,0.945,4.21,0.236,0.51,0.136,51,0,728,94000,Moderate Risk,0.0885
GIG-11506,Ola,Tier 1,34758.9,0.84,-0.89,41,0.853,4.69,0.359,0.498,0.046,54,0,680,87000,Moderate Risk,0.0776
GIG-11507,Zepto,Tier 1,25688.86,0.242,-6.73,52,0.795,3.66,0.314,0.602,0.02,17,0,525,49000,Very High Risk,0.6815
GIG-11508,Ola,Tier 3,26905.67,0.392,5.68,52,0.884,4.68,0.198,0.349,0.36,11,2,575,57000,High Risk,0.2501
GIG-11509,Ola,Tier 3,38829.68,0.655,-3.16,41,0.8,3.86,0.233,0.516,0.178,4,0,649,92000,Moderate Risk,0.1222
GIG-11510,Uber,Tier 1,27435.85,0.386,3.72,51,0.842,3.89,0.294,0.583,0.07,26,0,633,64000,High Risk,0.1841
GIG-11511,Zomato,Tier 2,30713.13,0.939,-3.49,50,0.854,4.6,0.197,0.504,0.194,59,0,704,79000,Moderate Risk,0.0977
GIG-11512,Urban Company,Tier 3,33549.54,0.75,-10.89,52,0.907,3.8,0.197,0.627,0.105,42,0,637,78000,High Risk,0.2829
GIG-11513,Zomato,Tier 3,16013.75,0.645,3.78,55,0.932,4.71,0.161,0.582,0.115,6,0,630,37000,High Risk,0.2019
GIG-11514,Swiggy,Tier 3,26363.35,0.552,-6.35,18,0.899,4.54,0.134,0.332,0.478,56,0,629,61000,High Risk,0.3061
GIG-11515,Zomato,Tier 1,22171.77,0.323,0.35,56,0.956,3.88,0.207,0.571,0.151,47,0,600,49000,High Risk,0.3279
GIG-11516,Swiggy,Tier 2,18597.22,0.474,6.25,35,0.849,3.83,0.26,0.567,0.085,31,1,562,38000,High Risk,0.347
GIG-11517,Zepto,Tier 1,35219.93,0.939,0.97,58,0.904,3.58,0.416,0.62,0.02,38,0,666,86000,Moderate Risk,0.0811
GIG-11518,Urban Company,Tier 2,36096.9,0.251,13.03,49,0.821,3.99,0.251,0.685,0.02,47,0,596,79000,High Risk,0.3402
GIG-11519,Uber,Tier 1,42567.74,0.592,15.9,55,0.855,3.83,0.395,0.471,0.02,47,0,686,107000,Moderate Risk,0.091
GIG-11520,Zomato,Tier 2,25290.73,0.121,13.93,46,0.969,4.9,0.389,0.301,0.167,29,0,615,57000,High Risk,0.2305
GIG-11521,Swiggy,Tier 3,15822.36,0.451,-4.1,37,0.834,3.95,0.3,0.489,0.127,36,0,578,34000,High Risk,0.1966
GIG-11522,Urban Company,Tier 3,27392.27,0.366,12.89,56,0.865,4.32,0.196,0.314,0.356,41,1,617,62000,High Risk,0.2982
GIG-11523,Uber,Tier 2,23763.13,0.542,20.3,48,0.945,3.72,0.278,0.643,0.02,56,0,619,54000,High Risk,0.1503
GIG-11524,Swiggy,Tier 3,34461.12,0.739,-23.94,56,0.871,4.53,0.256,0.351,0.255,49,0,659,83000,Moderate Risk,0.1118
GIG-11525,Swiggy,Tier 2,21659.02,0.635,10.02,44,0.838,4.36,0.213,0.598,0.134,10,0,644,51000,Moderate Risk,0.0873
GIG-11526,Swiggy,Tier 2,38540.44,0.749,6.01,50,0.862,4.69,0.278,0.397,0.254,15,0,721,102000,Moderate Risk,0.0697
GIG-11527,Ola,Tier 2,26295.09,0.124,6.84,36,0.923,4.51,0.311,0.5,0.087,56,0,591,57000,High Risk,0.2674
GIG-11528,Ola,Tier 2,38470.44,0.776,8.19,60,0.833,3.66,0.39,0.657,0.02,48,1,595,84000,High Risk,0.2978
GIG-11529,Zepto,Tier 2,23358.98,0.524,-6.48,32,0.886,3.92,0.253,0.447,0.176,13,0,589,50000,High Risk,0.2151
GIG-11530,Zomato,Tier 3,32876.86,0.735,8.46,37,0.915,4.84,0.154,0.426,0.361,34,0,727,88000,Moderate Risk,0.1178
GIG-11531,Ola,Tier 3,28683.51,0.544,-0.07,52,0.791,3.69,0.303,0.543,0.078,33,0,633,67000,High Risk,0.3006
GIG-11532,Blinkit,Tier 1,31412.18,0.832,2.58,26,0.803,3.69,0.259,0.592,0.02,3,0,623,72000,High Risk,0.1886
GIG-11533,Zomato,Tier 3,23906.45,0.525,-4.22,51,0.887,4.16,0.247,0.517,0.088,8,1,554,49000,High Risk,0.2784
GIG-11534,Swiggy,Tier 3,14830.58,0.543,4.39,56,0.875,4.66,0.148,0.653,0.082,45,1,568,31000,High Risk,0.1687
GIG-11535,Porter,Tier 1,29634.04,0.439,-3.72,50,0.88,4.19,0.268,0.514,0.165,8,0,639,69000,High Risk,0.3131
GIG-11536,Swiggy,Tier 3,27482.73,0.131,-3.0,26,0.918,3.9,0.135,0.449,0.28,49,0,584,59000,High Risk,0.2052
GIG-11537,Swiggy,Tier 2,32322.99,0.895,13.21,54,0.789,4.69,0.28,0.457,0.159,44,0,717,85000,Moderate Risk,0.0868
GIG-11538,Ola,Tier 2,19077.45,0.288,13.25,42,0.823,4.12,0.213,0.615,0.117,21,0,575,40000,High Risk,0.2044
GIG-11539,Urban Company,Tier 2,29704.72,0.221,-11.34,48,0.845,4.47,0.165,0.547,0.153,6,0,602,66000,High Risk,0.2619
GIG-11540,Swiggy,Tier 1,15199.35,0.29,8.43,52,0.858,3.78,0.365,0.541,0.02,58,0,541,30000,Very High Risk,0.3905
GIG-11541,Zomato,Tier 2,36081.05,0.595,3.16,47,0.914,4.8,0.13,0.632,0.147,26,0,703,93000,Moderate Risk,0.0803
GIG-11542,Blinkit,Tier 2,20369.0,0.506,4.93,56,0.857,4.48,0.222,0.439,0.216,50,0,639,48000,High Risk,0.3111
GIG-11543,Swiggy,Tier 1,23639.78,0.291,-5.88,52,0.851,3.9,0.375,0.458,0.046,57,0,558,48000,High Risk,0.3012
GIG-11544,Zomato,Tier 1,14456.74,0.36,26.38,36,0.838,4.2,0.323,0.672,0.02,57,0,610,32000,High Risk,0.1634
GIG-11545,Uber,Tier 3,25464.74,0.511,0.37,60,0.906,3.53,0.412,0.419,0.094,44,0,595,56000,High Risk,0.2584
GIG-11546,Uber,Tier 2,23563.38,0.502,-1.19,40,0.818,4.69,0.294,0.682,0.02,25,0,594,51000,High Risk,0.3039
GIG-11547,Porter,Tier 3,32820.28,0.973,13.89,57,0.794,4.18,0.319,0.418,0.182,20,0,728,88000,Moderate Risk,0.0828
GIG-11548,Swiggy,Tier 2,27700.24,0.617,14.72,42,0.788,3.72,0.217,0.438,0.21,55,0,650,66000,Moderate Risk,0.1259
GIG-11549,Blinkit,Tier 1,30780.2,0.508,1.28,40,0.912,4.97,0.387,0.537,0.02,10,4,415,47000,Very High Risk,0.6692
GIG-11550,Zepto,Tier 2,38592.36,0.74,-6.38,26,0.895,4.97,0.186,0.45,0.301,32,0,710,100000,Moderate Risk,0.0797
GIG-11551,Urban Company,Tier 2,42119.77,0.496,8.22,44,0.958,4.59,0.387,0.594,0.02,47,0,682,105000,Moderate Risk,0.1067
GIG-11552,Porter,Tier 2,25671.53,0.454,7.03,23,0.96,4.6,0.371,0.653,0.02,44,0,612,58000,High Risk,0.2256
GIG-11553,Uber,Tier 1,26852.24,0.289,12.73,28,0.99,4.27,0.401,0.614,0.02,11,0,573,56000,High Risk,0.3428
GIG-11554,Zomato,Tier 1,24413.74,0.301,0.8,54,0.868,4.73,0.147,0.442,0.266,9,0,633,57000,High Risk,0.1621
GIG-11555,Zepto,Tier 3,34387.51,0.917,3.62,38,0.957,3.71,0.286,0.571,0.07,33,0,685,86000,Moderate Risk,0.0726
GIG-11556,Porter,Tier 1,35054.73,0.61,1.83,28,0.858,4.82,0.304,0.65,0.02,42,0,675,87000,Moderate Risk,0.0755
GIG-11557,Zepto,Tier 2,26806.77,0.435,1.03,39,0.923,4.07,0.31,0.515,0.07,42,0,594,58000,High Risk,0.2363
GIG-11558,Zomato,Tier 3,28157.22,0.137,2.96,39,0.986,4.02,0.258,0.561,0.066,59,2,481,50000,Very High Risk,0.6836
GIG-11559,Uber,Tier 2,31432.71,0.928,8.88,44,0.86,4.59,0.129,0.578,0.15,34,0,726,84000,Moderate Risk,0.0685
GIG-11560,Swiggy,Tier 2,32479.71,0.688,10.97,45,0.881,4.5,0.273,0.677,0.02,31,0,682,81000,Moderate Risk,0.0998
GIG-11561,Zomato,Tier 1,24538.44,0.839,12.33,29,0.929,4.72,0.398,0.465,0.02,19,0,650,58000,Moderate Risk,0.083
GIG-11562,Blinkit,Tier 1,25950.41,0.08,17.46,49,0.851,4.07,0.365,0.389,0.184,48,0,602,57000,High Risk,0.2928
GIG-11563,Ola,Tier 3,41475.07,0.822,1.13,51,0.8,3.88,0.151,0.429,0.316,58,3,568,86000,High Risk,0.1834
GIG-11564,Blinkit,Tier 3,24100.27,0.37,5.06,46,0.894,4.03,0.327,0.489,0.101,36,0,590,52000,High Risk,0.2373
GIG-11565,Swiggy,Tier 2,31305.8,0.71,-2.98,61,0.944,4.55,0.178,0.525,0.173,45,0,695,80000,Moderate Risk,0.0645
GIG-11566,Ola,Tier 2,32989.11,0.48,4.29,57,0.915,4.68,0.389,0.593,0.02,25,1,605,73000,High Risk,0.3343
GIG-11567,Zepto,Tier 1,40503.12,0.787,25.77,36,0.875,4.4,0.367,0.372,0.141,56,1,658,98000,Moderate Risk,0.0611
GIG-11568,Zomato,Tier 1,23420.77,0.171,24.01,44,0.942,4.08,0.319,0.588,0.02,44,0,588,50000,High Risk,0.2796
GIG-11569,Uber,Tier 3,33555.19,0.795,0.4,52,0.908,3.56,0.351,0.345,0.213,57,1,619,76000,High Risk,0.2847
GIG-11570,Porter,Tier 2,27150.91,0.368,-15.5,57,0.941,4.78,0.222,0.564,0.109,58,0,595,59000,High Risk,0.1808
GIG-11571,Uber,Tier 1,14149.55,0.443,20.46,38,0.98,4.62,0.174,0.674,0.063,51,0,593,31000,High Risk,0.329
GIG-11572,Porter,Tier 2,23295.67,0.818,-2.36,54,0.923,4.54,0.289,0.54,0.064,18,0,645,55000,Moderate Risk,0.0951
GIG-11573,Blinkit,Tier 2,44232.72,0.742,-2.92,48,0.906,4.96,0.208,0.639,0.02,6,0,713,116000,Moderate Risk,0.1276
GIG-11574,Ola,Tier 3,18369.72,0.57,2.66,55,0.851,4.39,0.186,0.392,0.32,44,0,641,43000,Moderate Risk,0.1017
GIG-11575,Zepto,Tier 2,27094.86,0.402,2.24,55,0.976,4.84,0.182,0.404,0.346,55,0,655,65000,Moderate Risk,0.1051
GIG-11576,Ola,Tier 1,23347.82,0.819,-9.2,33,0.87,4.24,0.347,0.457,0.113,32,1,586,50000,High Risk,0.2129
GIG-11577,Porter,Tier 3,32537.93,0.944,20.27,40,0.956,4.95,0.142,0.387,0.345,31,0,757,90000,Low Risk,0.0212
GIG-11578,Swiggy,Tier 2,23002.47,0.186,20.77,39,0.921,3.82,0.222,0.505,0.159,31,0,557,47000,High Risk,0.2497
GIG-11579,Blinkit,Tier 1,18114.35,0.917,11.81,60,0.915,4.36,0.128,0.7,0.119,34,0,679,45000,Moderate Risk,0.1241
GIG-11580,Zomato,Tier 1,38989.18,0.79,2.99,58,0.86,4.94,0.155,0.495,0.259,28,0,734,105000,Moderate Risk,0.1252
GIG-11581,Zepto,Tier 1,35585.2,0.833,2.31,38,0.929,4.92,0.414,0.555,0.02,38,0,684,89000,Moderate Risk,0.0756
GIG-11582,Zomato,Tier 1,33087.9,0.607,8.2,34,0.88,3.51,0.413,0.44,0.071,53,0,623,76000,High Risk,0.3243
GIG-11583,Urban Company,Tier 3,15039.25,0.076,11.51,32,0.974,4.23,0.34,0.688,0.02,38,0,542,30000,Very High Risk,0.4537
GIG-11584,Ola,Tier 3,16320.35,0.299,-18.38,49,0.796,4.38,0.38,0.574,0.02,45,0,546,33000,Very High Risk,0.4997
GIG-11585,Porter,Tier 2,22227.02,0.591,-1.37,33,0.915,3.54,0.298,0.413,0.172,26,0,622,51000,High Risk,0.3442
GIG-11586,Zomato,Tier 1,38456.43,0.637,1.44,45,0.806,4.37,0.394,0.663,0.02,57,0,653,92000,Moderate Risk,0.1202
GIG-11587,Porter,Tier 2,23261.34,0.22,16.33,36,0.934,4.85,0.236,0.506,0.161,38,2,534,46000,Very High Risk,0.4053
GIG-11588,Porter,Tier 3,32006.35,0.489,-5.61,59,0.962,4.59,0.127,0.575,0.229,45,0,663,78000,Moderate Risk,0.0965
GIG-11589,Blinkit,Tier 3,30491.27,0.698,7.58,48,0.832,4.95,0.174,0.666,0.078,31,1,662,74000,Moderate Risk,0.0725
GIG-11590,Swiggy,Tier 1,25516.43,0.332,14.18,50,0.969,3.66,0.388,0.379,0.109,51,0,555,52000,High Risk,0.3337
GIG-11591,Ola,Tier 1,25822.22,0.511,12.41,50,0.802,4.37,0.163,0.419,0.306,24,0,668,63000,Moderate Risk,0.1052
GIG-11592,Blinkit,Tier 3,23502.8,0.522,9.41,60,0.955,3.82,0.37,0.338,0.202,54,0,631,54000,High Risk,0.1551
GIG-11593,Urban Company,Tier 3,33530.1,0.888,6.37,48,0.781,4.03,0.274,0.5,0.116,36,3,571,70000,High Risk,0.3149
GIG-11594,Blinkit,Tier 3,23829.92,0.694,7.25,43,0.922,3.75,0.331,0.597,0.02,9,0,651,57000,Moderate Risk,0.0935
GIG-11595,Zomato,Tier 1,36567.06,0.818,5.45,43,0.789,4.66,0.234,0.338,0.321,34,0,749,100000,Low Risk,0.0382
GIG-11596,Uber,Tier 3,38163.19,0.85,4.16,38,0.833,3.69,0.318,0.39,0.24,50,0,686,96000,Moderate Risk,0.0956
GIG-11597,Zepto,Tier 1,18717.02,0.363,-9.79,43,0.939,3.71,0.267,0.469,0.148,19,2,481,33000,Very High Risk,0.5362
GIG-11598,Ola,Tier 1,23213.0,0.716,-4.82,69,0.894,4.7,0.304,0.559,0.02,10,0,652,55000,Moderate Risk,0.1128
GIG-11599,Zepto,Tier 1,20430.77,0.43,2.4,59,0.986,3.93,0.148,0.472,0.276,32,0,628,47000,High Risk,0.2254
GIG-11600,Ola,Tier 3,18795.72,0.508,-10.88,66,0.963,4.8,0.223,0.337,0.373,24,0,658,45000,Moderate Risk,0.0865
GIG-11601,Swiggy,Tier 2,34311.16,0.751,17.19,68,0.963,4.02,0.247,0.539,0.112,5,0,695,87000,Moderate Risk,0.0697
GIG-11602,Swiggy,Tier 2,23666.17,0.766,14.85,58,0.799,4.35,0.164,0.401,0.339,32,0,714,62000,Moderate Risk,0.1396
GIG-11603,Uber,Tier 2,31922.06,0.836,-2.11,44,0.91,4.36,0.181,0.619,0.146,3,1,641,75000,Moderate Risk,0.0663
GIG-11604,Zomato,Tier 3,27212.66,0.684,20.33,31,0.944,4.08,0.169,0.474,0.23,30,1,637,64000,High Risk,0.3341
GIG-11605,Porter,Tier 3,23800.59,0.265,-1.93,28,0.92,3.81,0.227,0.613,0.046,52,0,579,51000,High Risk,0.2685
GIG-11606,Uber,Tier 3,33783.67,0.712,17.36,48,0.862,3.79,0.296,0.631,0.02,40,0,688,85000,Moderate Risk,0.112
GIG-11607,Uber,Tier 3,41299.3,0.579,-6.72,52,0.906,4.29,0.198,0.485,0.176,55,0,661,100000,Moderate Risk,0.0662
GIG-11608,Uber,Tier 1,28813.97,0.24,0.78,29,0.85,4.37,0.221,0.457,0.186,27,1,560,59000,High Risk,0.2639
GIG-11609,Blinkit,Tier 3,29488.38,0.28,5.95,43,0.94,4.71,0.177,0.409,0.334,59,0,639,69000,High Risk,0.1864
GIG-11610,Zepto,Tier 2,20141.29,0.704,-0.04,45,0.798,4.54,0.341,0.626,0.02,41,1,570,42000,High Risk,0.1769
GIG-11611,Ola,Tier 2,22538.94,0.199,10.66,62,0.824,3.84,0.363,0.501,0.02,28,0,543,45000,Very High Risk,0.4981
GIG-11612,Blinkit,Tier 2,29504.39,0.262,-0.58,33,0.94,3.81,0.297,0.58,0.02,31,0,582,63000,High Risk,0.1544
GIG-11613,Uber,Tier 1,25297.63,0.373,9.18,54,0.786,4.56,0.379,0.564,0.02,29,1,545,51000,Very High Risk,0.4717
GIG-11614,Urban Company,Tier 3,39387.5,0.825,2.36,50,0.887,3.7,0.391,0.6,0.02,38,0,661,95000,Moderate Risk,0.0989
GIG-11615,Blinkit,Tier 3,20465.58,0.48,2.67,55,0.934,3.93,0.22,0.311,0.322,50,1,597,45000,High Risk,0.1633
GIG-11616,Ola,Tier 1,30510.24,0.932,-9.48,42,0.843,4.93,0.207,0.385,0.304,16,0,728,81000,Moderate Risk,0.0629
GIG-11617,Urban Company,Tier 3,34597.28,0.885,3.69,39,0.796,4.61,0.139,0.374,0.395,25,0,731,93000,Moderate Risk,0.1171
GIG-11618,Uber,Tier 3,11000.0,0.856,2.98,69,0.932,4.33,0.361,0.477,0.063,44,0,618,25000,High Risk,0.275
GIG-11619,Uber,Tier 3,17457.51,0.443,1.28,51,0.887,3.58,0.192,0.61,0.136,37,0,590,38000,High Risk,0.2999
GIG-11620,Blinkit,Tier 3,30796.46,0.88,3.65,57,0.793,3.91,0.189,0.655,0.041,10,0,709,80000,Moderate Risk,0.1204
GIG-11621,Blinkit,Tier 3,28776.33,0.494,10.05,46,0.865,4.77,0.393,0.662,0.02,33,0,624,66000,High Risk,0.3035
GIG-11622,Zepto,Tier 3,20440.57,0.644,6.88,50,0.945,4.36,0.37,0.405,0.154,50,2,562,42000,High Risk,0.2435
GIG-11623,Urban Company,Tier 2,37722.61,0.977,24.06,22,0.913,4.92,0.316,0.653,0.02,54,0,720,100000,Moderate Risk,0.1239
GIG-11624,Zomato,Tier 3,39233.73,0.799,21.34,34,0.844,3.9,0.364,0.692,0.02,9,0,724,104000,Moderate Risk,0.097
GIG-11625,Zomato,Tier 2,11000.0,0.132,8.24,46,0.84,3.62,0.368,0.699,0.02,12,0,487,20000,Very High Risk,0.6711
GIG-11626,Zomato,Tier 3,30523.69,0.821,-13.64,58,0.943,3.69,0.251,0.58,0.078,6,0,638,71000,High Risk,0.1523
GIG-11627,Ola,Tier 2,43100.41,0.769,2.06,46,0.785,4.19,0.357,0.364,0.145,51,0,700,111000,Moderate Risk,0.1372
GIG-11628,Uber,Tier 2,11390.28,0.653,-0.29,42,0.949,4.98,0.138,0.473,0.336,46,0,636,27000,High Risk,0.338
GIG-11629,Urban Company,Tier 1,15101.14,0.833,2.74,34,0.944,3.55,0.327,0.332,0.267,56,0,645,36000,Moderate Risk,0.0877
GIG-11630,Zomato,Tier 3,23947.89,0.237,-5.8,40,0.905,4.65,0.214,0.31,0.405,53,0,607,53000,High Risk,0.2133
GIG-11631,Urban Company,Tier 1,26657.32,0.541,17.3,40,0.888,3.56,0.404,0.333,0.153,51,1,591,58000,High Risk,0.3149
GIG-11632,Zomato,Tier 2,21540.91,0.718,7.9,36,0.98,4.19,0.408,0.675,0.02,55,2,543,43000,Very High Risk,0.4661
GIG-11633,Porter,Tier 1,32808.66,0.511,17.7,34,0.841,4.24,0.365,0.363,0.124,42,0,670,81000,Moderate Risk,0.1357
GIG-11634,Ola,Tier 3,28553.89,0.34,19.43,44,0.898,3.78,0.266,0.669,0.02,44,0,594,62000,High Risk,0.2011
GIG-11635,Zepto,Tier 1,23588.54,0.077,-2.34,50,0.938,4.5,0.124,0.324,0.437,35,0,603,52000,High Risk,0.3383
GIG-11636,Urban Company,Tier 3,42025.56,0.749,2.15,34,0.787,3.82,0.142,0.455,0.269,45,0,717,110000,Moderate Risk,0.1008
GIG-11637,Zomato,Tier 2,36056.92,0.759,-5.01,65,0.83,4.14,0.382,0.635,0.02,27,0,648,86000,Moderate Risk,0.1354
GIG-11638,Zepto,Tier 3,27610.05,0.489,-7.61,47,0.885,4.86,0.288,0.402,0.257,23,0,628,64000,High Risk,0.272
GIG-11639,Zomato,Tier 1,28694.3,0.607,-17.84,48,0.983,3.74,0.282,0.428,0.187,50,0,614,65000,High Risk,0.2769
GIG-11640,Urban Company,Tier 1,22724.32,0.32,9.05,36,0.792,4.0,0.374,0.61,0.02,42,1,534,44000,Very High Risk,0.6931
GIG-11641,Porter,Tier 1,42832.19,0.587,3.33,43,0.847,4.72,0.315,0.368,0.188,43,0,657,103000,Moderate Risk,0.1292
GIG-11642,Blinkit,Tier 3,29664.68,0.305,-5.68,50,0.803,4.48,0.323,0.446,0.097,37,3,460,50000,Very High Risk,0.3618
GIG-11643,Ola,Tier 3,17091.71,0.131,3.94,45,0.789,3.99,0.308,0.617,0.02,15,0,534,33000,Very High Risk,0.5678
GIG-11644,Urban Company,Tier 2,39336.86,0.809,6.82,42,0.866,4.01,0.414,0.671,0.02,14,0,675,97000,Moderate Risk,0.061
GIG-11645,Swiggy,Tier 1,33818.24,0.984,0.59,56,0.854,4.0,0.397,0.32,0.188,14,0,677,84000,Moderate Risk,0.1311
GIG-11646,Swiggy,Tier 2,15154.26,0.691,22.34,57,0.871,4.01,0.184,0.542,0.129,5,0,650,36000,Moderate Risk,0.0904
GIG-11647,Zepto,Tier 2,32310.71,0.881,0.08,45,0.844,4.01,0.288,0.523,0.068,38,0,686,81000,Moderate Risk,0.0616
GIG-11648,Urban Company,Tier 1,22085.62,0.248,23.15,39,0.788,3.83,0.305,0.639,0.02,13,0,621,50000,High Risk,0.234
GIG-11649,Urban Company,Tier 1,30862.84,0.583,23.38,40,0.826,4.94,0.216,0.513,0.219,24,1,650,74000,Moderate Risk,0.1347
GIG-11650,Porter,Tier 3,32605.99,0.925,14.86,30,0.934,4.29,0.142,0.637,0.075,12,0,729,87000,Moderate Risk,0.1329
GIG-11651,Zomato,Tier 1,19796.24,0.554,21.94,50,0.956,4.17,0.344,0.421,0.164,23,0,638,46000,High Risk,0.2066
GIG-11652,Zomato,Tier 3,27190.45,0.419,-13.15,51,0.868,4.55,0.123,0.411,0.402,42,0,635,63000,High Risk,0.2554
GIG-11653,Urban Company,Tier 2,31474.33,0.851,18.45,38,0.842,3.67,0.197,0.455,0.293,53,0,722,83000,Moderate Risk,0.0658
GIG-11654,Blinkit,Tier 1,41669.53,0.897,-6.81,39,0.976,4.36,0.206,0.582,0.125,53,0,717,110000,Moderate Risk,0.0642
GIG-11655,Blinkit,Tier 3,17919.94,0.313,10.48,53,0.916,4.86,0.138,0.367,0.404,17,0,620,41000,High Risk,0.1799
GIG-11656,Uber,Tier 3,24972.98,0.519,-5.39,55,0.831,3.98,0.337,0.628,0.02,7,0,578,53000,High Risk,0.3367
GIG-11657,Uber,Tier 2,25007.16,0.333,10.39,36,0.882,3.78,0.33,0.519,0.098,37,0,578,53000,High Risk,0.2198
GIG-11658,Zepto,Tier 1,30963.06,0.575,28.04,50,0.865,3.93,0.363,0.327,0.232,25,0,675,77000,Moderate Risk,0.1257
GIG-11659,Ola,Tier 1,21423.98,0.558,-16.3,62,0.807,4.84,0.291,0.652,0.02,45,0,583,46000,High Risk,0.3162
GIG-11660,Blinkit,Tier 2,25056.49,0.264,4.16,44,0.954,4.23,0.313,0.465,0.137,26,0,599,55000,High Risk,0.2221
GIG-11661,Urban Company,Tier 1,36242.53,0.834,5.15,58,0.861,3.74,0.366,0.53,0.045,51,0,692,92000,Moderate Risk,0.1335
GIG-11662,Porter,Tier 3,25501.73,0.536,4.79,61,0.905,4.83,0.179,0.339,0.363,55,1,635,59000,High Risk,0.3166
GIG-11663,Zomato,Tier 1,35844.51,0.642,-0.59,31,0.846,3.98,0.171,0.418,0.359,45,0,696,91000,Moderate Risk,0.1256
GIG-11664,Blinkit,Tier 2,31061.82,0.897,16.37,58,0.948,4.41,0.167,0.641,0.079,18,1,657,75000,Moderate Risk,0.066
GIG-11665,Ola,Tier 1,35979.37,0.925,17.87,33,0.807,4.69,0.394,0.442,0.043,46,0,728,96000,Moderate Risk,0.1169
GIG-11666,Blinkit,Tier 2,21795.24,0.133,11.51,54,0.901,3.68,0.17,0.628,0.072,53,0,555,44000,High Risk,0.2154
GIG-11667,Swiggy,Tier 2,27564.61,0.815,-17.76,48,0.988,4.78,0.252,0.7,0.02,19,0,616,62000,High Risk,0.2773
GIG-11668,Urban Company,Tier 1,30440.33,0.819,4.99,35,0.929,4.61,0.138,0.436,0.347,36,0,701,78000,Moderate Risk,0.1108
GIG-11669,Blinkit,Tier 3,20323.14,0.245,4.6,44,0.845,4.32,0.416,0.617,0.02,54,0,575,43000,High Risk,0.2973
GIG-11670,Porter,Tier 2,31472.1,0.777,11.26,35,0.959,4.11,0.414,0.386,0.108,5,0,673,78000,Moderate Risk,0.0977
GIG-11671,Urban Company,Tier 3,30829.44,0.915,5.63,43,0.834,3.76,0.3,0.582,0.029,15,0,677,77000,Moderate Risk,0.0817
GIG-11672,Blinkit,Tier 3,31504.67,0.69,-9.63,45,0.943,3.94,0.294,0.409,0.204,8,0,630,73000,High Risk,0.1532
GIG-11673,Swiggy,Tier 1,43219.44,0.803,22.39,34,0.98,4.28,0.356,0.601,0.02,52,0,696,110000,Moderate Risk,0.1362
GIG-11674,Zomato,Tier 3,20660.86,0.068,6.76,32,0.899,4.72,0.257,0.626,0.036,7,0,547,41000,Very High Risk,0.6516
GIG-11675,Ola,Tier 3,17816.05,0.583,8.04,40,0.835,4.47,0.33,0.438,0.135,43,0,623,41000,High Risk,0.1867
GIG-11676,Ola,Tier 3,30824.06,0.935,1.43,51,0.876,4.61,0.395,0.435,0.076,30,1,639,72000,High Risk,0.3309
GIG-11677,Swiggy,Tier 1,11000.0,0.195,4.12,60,0.782,4.53,0.237,0.553,0.099,37,0,540,22000,Very High Risk,0.6027
GIG-11678,Zepto,Tier 3,40957.91,0.751,3.45,28,0.832,4.36,0.336,0.432,0.122,55,1,652,98000,Moderate Risk,0.0859
GIG-11679,Swiggy,Tier 3,23752.32,0.585,30.38,50,0.933,3.88,0.373,0.681,0.02,46,1,589,51000,High Risk,0.2152
GIG-11680,Uber,Tier 1,28354.57,0.707,11.39,38,0.803,4.82,0.372,0.572,0.02,32,0,666,69000,Moderate Risk,0.0819
GIG-11681,Blinkit,Tier 1,18403.03,0.702,-17.95,52,0.934,3.65,0.306,0.475,0.128,8,0,606,41000,High Risk,0.3395
GIG-11682,Swiggy,Tier 1,18804.68,0.034,16.32,57,0.869,4.75,0.334,0.413,0.143,14,0,570,39000,High Risk,0.2172
GIG-11683,Urban Company,Tier 3,19512.93,0.727,9.22,33,0.83,3.66,0.135,0.309,0.463,7,0,692,50000,Moderate Risk,0.0703
GIG-11684,Ola,Tier 2,23169.45,0.312,0.15,26,0.84,4.58,0.266,0.353,0.321,29,0,608,52000,High Risk,0.2499
GIG-11685,Zepto,Tier 2,24871.79,0.183,8.44,34,0.981,4.75,0.139,0.428,0.369,43,2,554,51000,High Risk,0.1967
GIG-11686,Zepto,Tier 2,31702.74,0.827,0.89,31,0.944,4.41,0.274,0.537,0.129,23,0,654,76000,Moderate Risk,0.1032
GIG-11687,Zomato,Tier 2,29415.67,0.444,2.07,45,0.946,3.88,0.365,0.406,0.178,46,0,615,66000,High Risk,0.2523
GIG-11688,Swiggy,Tier 3,27862.03,0.666,-1.41,46,0.864,3.95,0.192,0.542,0.157,3,0,638,65000,High Risk,0.1919
GIG-11689,Swiggy,Tier 3,21702.32,0.022,7.85,41,0.857,4.78,0.142,0.45,0.324,40,4,423,34000,Very High Risk,0.4125
GIG-11690,Zomato,Tier 3,45674.63,0.646,-16.02,46,0.876,3.75,0.218,0.328,0.315,57,0,667,112000,Moderate Risk,0.098
GIG-11691,Swiggy,Tier 2,37941.57,0.921,12.82,33,0.821,4.45,0.148,0.548,0.203,35,0,734,102000,Moderate Risk,0.0774
GIG-11692,Swiggy,Tier 2,44148.64,0.83,7.97,54,0.838,4.59,0.337,0.521,0.068,53,0,692,112000,Moderate Risk,0.0906
GIG-11693,Urban Company,Tier 3,24689.06,0.279,14.76,41,0.926,4.66,0.125,0.538,0.228,8,0,633,57000,High Risk,0.3
GIG-11694,Urban Company,Tier 2,42549.02,0.557,-9.32,44,0.794,4.96,0.307,0.679,0.02,27,0,656,102000,Moderate Risk,0.0707
GIG-11695,Zepto,Tier 3,17064.49,0.359,31.26,36,0.784,4.4,0.247,0.668,0.02,4,0,591,37000,High Risk,0.2027
GIG-11696,Porter,Tier 1,31299.81,0.912,6.58,38,0.82,3.73,0.406,0.541,0.02,37,2,567,65000,High Risk,0.1961
GIG-11697,Ola,Tier 1,11000.0,0.842,1.17,38,0.854,3.96,0.414,0.673,0.02,50,3,455,18000,Very High Risk,0.697
GIG-11698,Zepto,Tier 3,21827.75,0.12,-6.66,38,0.831,3.51,0.384,0.418,0.139,21,0,529,42000,Very High Risk,0.4093
GIG-11699,Uber,Tier 2,28160.01,0.508,-1.63,27,0.846,4.85,0.133,0.394,0.342,46,1,606,63000,High Risk,0.2412
GIG-11700,Blinkit,Tier 1,35443.86,0.734,0.45,55,0.853,4.19,0.313,0.601,0.02,38,0,681,89000,Moderate Risk,0.0732
GIG-11701,Uber,Tier 1,21813.79,0.574,-18.48,33,0.906,4.7,0.372,0.568,0.02,5,2,509,41000,Very High Risk,0.6733
GIG-11702,Zomato,Tier 3,24879.14,0.667,-8.05,48,0.876,4.79,0.146,0.312,0.431,41,0,654,60000,Moderate Risk,0.0669
GIG-11703,Zepto,Tier 3,15632.36,0.563,5.21,35,0.933,4.53,0.348,0.483,0.101,38,0,627,36000,High Risk,0.1641
GIG-11704,Swiggy,Tier 2,40912.92,0.816,3.63,31,0.899,4.17,0.396,0.414,0.074,16,0,712,107000,Moderate Risk,0.078
GIG-11705,Blinkit,Tier 1,22781.89,0.159,-2.38,48,0.973,3.83,0.156,0.381,0.396,29,0,589,49000,High Risk,0.2277
GIG-11706,Uber,Tier 1,39513.62,0.647,4.92,28,0.841,4.26,0.321,0.611,0.02,14,0,666,96000,Moderate Risk,0.0759
GIG-11707,Ola,Tier 3,19927.92,0.537,33.47,49,0.926,4.24,0.265,0.447,0.211,56,2,573,42000,High Risk,0.1835
GIG-11708,Urban Company,Tier 1,26550.91,0.295,7.01,57,0.817,3.72,0.292,0.447,0.155,10,0,587,57000,High Risk,0.1566
GIG-11709,Uber,Tier 3,28708.63,0.172,22.82,31,0.805,4.07,0.34,0.549,0.02,54,0,584,61000,High Risk,0.3141
GIG-11710,Zomato,Tier 3,34755.52,0.33,-6.03,69,0.916,4.19,0.313,0.423,0.13,32,0,618,79000,High Risk,0.2475
GIG-11711,Swiggy,Tier 2,24018.04,0.455,14.26,40,0.982,3.86,0.349,0.53,0.068,45,0,601,53000,High Risk,0.3295
GIG-11712,Swiggy,Tier 2,34793.23,0.737,18.4,41,0.892,4.21,0.362,0.469,0.039,9,0,706,90000,Moderate Risk,0.1319
GIG-11713,Ola,Tier 3,35561.71,0.928,9.99,51,0.86,4.73,0.144,0.55,0.169,40,1,713,93000,Moderate Risk,0.0942
GIG-11714,Porter,Tier 2,22325.21,0.258,17.25,66,0.908,4.53,0.395,0.614,0.02,25,1,548,45000,Very High Risk,0.6601
GIG-11715,Uber,Tier 3,20695.61,0.227,-2.96,46,0.826,4.63,0.211,0.694,0.02,44,0,563,43000,High Risk,0.2291
GIG-11716,Ola,Tier 1,17682.92,0.804,19.74,44,0.873,3.75,0.214,0.385,0.338,21,0,677,44000,Moderate Risk,0.1083
GIG-11717,Swiggy,Tier 1,28596.27,0.206,-8.02,46,0.955,4.65,0.347,0.626,0.02,23,0,583,61000,High Risk,0.1744
GIG-11718,Porter,Tier 2,18523.49,0.52,-12.0,18,0.931,4.04,0.226,0.603,0.043,24,0,568,39000,High Risk,0.2203
GIG-11719,Urban Company,Tier 3,24280.7,0.746,-15.01,54,0.886,4.42,0.388,0.377,0.176,40,0,613,55000,High Risk,0.1734
GIG-11720,Uber,Tier 3,25175.13,0.4,-7.4,18,0.875,4.68,0.185,0.662,0.024,39,0,575,53000,High Risk,0.1861
GIG-11721,Blinkit,Tier 2,20560.59,0.193,-0.19,51,0.909,3.84,0.382,0.62,0.02,30,1,483,36000,Very High Risk,0.5707
GIG-11722,Uber,Tier 1,11000.0,0.271,6.43,42,0.926,4.46,0.321,0.558,0.049,23,0,562,23000,High Risk,0.3457
GIG-11723,Ola,Tier 1,27655.68,0.161,-1.05,42,0.898,4.82,0.418,0.688,0.02,48,0,577,59000,High Risk,0.1546
GIG-11724,Zepto,Tier 2,30821.04,0.64,-8.62,23,0.972,3.85,0.293,0.444,0.147,56,0,617,70000,High Risk,0.3348
GIG-11725,Blinkit,Tier 1,26484.46,0.513,0.79,41,0.841,4.7,0.276,0.314,0.332,46,0,658,64000,Moderate Risk,0.0759
GIG-11726,Blinkit,Tier 2,32130.74,0.832,12.55,53,0.85,4.01,0.239,0.416,0.224,32,0,735,87000,Moderate Risk,0.0953
GIG-11727,Porter,Tier 2,14722.12,0.181,1.03,60,0.863,4.9,0.368,0.694,0.02,52,0,548,30000,Very High Risk,0.5635
GIG-11728,Urban Company,Tier 2,31146.03,0.375,5.7,20,0.931,4.8,0.372,0.614,0.02,38,2,534,61000,Very High Risk,0.4535
GIG-11729,Swiggy,Tier 1,26772.46,0.323,18.02,50,0.838,4.46,0.181,0.578,0.191,44,0,668,66000,Moderate Risk,0.0921
GIG-11730,Swiggy,Tier 2,29226.24,0.082,23.13,44,0.958,4.07,0.258,0.409,0.256,57,0,611,65000,High Risk,0.2728
GIG-11731,Uber,Tier 3,45264.15,0.509,12.62,22,0.976,3.58,0.166,0.468,0.255,15,0,692,115000,Moderate Risk,0.1175
GIG-11732,Urban Company,Tier 3,22143.06,0.886,5.72,55,0.904,4.21,0.291,0.524,0.104,59,0,652,53000,Moderate Risk,0.1317
GIG-11733,Swiggy,Tier 3,40883.88,0.736,19.91,41,0.809,3.63,0.336,0.582,0.02,7,2,609,91000,High Risk,0.2198
GIG-11734,Zomato,Tier 3,44334.83,0.789,4.12,51,0.952,3.54,0.143,0.328,0.42,43,0,756,123000,Low Risk,0.0462
GIG-11735,Zomato,Tier 3,21956.13,0.419,4.46,49,0.802,3.68,0.331,0.567,0.027,40,1,534,43000,Very High Risk,0.4038
GIG-11736,Zepto,Tier 3,26109.0,0.12,7.82,33,0.786,4.94,0.366,0.329,0.21,16,0,618,59000,High Risk,0.1881
GIG-11737,Zomato,Tier 3,36439.21,0.844,-0.67,53,0.935,3.91,0.382,0.575,0.02,19,0,652,87000,Moderate Risk,0.1181
GIG-11738,Porter,Tier 3,26728.8,0.046,13.3,41,0.892,4.65,0.316,0.471,0.066,52,0,556,54000,High Risk,0.1914
GIG-11739,Uber,Tier 2,18592.16,0.165,-6.52,39,0.899,3.54,0.213,0.622,0.069,28,0,533,36000,Very High Risk,0.5091
GIG-11740,Ola,Tier 3,24439.43,0.124,3.17,49,0.919,4.24,0.121,0.545,0.248,49,0,598,54000,High Risk,0.2389
GIG-11741,Urban Company,Tier 1,33917.78,0.64,0.9,40,0.958,4.89,0.248,0.673,0.02,32,0,630,78000,High Risk,0.3399
GIG-11742,Swiggy,Tier 2,17101.12,0.316,9.99,55,0.887,4.4,0.348,0.47,0.125,26,0,588,37000,High Risk,0.2748
GIG-11743,Zomato,Tier 3,24864.37,0.406,1.37,51,0.838,3.82,0.184,0.334,0.342,18,3,489,45000,Very High Risk,0.6845
GIG-11744,Uber,Tier 3,29210.78,0.49,10.44,53,0.919,4.74,0.262,0.587,0.02,11,0,643,69000,Moderate Risk,0.1342
GIG-11745,Porter,Tier 1,45590.7,0.941,-12.68,44,0.841,4.87,0.146,0.484,0.225,14,2,643,107000,Moderate Risk,0.1161
GIG-11746,Uber,Tier 3,15189.85,0.496,4.71,33,0.878,4.32,0.361,0.384,0.165,49,0,621,35000,High Risk,0.1652
GIG-11747,Porter,Tier 2,18156.19,0.446,14.49,65,0.915,3.71,0.31,0.462,0.132,5,1,552,37000,High Risk,0.2165
GIG-11748,Ola,Tier 2,22528.25,0.132,11.18,36,0.894,3.93,0.327,0.3,0.317,17,0,584,48000,High Risk,0.3416
GIG-11749,Swiggy,Tier 2,23515.0,0.501,8.99,44,0.824,3.64,0.243,0.44,0.213,26,0,616,53000,High Risk,0.1725
GIG-11750,Ola,Tier 1,44788.07,0.802,7.54,40,0.821,4.24,0.165,0.598,0.128,45,0,686,113000,Moderate Risk,0.1312
GIG-11751,Ola,Tier 3,15669.14,0.769,19.48,52,0.962,3.65,0.192,0.31,0.444,53,0,676,39000,Moderate Risk,0.1241
GIG-11752,Blinkit,Tier 2,27487.39,0.506,3.01,34,0.941,3.88,0.322,0.558,0.02,33,0,608,61000,High Risk,0.2034
GIG-11753,Porter,Tier 1,31285.56,0.38,-7.68,46,0.951,4.97,0.129,0.564,0.216,5,0,626,72000,High Risk,0.2729
GIG-11754,Blinkit,Tier 1,25642.34,0.23,-17.6,29,0.913,4.76,0.187,0.503,0.195,48,0,581,55000,High Risk,0.2231
GIG-11755,Urban Company,Tier 3,26144.65,0.46,5.27,57,0.804,4.97,0.302,0.445,0.178,19,0,651,62000,Moderate Risk,0.1305
GIG-11756,Uber,Tier 2,44813.84,0.933,-2.91,33,0.858,4.76,0.341,0.434,0.084,44,0,714,117000,Moderate Risk,0.064
GIG-11757,Zepto,Tier 2,30036.27,0.454,15.59,50,0.902,4.9,0.19,0.323,0.372,40,0,673,74000,Moderate Risk,0.0827
GIG-11758,Swiggy,Tier 3,22666.15,0.417,-0.58,49,0.835,4.43,0.133,0.455,0.333,19,0,637,53000,High Risk,0.2789
GIG-11759,Zepto,Tier 1,37965.8,0.8,11.76,57,0.893,4.88,0.192,0.424,0.302,36,1,685,95000,Moderate Risk,0.0679
GIG-11760,Zepto,Tier 2,11000.0,0.116,-20.88,50,0.986,4.29,0.275,0.414,0.161,55,0,502,20000,Very High Risk,0.514
GIG-11761,Blinkit,Tier 2,28935.02,0.654,10.72,51,0.829,4.3,0.281,0.65,0.02,53,0,655,69000,Moderate Risk,0.0746
GIG-11762,Porter,Tier 3,29595.93,0.779,12.89,24,0.919,4.64,0.219,0.67,0.02,3,0,660,72000,Moderate Risk,0.0612
GIG-11763,Uber,Tier 2,42835.45,0.407,-6.5,34,0.924,3.67,0.26,0.368,0.318,13,0,669,105000,Moderate Risk,0.0721
GIG-11764,Ola,Tier 1,39522.85,0.648,4.77,35,0.931,3.86,0.184,0.519,0.179,35,0,694,101000,Moderate Risk,0.0648
GIG-11765,Urban Company,Tier 1,31706.53,0.601,2.61,27,0.822,4.12,0.206,0.436,0.256,12,0,678,79000,Moderate Risk,0.1245
GIG-11766,Uber,Tier 1,27498.61,0.572,2.58,57,0.783,4.8,0.406,0.53,0.02,26,0,636,64000,High Risk,0.2072
GIG-11767,Swiggy,Tier 3,30376.01,0.702,9.07,43,0.986,4.32,0.401,0.625,0.02,17,0,631,70000,High Risk,0.2109
GIG-11768,Zepto,Tier 2,20702.23,0.78,15.79,24,0.867,4.83,0.228,0.415,0.272,49,0,699,53000,Moderate Risk,0.1036
GIG-11769,Swiggy,Tier 2,30453.54,0.851,7.55,57,0.941,4.56,0.368,0.34,0.174,46,0,694,77000,Moderate Risk,0.1229
GIG-11770,Porter,Tier 2,25664.69,0.097,16.12,48,0.904,3.6,0.268,0.697,0.02,16,0,562,53000,High Risk,0.1713
GIG-11771,Uber,Tier 3,19465.12,0.244,15.44,39,0.835,3.8,0.227,0.33,0.307,56,1,566,40000,High Risk,0.2326
GIG-11772,Zepto,Tier 1,40662.47,0.632,36.37,35,0.849,3.9,0.285,0.444,0.167,18,0,744,111000,Low Risk,0.0435
GIG-11773,Zomato,Tier 1,29012.78,0.446,-13.64,51,0.968,4.46,0.352,0.545,0.02,39,3,444,47000,Very High Risk,0.4561
GIG-11774,Uber,Tier 1,24175.65,0.148,2.19,41,0.834,4.23,0.404,0.456,0.026,43,0,547,48000,Very High Risk,0.3759
GIG-11775,Zomato,Tier 3,21985.15,0.492,18.71,48,0.953,4.72,0.205,0.405,0.288,12,3,523,42000,Very High Risk,0.673
GIG-11776,Zomato,Tier 1,37786.12,0.553,-0.3,33,0.886,4.75,0.278,0.349,0.298,19,0,675,94000,Moderate Risk,0.1067
GIG-11777,Uber,Tier 3,21883.22,0.407,13.93,47,0.922,4.57,0.198,0.533,0.135,28,0,638,51000,High Risk,0.3294
GIG-11778,Zomato,Tier 3,18364.64,0.524,1.7,45,0.919,4.98,0.164,0.595,0.177,49,1,601,40000,High Risk,0.2693
GIG-11779,Urban Company,Tier 1,31584.42,0.866,-5.52,47,0.945,3.52,0.134,0.52,0.197,16,0,680,79000,Moderate Risk,0.0875
GIG-11780,Porter,Tier 3,31157.67,0.664,-4.42,65,0.951,4.52,0.305,0.641,0.02,33,0,637,73000,High Risk,0.1846
GIG-11781,Porter,Tier 1,23770.23,0.309,9.57,44,0.922,4.52,0.382,0.566,0.02,17,0,598,52000,High Risk,0.3002
GIG-11782,Zepto,Tier 3,26425.02,0.213,6.17,46,0.826,4.41,0.41,0.35,0.139,12,0,610,59000,High Risk,0.2142
GIG-11783,Uber,Tier 3,36581.67,0.642,4.2,43,0.969,4.68,0.39,0.386,0.107,45,0,695,93000,Moderate Risk,0.1194
GIG-11784,Urban Company,Tier 1,25588.13,0.277,0.62,41,0.825,4.77,0.345,0.441,0.096,49,0,572,54000,High Risk,0.2265
GIG-11785,Blinkit,Tier 2,17289.61,0.454,14.5,27,0.927,4.11,0.215,0.676,0.033,41,0,605,38000,High Risk,0.2265
GIG-11786,Swiggy,Tier 1,21912.75,0.216,10.14,50,0.836,3.61,0.219,0.498,0.227,27,0,540,43000,Very High Risk,0.4494
GIG-11787,Zepto,Tier 1,17610.24,0.168,-3.53,39,0.928,4.07,0.218,0.351,0.358,9,0,570,37000,High Risk,0.347
GIG-11788,Zomato,Tier 1,16692.14,0.62,9.02,53,0.985,4.66,0.352,0.442,0.155,36,0,665,41000,Moderate Risk,0.14
GIG-11789,Zepto,Tier 1,29643.3,0.52,-0.32,39,0.97,4.31,0.26,0.615,0.065,41,1,596,65000,High Risk,0.1986
GIG-11790,Swiggy,Tier 1,33652.69,0.276,14.72,52,0.868,3.76,0.225,0.398,0.304,33,0,633,78000,High Risk,0.1862
GIG-11791,Zomato,Tier 3,34853.53,0.723,-1.89,28,0.891,3.98,0.357,0.657,0.02,35,0,654,84000,Moderate Risk,0.082
GIG-11792,Swiggy,Tier 1,27038.34,0.447,3.74,52,0.966,3.78,0.24,0.634,0.02,33,1,551,55000,High Risk,0.3153
GIG-11793,Uber,Tier 3,27662.59,0.697,-8.46,53,0.785,4.85,0.185,0.552,0.207,37,0,680,69000,Moderate Risk,0.0608
GIG-11794,Zomato,Tier 3,43851.83,0.715,0.41,41,0.957,3.88,0.419,0.442,0.05,44,0,647,104000,Moderate Risk,0.1144
GIG-11795,Zepto,Tier 3,33349.8,0.409,1.77,48,0.912,3.63,0.26,0.404,0.239,29,1,566,69000,High Risk,0.1817
GIG-11796,Blinkit,Tier 1,25058.34,0.528,-1.07,50,0.826,4.37,0.33,0.63,0.02,47,0,605,56000,High Risk,0.2106
GIG-11797,Zepto,Tier 1,35423.79,0.842,19.34,32,0.98,4.15,0.249,0.571,0.053,54,0,723,94000,Moderate Risk,0.0771
GIG-11798,Porter,Tier 2,22274.36,0.682,7.37,46,0.811,3.56,0.13,0.486,0.326,25,0,663,54000,Moderate Risk,0.0862
GIG-11799,Swiggy,Tier 2,37403.53,0.489,19.61,49,0.786,4.58,0.365,0.321,0.206,11,1,641,88000,Moderate Risk,0.1049
GIG-11800,Urban Company,Tier 2,29402.66,0.372,-1.77,41,0.956,4.19,0.216,0.524,0.184,52,0,600,65000,High Risk,0.2165
GIG-11801,Ola,Tier 1,25101.32,0.58,-0.48,52,0.836,4.49,0.397,0.667,0.02,21,0,629,58000,High Risk,0.3245
GIG-11802,Zepto,Tier 2,17661.93,0.69,12.73,40,0.816,3.57,0.177,0.572,0.193,15,0,606,39000,High Risk,0.1793
GIG-11803,Zomato,Tier 3,24488.39,0.209,-5.4,42,0.961,4.71,0.35,0.424,0.094,50,0,569,51000,High Risk,0.1749
GIG-11804,Zomato,Tier 3,32217.72,0.715,13.14,43,0.868,4.56,0.21,0.602,0.131,36,0,698,82000,Moderate Risk,0.0698
GIG-11805,Swiggy,Tier 3,19817.5,0.175,-0.27,29,0.828,4.19,0.123,0.513,0.219,3,0,575,42000,High Risk,0.2647
GIG-11806,Zepto,Tier 3,30412.55,0.977,4.36,33,0.91,4.33,0.259,0.338,0.273,16,0,713,80000,Moderate Risk,0.0692
GIG-11807,Blinkit,Tier 2,17125.69,0.481,-1.54,33,0.913,4.81,0.314,0.625,0.02,26,0,581,36000,High Risk,0.3292
GIG-11808,Swiggy,Tier 1,29631.07,0.376,12.88,46,0.958,3.76,0.319,0.63,0.02,30,0,600,65000,High Risk,0.2639
GIG-11809,Urban Company,Tier 2,23457.09,0.431,0.36,49,0.94,3.6,0.266,0.43,0.169,57,0,619,53000,High Risk,0.3239
GIG-11810,Zepto,Tier 3,38331.39,0.839,5.58,53,0.982,4.9,0.385,0.658,0.02,26,0,693,97000,Moderate Risk,0.1111
GIG-11811,Urban Company,Tier 3,20505.86,0.251,6.89,28,0.877,4.91,0.162,0.478,0.244,28,0,644,48000,Moderate Risk,0.0827
GIG-11812,Ola,Tier 2,20259.11,0.241,15.89,36,0.97,4.1,0.414,0.439,0.02,38,0,566,42000,High Risk,0.1652
GIG-11813,Porter,Tier 1,28712.03,0.183,2.7,53,0.883,4.72,0.232,0.459,0.242,26,2,513,54000,Very High Risk,0.6649
GIG-11814,Porter,Tier 2,27651.23,0.634,-17.59,39,0.846,4.67,0.232,0.443,0.175,22,0,622,63000,High Risk,0.1996
GIG-11815,Blinkit,Tier 3,37686.06,0.829,6.02,36,0.878,4.87,0.333,0.675,0.02,28,0,682,94000,Moderate Risk,0.0812
GIG-11816,Uber,Tier 3,30064.94,0.852,-3.15,33,0.873,4.45,0.213,0.332,0.334,10,0,692,76000,Moderate Risk,0.1045
GIG-11817,Ola,Tier 2,35804.89,0.723,13.15,48,0.891,4.52,0.187,0.564,0.121,53,0,669,88000,Moderate Risk,0.0985
GIG-11818,Uber,Tier 1,33501.3,0.786,2.38,52,0.952,4.74,0.246,0.647,0.02,16,0,690,85000,Moderate Risk,0.1175
GIG-11819,Zepto,Tier 2,33159.64,0.829,-2.11,52,0.896,4.52,0.306,0.632,0.02,54,0,674,82000,Moderate Risk,0.1106
GIG-11820,Zomato,Tier 1,32149.88,0.755,-1.69,48,0.949,4.67,0.336,0.655,0.02,27,0,645,76000,Moderate Risk,0.1092
GIG-11821,Zomato,Tier 1,30520.73,0.748,14.59,47,0.822,3.54,0.393,0.656,0.02,55,1,604,68000,High Risk,0.1596
GIG-11822,Uber,Tier 2,34681.89,0.75,21.98,61,0.951,3.93,0.414,0.476,0.03,41,0,700,89000,Moderate Risk,0.1016
GIG-11823,Zepto,Tier 1,28680.56,0.45,2.7,54,0.827,3.65,0.235,0.667,0.02,7,0,612,64000,High Risk,0.2147
GIG-11824,Urban Company,Tier 1,27359.53,0.186,10.1,56,0.795,4.76,0.369,0.489,0.036,26,0,599,60000,High Risk,0.2853
GIG-11825,Swiggy,Tier 3,31942.27,0.43,7.53,41,0.859,3.99,0.409,0.609,0.02,5,2,543,64000,Very High Risk,0.6236
GIG-11826,Zepto,Tier 2,35694.9,0.643,-12.1,45,0.853,4.3,0.404,0.357,0.189,42,0,636,83000,High Risk,0.2425
GIG-11827,Urban Company,Tier 3,33239.84,0.953,-5.45,33,0.942,4.35,0.201,0.5,0.153,41,0,706,86000,Moderate Risk,0.076
GIG-11828,Zomato,Tier 1,44552.71,0.623,10.88,54,0.859,3.87,0.393,0.337,0.126,43,0,675,110000,Moderate Risk,0.1394
GIG-11829,Porter,Tier 2,40768.85,0.509,4.76,42,0.868,3.65,0.253,0.623,0.044,3,0,624,93000,High Risk,0.3422
GIG-11830,Ola,Tier 3,28663.73,0.219,14.62,45,0.944,3.64,0.124,0.626,0.129,54,0,592,62000,High Risk,0.3381
GIG-11831,Urban Company,Tier 1,27728.93,0.379,10.6,40,0.836,4.71,0.363,0.498,0.031,5,1,561,57000,High Risk,0.2125
GIG-11832,Ola,Tier 3,27799.55,0.342,17.16,55,0.92,4.13,0.157,0.664,0.101,13,0,633,65000,High Risk,0.3132
GIG-11833,Zomato,Tier 2,16057.99,0.507,-7.91,43,0.89,4.26,0.301,0.431,0.131,18,0,585,34000,High Risk,0.29
GIG-11834,Zomato,Tier 1,21129.42,0.318,6.18,61,0.826,3.84,0.249,0.338,0.356,8,0,629,49000,High Risk,0.2646
GIG-11835,Urban Company,Tier 2,15377.97,0.292,-8.42,37,0.979,3.63,0.403,0.633,0.02,25,2,435,25000,Very High Risk,0.4073
GIG-11836,Zepto,Tier 2,23605.14,0.184,-12.6,31,0.907,4.96,0.275,0.47,0.168,40,1,514,44000,Very High Risk,0.3845
GIG-11837,Ola,Tier 3,27265.68,0.607,17.0,45,0.936,3.9,0.402,0.378,0.163,3,0,634,63000,High Risk,0.3199
GIG-11838,Swiggy,Tier 1,42828.34,0.951,10.28,37,0.863,4.91,0.348,0.529,0.051,38,0,750,118000,Low Risk,0.041
GIG-11839,Urban Company,Tier 3,23554.24,0.755,7.65,44,0.947,4.48,0.339,0.423,0.162,56,0,692,60000,Moderate Risk,0.076
GIG-11840,Blinkit,Tier 2,28784.86,0.528,6.52,40,0.9,4.25,0.394,0.607,0.02,55,0,588,62000,High Risk,0.1669
GIG-11841,Urban Company,Tier 1,16856.54,0.487,4.67,30,0.877,4.3,0.163,0.583,0.116,41,0,591,37000,High Risk,0.1861
GIG-11842,Ola,Tier 2,22493.28,0.714,11.22,45,0.797,4.59,0.388,0.365,0.124,28,0,678,56000,Moderate Risk,0.1203
GIG-11843,Zomato,Tier 2,27048.67,0.085,-9.68,52,0.93,4.84,0.164,0.405,0.281,14,0,608,60000,High Risk,0.2941
GIG-11844,Zepto,Tier 3,35447.67,0.741,-6.14,44,0.861,3.94,0.404,0.503,0.02,9,2,582,76000,High Risk,0.2808
GIG-11845,Swiggy,Tier 3,24469.45,0.613,11.89,39,0.939,3.66,0.394,0.411,0.087,21,0,630,57000,High Risk,0.2039
GIG-11846,Blinkit,Tier 1,25261.17,0.028,20.36,49,0.893,3.74,0.191,0.327,0.425,54,0,591,55000,High Risk,0.1941
GIG-11847,Urban Company,Tier 3,18666.46,0.544,-5.47,56,0.903,3.91,0.273,0.401,0.186,55,1,567,39000,High Risk,0.2486
GIG-11848,Urban Company,Tier 3,28412.6,0.461,-4.03,47,0.863,4.46,0.349,0.465,0.088,31,0,624,65000,High Risk,0.3253
GIG-11849,Zepto,Tier 3,25002.7,0.674,11.39,49,0.908,4.65,0.285,0.324,0.27,33,0,668,61000,Moderate Risk,0.0856
GIG-11850,Ola,Tier 2,28037.73,0.218,6.52,63,0.948,4.06,0.257,0.688,0.02,52,0,572,59000,High Risk,0.2472
GIG-11851,Porter,Tier 3,20071.86,0.149,-7.71,51,0.799,3.62,0.212,0.314,0.374,32,0,573,42000,High Risk,0.2614
GIG-11852,Zomato,Tier 2,26923.39,0.057,-6.18,45,0.928,4.52,0.137,0.344,0.388,10,0,594,59000,High Risk,0.2211
GIG-11853,Urban Company,Tier 1,25305.13,0.363,-11.59,56,0.856,4.66,0.192,0.577,0.108,27,3,469,44000,Very High Risk,0.439
GIG-11854,Ola,Tier 3,26006.74,0.377,-4.82,52,0.872,4.26,0.4,0.451,0.095,47,1,549,52000,Very High Risk,0.5549
GIG-11855,Ola,Tier 2,17015.62,0.619,-6.57,43,0.823,4.77,0.133,0.442,0.312,29,2,537,34000,Very High Risk,0.6551
GIG-11856,Blinkit,Tier 3,31594.06,0.702,2.38,34,0.87,4.31,0.227,0.617,0.043,37,0,686,79000,Moderate Risk,0.0785
GIG-11857,Zomato,Tier 3,28454.59,0.53,10.38,70,0.82,4.02,0.404,0.414,0.116,56,4,472,49000,Very High Risk,0.4628
GIG-11858,Urban Company,Tier 1,19230.17,0.449,3.92,51,0.988,3.65,0.37,0.453,0.068,21,0,579,41000,High Risk,0.2302
GIG-11859,Swiggy,Tier 2,30002.82,0.573,-8.55,43,0.972,4.35,0.161,0.519,0.252,46,1,631,69000,High Risk,0.3434
GIG-11860,Blinkit,Tier 1,20638.05,0.043,-1.64,59,0.796,4.01,0.361,0.491,0.02,38,0,494,37000,Very High Risk,0.6757
GIG-11861,Uber,Tier 2,27732.71,0.524,10.71,60,0.797,4.63,0.213,0.622,0.064,23,0,655,67000,Moderate Risk,0.1362
GIG-11862,Blinkit,Tier 1,39288.57,0.611,5.44,43,0.982,3.82,0.419,0.579,0.02,60,0,658,95000,Moderate Risk,0.1326
GIG-11863,Urban Company,Tier 1,43407.42,0.652,8.08,37,0.918,3.54,0.265,0.409,0.229,50,0,688,110000,Moderate Risk,0.0641
GIG-11864,Ola,Tier 2,28211.73,0.28,-7.34,52,0.919,3.55,0.233,0.503,0.141,50,0,564,58000,High Risk,0.3465
GIG-11865,Ola,Tier 1,19866.6,0.63,-8.4,52,0.822,4.38,0.126,0.459,0.289,50,0,652,47000,Moderate Risk,0.1268
GIG-11866,Ola,Tier 2,28546.03,0.289,8.81,51,0.959,3.89,0.381,0.562,0.02,16,3,457,48000,Very High Risk,0.6831
GIG-11867,Ola,Tier 1,37293.94,0.911,1.65,30,0.921,3.67,0.139,0.454,0.316,56,0,723,99000,Moderate Risk,0.0806
GIG-11868,Ola,Tier 3,20197.17,0.32,7.4,41,0.847,4.89,0.248,0.576,0.066,25,0,583,43000,High Risk,0.3379
GIG-11869,Uber,Tier 1,24987.29,0.467,2.3,57,0.781,4.95,0.171,0.564,0.143,10,0,614,56000,High Risk,0.1723
GIG-11870,Swiggy,Tier 3,24337.26,0.388,22.85,40,0.795,3.7,0.32,0.577,0.02,45,0,591,53000,High Risk,0.3405
GIG-11871,Porter,Tier 3,11000.0,0.444,-4.17,30,0.956,4.98,0.217,0.637,0.02,3,4,395,16000,Very High Risk,0.4765
GIG-11872,Zomato,Tier 2,21701.21,0.374,13.76,42,0.825,4.3,0.379,0.687,0.02,26,0,611,49000,High Risk,0.1769
GIG-11873,Blinkit,Tier 2,15575.7,0.159,14.08,32,0.847,4.15,0.303,0.497,0.066,60,2,440,25000,Very High Risk,0.5197
GIG-11874,Urban Company,Tier 2,34361.33,0.847,3.54,46,0.901,4.05,0.141,0.536,0.261,14,0,709,89000,Moderate Risk,0.1242
GIG-11875,Urban Company,Tier 2,18638.5,0.587,-2.14,42,0.97,3.58,0.145,0.579,0.207,17,0,619,42000,High Risk,0.1773
GIG-11876,Uber,Tier 1,18208.68,0.202,5.54,55,0.965,3.94,0.21,0.596,0.121,36,2,489,33000,Very High Risk,0.5418
GIG-11877,Zepto,Tier 2,36022.42,0.791,8.29,56,0.819,3.65,0.142,0.503,0.217,37,0,702,93000,Moderate Risk,0.077
GIG-11878,Zomato,Tier 3,35248.71,0.833,8.18,60,0.98,4.17,0.161,0.568,0.125,25,0,715,92000,Moderate Risk,0.1243
GIG-11879,Zepto,Tier 3,21036.72,0.355,8.75,44,0.956,4.31,0.151,0.546,0.153,52,0,619,48000,High Risk,0.3184
GIG-11880,Uber,Tier 2,23533.23,0.14,14.51,47,0.964,4.24,0.187,0.622,0.112,10,2,525,45000,Very High Risk,0.4451
GIG-11881,Porter,Tier 2,27794.6,0.159,-0.5,20,0.808,4.36,0.333,0.57,0.02,47,0,553,56000,High Risk,0.2499
GIG-11882,Zomato,Tier 1,27368.68,0.686,16.08,63,0.863,3.56,0.188,0.661,0.049,46,1,612,61000,High Risk,0.2611
GIG-11883,Ola,Tier 2,12009.3,0.353,25.5,39,0.924,3.87,0.252,0.685,0.02,40,2,478,21000,Very High Risk,0.6056
GIG-11884,Swiggy,Tier 2,33147.63,0.829,11.04,31,0.887,3.53,0.159,0.624,0.119,26,0,664,81000,Moderate Risk,0.0779
GIG-11885,Urban Company,Tier 1,26138.87,0.309,-1.59,52,0.866,4.78,0.227,0.527,0.143,38,0,598,57000,High Risk,0.1542
GIG-11886,Urban Company,Tier 1,45629.25,0.718,-2.14,61,0.934,3.69,0.316,0.631,0.02,20,0,653,109000,Moderate Risk,0.0876
GIG-11887,Porter,Tier 3,24029.09,0.129,5.64,40,0.946,3.86,0.277,0.462,0.191,24,0,541,48000,Very High Risk,0.6582
GIG-11888,Blinkit,Tier 1,32708.47,0.676,7.69,37,0.861,4.29,0.316,0.321,0.284,34,0,700,84000,Moderate Risk,0.1363
GIG-11889,Zepto,Tier 1,18012.9,0.591,10.96,44,0.876,4.28,0.361,0.589,0.02,29,0,612,40000,High Risk,0.3232
GIG-11890,Blinkit,Tier 2,27002.47,0.49,7.55,47,0.798,3.85,0.287,0.584,0.049,57,0,629,62000,High Risk,0.3255
GIG-11891,Zepto,Tier 2,22110.51,0.256,20.03,33,0.855,3.53,0.252,0.39,0.305,31,0,610,49000,High Risk,0.2055
GIG-11892,Uber,Tier 3,16629.0,0.606,-0.22,36,0.865,4.45,0.121,0.641,0.18,11,2,533,32000,Very High Risk,0.6001
GIG-11893,Ola,Tier 1,30448.27,0.766,1.65,31,0.927,4.46,0.321,0.652,0.02,49,0,670,75000,Moderate Risk,0.0959
GIG-11894,Urban Company,Tier 1,38966.72,0.829,10.26,38,0.963,4.08,0.273,0.681,0.02,38,4,508,73000,Very High Risk,0.6906
GIG-11895,Zepto,Tier 2,27979.79,0.314,-5.03,50,0.832,4.65,0.233,0.303,0.373,15,0,614,63000,High Risk,0.3185
GIG-11896,Uber,Tier 3,32791.15,0.895,4.48,35,0.85,4.81,0.142,0.632,0.159,12,0,716,86000,Moderate Risk,0.1017
GIG-11897,Porter,Tier 1,27194.13,0.07,-2.35,53,0.86,4.12,0.211,0.337,0.391,14,0,586,58000,High Risk,0.2985
GIG-11898,Zepto,Tier 2,29724.06,0.553,23.34,62,0.858,4.91,0.373,0.632,0.02,11,0,668,73000,Moderate Risk,0.0905
GIG-11899,Blinkit,Tier 2,25472.22,0.614,2.36,56,0.809,4.76,0.411,0.417,0.092,22,0,647,60000,Moderate Risk,0.0925
GIG-11900,Urban Company,Tier 3,20168.48,0.584,9.28,42,0.935,3.73,0.303,0.311,0.265,57,0,627,46000,High Risk,0.2756
GIG-11901,Zomato,Tier 2,31888.25,0.623,22.18,43,0.839,4.47,0.173,0.517,0.164,9,0,704,82000,Moderate Risk,0.1026
GIG-11902,Uber,Tier 1,21858.18,0.294,4.0,55,0.802,4.81,0.266,0.476,0.167,16,0,638,51000,High Risk,0.2433
GIG-11903,Urban Company,Tier 2,32785.35,0.6,0.93,47,0.82,4.69,0.175,0.55,0.128,56,0,655,79000,Moderate Risk,0.1259
GIG-11904,Swiggy,Tier 2,20058.01,0.73,-1.81,55,0.888,4.52,0.17,0.409,0.306,50,0,687,51000,Moderate Risk,0.0986
GIG-11905,Blinkit,Tier 2,27737.29,0.369,12.22,48,0.818,4.26,0.156,0.412,0.313,26,0,662,67000,Moderate Risk,0.1375
GIG-11906,Blinkit,Tier 3,30288.61,0.884,12.72,43,0.823,4.88,0.278,0.34,0.287,38,0,738,82000,Moderate Risk,0.0987
GIG-11907,Urban Company,Tier 2,13825.96,0.228,9.29,49,0.847,3.51,0.393,0.604,0.02,4,0,518,26000,Very High Risk,0.6879
GIG-11908,Zepto,Tier 1,28469.14,0.334,1.57,22,0.815,4.35,0.251,0.679,0.02,25,0,580,61000,High Risk,0.1947
GIG-11909,Ola,Tier 3,30953.99,0.676,3.1,50,0.819,4.89,0.258,0.467,0.198,39,1,632,72000,High Risk,0.1561
GIG-11910,Uber,Tier 2,36867.53,0.63,3.82,39,0.814,4.52,0.144,0.519,0.21,25,2,591,80000,High Risk,0.1677
GIG-11911,Blinkit,Tier 3,30378.33,0.525,8.55,48,0.961,4.42,0.343,0.444,0.063,35,0,614,68000,High Risk,0.1724
GIG-11912,Porter,Tier 3,33295.12,0.342,-5.46,46,0.872,4.7,0.215,0.478,0.208,31,1,571,70000,High Risk,0.323
GIG-11913,Swiggy,Tier 2,30270.86,0.685,22.18,43,0.965,4.82,0.256,0.644,0.04,42,0,720,80000,Moderate Risk,0.0722
GIG-11914,Urban Company,Tier 2,33183.34,0.652,-2.22,59,0.989,4.48,0.365,0.568,0.02,43,1,562,68000,High Risk,0.2864
GIG-11915,Uber,Tier 1,30646.82,0.716,17.04,47,0.94,3.68,0.194,0.311,0.444,43,0,734,82000,Moderate Risk,0.1165
GIG-11916,Blinkit,Tier 2,11747.38,0.491,3.47,56,0.99,3.5,0.153,0.421,0.373,43,1,570,25000,High Risk,0.2754
GIG-11917,Zepto,Tier 1,27387.71,0.654,-6.24,61,0.809,3.6,0.356,0.57,0.02,8,1,583,59000,High Risk,0.3318
GIG-11918,Uber,Tier 2,22472.79,0.247,-7.87,52,0.871,3.81,0.131,0.535,0.198,17,0,567,47000,High Risk,0.2832
GIG-11919,Blinkit,Tier 2,16904.24,0.592,-3.45,48,0.83,4.29,0.406,0.415,0.08,44,0,610,38000,High Risk,0.3476
GIG-11920,Urban Company,Tier 3,29776.57,0.112,19.8,51,0.952,4.12,0.335,0.666,0.02,20,0,592,65000,High Risk,0.1866
GIG-11921,Zepto,Tier 2,45567.78,0.878,8.82,66,0.788,3.59,0.154,0.361,0.336,59,0,746,125000,Low Risk,0.0354
GIG-11922,Porter,Tier 2,27240.87,0.155,4.18,29,0.876,4.02,0.365,0.344,0.199,50,0,596,60000,High Risk,0.1936
GIG-11923,Porter,Tier 2,27218.31,0.568,-9.29,41,0.856,3.88,0.148,0.524,0.275,13,3,518,52000,Very High Risk,0.6355
GIG-11924,Uber,Tier 1,19633.47,0.682,11.71,38,0.821,4.53,0.377,0.684,0.02,11,3,478,34000,Very High Risk,0.5347
GIG-11925,Ola,Tier 3,24527.41,0.117,11.26,45,0.885,3.87,0.348,0.435,0.085,19,0,552,50000,High Risk,0.1671
GIG-11926,Swiggy,Tier 1,25793.38,0.087,15.45,35,0.911,4.68,0.313,0.367,0.203,13,0,611,58000,High Risk,0.222
GIG-11927,Zepto,Tier 1,27430.81,0.06,-10.83,61,0.862,4.71,0.129,0.418,0.322,9,2,508,51000,Very High Risk,0.4276
GIG-11928,Swiggy,Tier 2,26323.55,0.548,13.68,37,0.887,4.17,0.295,0.656,0.02,38,0,638,62000,High Risk,0.1529
GIG-11929,Zomato,Tier 1,34825.33,0.93,12.3,33,0.836,4.08,0.231,0.569,0.141,52,0,716,91000,Moderate Risk,0.0766
GIG-11930,Zepto,Tier 3,26844.47,0.528,9.92,35,0.972,4.53,0.185,0.426,0.336,51,0,697,69000,Moderate Risk,0.0609
GIG-11931,Swiggy,Tier 1,33929.25,0.678,4.31,67,0.804,3.63,0.354,0.362,0.217,19,1,641,80000,Moderate Risk,0.0983
GIG-11932,Uber,Tier 1,40710.48,0.719,11.22,65,0.803,4.04,0.174,0.433,0.248,44,0,720,107000,Moderate Risk,0.1187
GIG-11933,Zepto,Tier 2,27900.55,0.6,30.26,58,0.875,3.77,0.187,0.412,0.35,17,2,631,65000,High Risk,0.2645
GIG-11934,Ola,Tier 3,36911.73,0.914,3.62,34,0.884,3.88,0.337,0.408,0.12,21,0,717,97000,Moderate Risk,0.1084
GIG-11935,Porter,Tier 3,16117.64,0.515,3.74,58,0.825,4.85,0.337,0.413,0.166,11,0,603,36000,High Risk,0.1783
GIG-11936,Uber,Tier 3,27644.23,0.139,-1.8,50,0.801,4.37,0.342,0.36,0.211,56,1,532,54000,Very High Risk,0.387
GIG-11937,Uber,Tier 1,33349.11,0.781,-4.91,47,0.967,4.42,0.299,0.695,0.02,5,2,553,68000,High Risk,0.2533
GIG-11938,Blinkit,Tier 2,21603.56,0.115,0.75,63,0.925,4.21,0.413,0.434,0.02,58,0,527,42000,Very High Risk,0.6395
GIG-11939,Porter,Tier 2,43297.6,0.706,3.9,29,0.936,3.82,0.154,0.558,0.14,58,0,702,111000,Moderate Risk,0.1226
GIG-11940,Urban Company,Tier 3,42562.13,0.676,18.69,48,0.892,4.11,0.317,0.408,0.19,31,4,547,85000,Very High Risk,0.6346
GIG-11941,Uber,Tier 3,30639.14,0.756,22.53,57,0.815,3.91,0.206,0.541,0.106,37,2,592,67000,High Risk,0.1572
GIG-11942,Uber,Tier 3,19777.92,0.629,-3.62,37,0.854,4.69,0.314,0.614,0.02,41,0,618,45000,High Risk,0.3037
GIG-11943,Porter,Tier 3,31383.43,0.742,-5.66,18,0.951,4.51,0.166,0.39,0.365,50,0,711,82000,Moderate Risk,0.0793
GIG-11944,Zepto,Tier 3,20522.07,0.224,6.49,63,0.782,4.87,0.14,0.675,0.132,43,1,559,42000,High Risk,0.1646
GIG-11945,Urban Company,Tier 2,53722.99,0.878,-0.2,43,0.923,3.91,0.137,0.566,0.198,33,0,751,148000,Low Risk,0.0125
GIG-11946,Ola,Tier 1,22778.2,0.223,-14.26,47,0.865,3.53,0.319,0.446,0.114,31,0,550,46000,High Risk,0.2762
GIG-11947,Urban Company,Tier 2,32738.54,0.789,-2.85,53,0.961,4.37,0.264,0.307,0.341,29,0,698,84000,Moderate Risk,0.1395
GIG-11948,Urban Company,Tier 1,21004.76,0.248,-1.48,47,0.824,3.77,0.276,0.383,0.221,22,0,578,45000,High Risk,0.221
GIG-11949,Zomato,Tier 1,24402.53,0.244,1.89,39,0.833,3.61,0.412,0.324,0.128,36,1,515,46000,Very High Risk,0.3621
GIG-11950,Uber,Tier 2,27687.17,0.636,-0.91,58,0.814,4.68,0.22,0.415,0.239,21,2,561,57000,High Risk,0.3422
GIG-11951,Porter,Tier 3,28056.25,0.351,-2.02,48,0.882,4.71,0.292,0.353,0.288,3,1,610,63000,High Risk,0.2246
GIG-11952,Porter,Tier 2,29953.02,0.456,10.22,49,0.92,3.73,0.192,0.664,0.065,22,1,582,64000,High Risk,0.3329
GIG-11953,Zomato,Tier 2,26946.61,0.376,12.82,26,0.816,3.53,0.291,0.507,0.083,54,0,601,59000,High Risk,0.1517
GIG-11954,Urban Company,Tier 3,35538.15,0.71,-3.77,40,0.92,3.86,0.257,0.497,0.148,17,0,652,85000,Moderate Risk,0.0753
GIG-11955,Zomato,Tier 3,41372.89,0.835,18.37,27,0.921,4.45,0.379,0.388,0.119,26,0,761,115000,Low Risk,0.0186
GIG-11956,Ola,Tier 2,38169.2,0.862,5.07,52,0.932,4.72,0.181,0.387,0.306,59,1,694,97000,Moderate Risk,0.0919
GIG-11957,Zepto,Tier 2,24590.62,0.253,16.24,46,0.856,4.02,0.326,0.485,0.064,18,0,579,52000,High Risk,0.1802
GIG-11958,Uber,Tier 3,33027.39,0.801,-7.81,41,0.835,4.34,0.243,0.332,0.312,50,0,683,83000,Moderate Risk,0.1085
GIG-11959,Zepto,Tier 2,11000.0,0.868,24.4,61,0.783,3.69,0.191,0.571,0.13,17,1,641,26000,Moderate Risk,0.1192
GIG-11960,Urban Company,Tier 1,25161.33,0.636,11.44,31,0.925,3.86,0.403,0.447,0.034,30,0,621,57000,High Risk,0.3114
GIG-11961,Ola,Tier 3,29311.41,0.304,8.19,49,0.799,4.53,0.243,0.361,0.248,51,2,524,56000,Very High Risk,0.6638
GIG-11962,Urban Company,Tier 2,33357.24,0.771,10.17,25,0.983,4.19,0.312,0.449,0.125,44,0,715,87000,Moderate Risk,0.11
GIG-11963,Urban Company,Tier 2,12742.25,0.378,10.84,34,0.946,3.74,0.234,0.487,0.199,15,0,622,29000,High Risk,0.1656
GIG-11964,Swiggy,Tier 1,23318.2,0.247,-5.64,65,0.962,4.71,0.206,0.355,0.373,11,3,491,42000,Very High Risk,0.5889
GIG-11965,Urban Company,Tier 1,16298.92,0.18,17.5,50,0.931,4.05,0.271,0.636,0.028,43,0,538,32000,Very High Risk,0.4785
GIG-11966,Porter,Tier 3,22385.24,0.327,18.52,72,0.928,3.98,0.131,0.392,0.403,31,0,675,55000,Moderate Risk,0.1355
GIG-11967,Urban Company,Tier 3,30620.55,0.469,-27.27,26,0.854,4.81,0.138,0.689,0.122,42,2,492,55000,Very High Risk,0.5463
GIG-11968,Porter,Tier 1,20716.82,0.55,-2.33,48,0.825,4.49,0.379,0.561,0.02,23,0,585,44000,High Risk,0.2287
GIG-11969,Zomato,Tier 1,17614.8,0.249,8.98,56,0.881,3.82,0.318,0.434,0.133,6,0,541,35000,Very High Risk,0.5981
GIG-11970,Zomato,Tier 1,28876.29,0.82,3.97,36,0.8,4.71,0.325,0.481,0.119,9,0,703,74000,Moderate Risk,0.0967
GIG-11971,Urban Company,Tier 2,27042.35,0.396,8.71,53,0.904,4.79,0.274,0.632,0.02,11,0,626,62000,High Risk,0.271
GIG-11972,Porter,Tier 3,38589.04,0.682,14.86,44,0.952,4.88,0.189,0.532,0.149,3,1,663,94000,Moderate Risk,0.1095
GIG-11973,Ola,Tier 1,33976.5,0.793,4.85,51,0.971,4.71,0.289,0.511,0.117,12,0,695,87000,Moderate Risk,0.101
GIG-11974,Zomato,Tier 2,15878.37,0.311,31.11,55,0.908,4.37,0.278,0.373,0.271,16,0,613,36000,High Risk,0.3079
GIG-11975,Blinkit,Tier 2,16992.48,0.463,23.29,34,0.887,3.95,0.4,0.391,0.117,22,2,533,33000,Very High Risk,0.4684
GIG-11976,Porter,Tier 2,17037.3,0.465,7.19,58,0.867,4.41,0.198,0.451,0.257,32,1,604,38000,High Risk,0.2197
GIG-11977,Zomato,Tier 2,18225.83,0.325,12.01,51,0.809,4.57,0.327,0.576,0.02,8,0,580,39000,High Risk,0.2103
GIG-11978,Uber,Tier 1,18424.61,0.065,14.22,62,0.844,4.6,0.223,0.661,0.05,20,0,567,38000,High Risk,0.2498
GIG-11979,Zepto,Tier 1,33841.26,0.851,-2.98,21,0.919,4.13,0.404,0.404,0.079,37,0,687,85000,Moderate Risk,0.0825
GIG-11980,Porter,Tier 1,13758.61,0.608,0.25,23,0.808,3.69,0.314,0.583,0.02,15,0,558,28000,High Risk,0.1736
GIG-11981,Urban Company,Tier 2,28375.09,0.151,0.78,44,0.784,4.88,0.211,0.521,0.186,56,0,597,62000,High Risk,0.1805
GIG-11982,Zomato,Tier 1,35978.08,0.329,29.74,45,0.815,4.17,0.418,0.422,0.083,52,0,662,87000,Moderate Risk,0.1078
GIG-11983,Ola,Tier 2,29274.18,0.485,6.3,46,0.963,4.69,0.203,0.552,0.194,52,0,674,72000,Moderate Risk,0.079
GIG-11984,Porter,Tier 1,26869.7,0.378,12.47,55,0.895,4.38,0.12,0.403,0.334,50,0,640,63000,Moderate Risk,0.095
GIG-11985,Zomato,Tier 1,25454.18,0.24,6.04,51,0.855,4.85,0.233,0.496,0.168,32,1,536,50000,Very High Risk,0.5517
GIG-11986,Swiggy,Tier 3,24088.06,0.279,17.23,51,0.783,4.68,0.127,0.394,0.402,45,0,645,57000,Moderate Risk,0.0985
GIG-11987,Ola,Tier 2,40817.05,0.936,2.61,56,0.858,4.96,0.171,0.301,0.419,27,2,672,101000,Moderate Risk,0.1118
GIG-11988,Urban Company,Tier 2,28666.22,0.218,-3.73,54,0.973,4.04,0.133,0.445,0.305,13,0,614,65000,High Risk,0.312
GIG-11989,Zomato,Tier 3,42224.62,0.799,20.87,47,0.861,4.85,0.282,0.439,0.194,38,0,743,115000,Low Risk,0.0338
GIG-11990,Swiggy,Tier 2,38631.91,0.84,2.13,49,0.917,4.66,0.218,0.358,0.348,33,0,736,104000,Moderate Risk,0.1066
GIG-11991,Urban Company,Tier 1,35253.43,0.493,-4.88,51,0.853,4.04,0.257,0.646,0.033,26,0,606,78000,High Risk,0.2304
GIG-11992,Zomato,Tier 3,29178.29,0.267,11.38,44,0.989,4.51,0.384,0.312,0.167,16,0,594,64000,High Risk,0.1842
GIG-11993,Swiggy,Tier 1,29977.98,0.393,4.12,40,0.989,3.99,0.168,0.303,0.45,43,1,607,67000,High Risk,0.2568
GIG-11994,Zepto,Tier 2,33328.05,0.821,14.23,47,0.919,3.78,0.237,0.425,0.279,3,0,707,86000,Moderate Risk,0.1395
GIG-11995,Uber,Tier 2,41337.69,0.867,-6.41,41,0.894,4.32,0.326,0.575,0.02,40,0,695,105000,Moderate Risk,0.1355
GIG-11996,Swiggy,Tier 2,27657.57,0.343,4.79,36,0.869,3.99,0.365,0.344,0.173,53,0,606,61000,High Risk,0.2676
GIG-11997,Ola,Tier 1,31806.72,0.349,21.7,46,0.897,4.88,0.323,0.311,0.308,5,0,675,79000,Moderate Risk,0.1044
GIG-11998,Porter,Tier 3,30334.24,0.78,13.15,54,0.814,3.79,0.174,0.335,0.356,41,0,703,78000,Moderate Risk,0.0807
GIG-11999,Uber,Tier 2,30961.36,0.582,13.69,37,0.846,4.75,0.39,0.412,0.146,52,1,632,72000,High Risk,0.2254
GIG-12000,Swiggy,Tier 1,18561.0,0.09,-14.88,33,0.79,3.65,0.217,0.502,0.132,13,0,522,36000,Very High Risk,0.5384
GIG-12001,Porter,Tier 1,20650.34,0.783,7.3,41,0.902,4.61,0.166,0.646,0.042,46,0,693,52000,Moderate Risk,0.1146
GIG-12002,Blinkit,Tier 3,25258.87,0.67,22.85,34,0.947,4.34,0.359,0.362,0.175,6,1,634,59000,High Risk,0.3477
GIG-12003,Zomato,Tier 2,33281.74,0.719,3.56,49,0.965,4.12,0.284,0.367,0.272,44,0,663,81000,Moderate Risk,0.0928
GIG-12004,Uber,Tier 3,15141.83,0.587,-6.12,47,0.789,3.52,0.18,0.427,0.295,37,1,570,32000,High Risk,0.213
GIG-12005,Swiggy,Tier 1,15947.07,0.268,1.06,41,0.942,4.45,0.33,0.489,0.04,34,0,553,32000,High Risk,0.2528
GIG-12006,Ola,Tier 2,29619.57,0.758,2.26,35,0.912,4.82,0.221,0.389,0.251,38,0,700,76000,Moderate Risk,0.0684
GIG-12007,Blinkit,Tier 2,41661.49,0.454,24.84,56,0.988,4.08,0.357,0.398,0.167,49,2,579,88000,High Risk,0.1552
GIG-12008,Ola,Tier 1,27271.94,0.245,9.94,49,0.898,4.39,0.285,0.398,0.191,47,0,577,58000,High Risk,0.1897
GIG-12009,Zepto,Tier 2,20896.83,0.537,-15.59,53,0.914,4.34,0.291,0.499,0.079,49,0,587,45000,High Risk,0.327
GIG-12010,Uber,Tier 2,36925.24,0.842,21.19,34,0.888,3.91,0.288,0.595,0.059,60,0,715,97000,Moderate Risk,0.1094
GIG-12011,Zomato,Tier 2,29116.3,0.779,12.32,45,0.906,3.71,0.301,0.681,0.02,48,1,607,65000,High Risk,0.3114
GIG-12012,Porter,Tier 3,24035.11,0.2,8.54,66,0.874,4.17,0.188,0.695,0.02,21,0,570,50000,High Risk,0.1937
GIG-12013,Porter,Tier 1,14511.16,0.756,17.19,49,0.851,4.49,0.272,0.662,0.02,39,1,607,32000,High Risk,0.1841
GIG-12014,Uber,Tier 3,18148.73,0.245,24.28,57,0.83,4.13,0.165,0.472,0.243,25,0,627,42000,High Risk,0.2919
GIG-12015,Blinkit,Tier 3,36597.93,0.624,9.59,48,0.872,4.03,0.249,0.429,0.207,32,2,595,80000,High Risk,0.1752
GIG-12016,Urban Company,Tier 3,35374.8,0.582,4.81,40,0.802,4.37,0.157,0.36,0.356,58,1,651,84000,Moderate Risk,0.1274
GIG-12017,Uber,Tier 1,27190.59,0.257,11.21,45,0.845,4.34,0.312,0.434,0.127,36,0,621,62000,High Risk,0.3059
GIG-12018,Uber,Tier 2,27982.12,0.285,-3.69,37,0.844,4.24,0.297,0.613,0.02,21,0,582,60000,High Risk,0.2465
GIG-12019,Urban Company,Tier 3,31864.43,0.663,5.49,42,0.798,3.61,0.294,0.658,0.02,26,0,639,75000,High Risk,0.2192
GIG-12020,Porter,Tier 1,30877.45,0.859,17.93,50,0.834,3.92,0.42,0.431,0.057,52,4,498,56000,Very High Risk,0.4856
GIG-12021,Zepto,Tier 3,36704.31,0.762,-9.76,43,0.853,3.86,0.316,0.416,0.157,14,0,653,88000,Moderate Risk,0.0774
GIG-12022,Zomato,Tier 3,21962.89,0.15,15.58,46,0.796,4.23,0.34,0.318,0.214,57,3,456,37000,Very High Risk,0.3901
GIG-12023,Blinkit,Tier 3,24554.6,0.696,4.88,18,0.821,4.03,0.175,0.594,0.161,18,0,641,58000,Moderate Risk,0.0824
GIG-12024,Blinkit,Tier 3,32237.51,0.931,22.57,48,0.964,4.73,0.28,0.327,0.286,7,0,782,92000,Low Risk,0.0316
GIG-12025,Zepto,Tier 1,38556.47,0.9,8.24,32,0.94,3.68,0.177,0.523,0.2,36,0,745,105000,Low Risk,0.0263
GIG-12026,Porter,Tier 3,29308.85,0.16,9.45,34,0.802,4.46,0.41,0.571,0.02,12,0,572,61000,High Risk,0.3296
GIG-12027,Urban Company,Tier 2,25621.27,0.602,-5.36,53,0.843,4.66,0.214,0.514,0.22,29,1,573,54000,High Risk,0.2741
GIG-12028,Blinkit,Tier 1,23439.18,0.149,27.11,51,0.789,4.12,0.298,0.535,0.115,9,0,604,52000,High Risk,0.1624
GIG-12029,Swiggy,Tier 1,43392.3,0.929,-7.05,47,0.944,4.73,0.32,0.42,0.128,56,0,697,111000,Moderate Risk,0.1164
GIG-12030,Uber,Tier 1,30485.77,0.724,17.56,56,0.922,4.9,0.23,0.316,0.313,58,0,739,83000,Moderate Risk,0.1158
GIG-12031,Zomato,Tier 1,24944.35,0.369,-1.18,58,0.883,4.52,0.397,0.594,0.02,9,0,599,55000,High Risk,0.2557
GIG-12032,Porter,Tier 1,26729.53,0.214,3.01,43,0.96,4.27,0.213,0.48,0.215,9,0,611,60000,High Risk,0.2079
GIG-12033,Zomato,Tier 3,23639.59,0.295,-7.44,43,0.862,4.58,0.185,0.373,0.354,44,1,573,50000,High Risk,0.3309
GIG-12034,Zepto,Tier 3,28964.71,0.881,2.56,41,0.799,4.8,0.408,0.405,0.107,34,0,715,76000,Moderate Risk,0.1004
GIG-12035,Urban Company,Tier 1,28216.89,0.172,6.78,48,0.943,4.61,0.216,0.603,0.053,26,0,613,63000,High Risk,0.3134
GIG-12036,Ola,Tier 3,29800.72,0.657,-3.56,50,0.8,4.35,0.393,0.314,0.16,48,0,645,70000,Moderate Risk,0.13
GIG-12037,Swiggy,Tier 1,28692.38,0.421,13.07,36,0.812,3.77,0.384,0.582,0.02,16,0,582,61000,High Risk,0.1519
GIG-12038,Porter,Tier 1,22198.85,0.471,0.05,43,0.928,4.58,0.37,0.494,0.02,32,2,474,39000,Very High Risk,0.361
GIG-12039,Zomato,Tier 2,43017.76,0.54,3.77,48,0.811,4.68,0.356,0.385,0.133,38,0,676,107000,Moderate Risk,0.1345
GIG-12040,Zepto,Tier 2,20044.46,0.618,4.99,51,0.851,4.46,0.395,0.371,0.144,53,0,676,50000,Moderate Risk,0.1355
GIG-12041,Zomato,Tier 3,25908.25,0.884,16.43,52,0.849,3.74,0.271,0.443,0.209,20,3,579,55000,High Risk,0.1891
GIG-12042,Zomato,Tier 3,28056.21,0.183,9.8,48,0.796,4.84,0.401,0.537,0.02,7,1,561,58000,High Risk,0.313
GIG-12043,Urban Company,Tier 1,29613.33,0.548,-4.53,38,0.968,3.72,0.326,0.42,0.147,16,0,622,68000,High Risk,0.1764
GIG-12044,Swiggy,Tier 1,27476.37,0.472,-12.92,35,0.874,3.82,0.15,0.359,0.424,49,0,660,66000,Moderate Risk,0.1103
GIG-12045,Ola,Tier 3,18407.4,0.783,0.23,35,0.883,4.38,0.288,0.341,0.279,27,2,574,39000,High Risk,0.2645
GIG-12046,Ola,Tier 1,36015.01,0.755,2.09,62,0.806,4.15,0.169,0.6,0.164,36,0,673,89000,Moderate Risk,0.0661
GIG-12047,Ola,Tier 3,33901.27,0.656,3.59,24,0.975,4.2,0.419,0.363,0.097,43,0,643,80000,Moderate Risk,0.1346
GIG-12048,Uber,Tier 3,24775.62,0.553,12.69,28,0.957,4.07,0.394,0.398,0.089,50,0,621,56000,High Risk,0.3302
GIG-12049,Zepto,Tier 3,26956.85,0.149,23.65,51,0.944,4.11,0.163,0.618,0.124,9,1,543,54000,Very High Risk,0.4181
GIG-12050,Blinkit,Tier 3,25459.06,0.279,-10.64,47,0.859,3.93,0.237,0.5,0.196,32,0,551,51000,High Risk,0.3497
GIG-12051,Zepto,Tier 1,21582.52,0.523,3.14,52,0.953,3.87,0.162,0.426,0.328,13,0,619,49000,High Risk,0.292
GIG-12052,Uber,Tier 3,13812.07,0.013,-10.9,45,0.964,3.76,0.126,0.479,0.246,28,0,495,25000,Very High Risk,0.5802
GIG-12053,Blinkit,Tier 3,27402.77,0.086,16.47,47,0.835,4.47,0.156,0.417,0.311,13,1,591,59000,High Risk,0.2856
GIG-12054,Porter,Tier 2,23057.01,0.584,-25.56,42,0.958,3.94,0.131,0.652,0.084,60,0,589,50000,High Risk,0.1658
GIG-12055,Blinkit,Tier 3,19999.28,0.252,19.68,55,0.882,3.76,0.15,0.425,0.328,23,0,612,45000,High Risk,0.2187
GIG-12056,Blinkit,Tier 2,42035.11,0.699,-4.39,21,0.873,4.43,0.171,0.647,0.077,51,2,593,91000,High Risk,0.2988
GIG-12057,Zepto,Tier 3,11000.0,0.345,4.05,29,0.877,4.52,0.121,0.535,0.233,23,0,590,24000,High Risk,0.2185
GIG-12058,Ola,Tier 3,35727.52,0.819,1.5,57,0.835,3.67,0.375,0.651,0.02,37,0,647,85000,Moderate Risk,0.0617
GIG-12059,Ola,Tier 2,22098.22,0.161,16.14,32,0.823,4.81,0.207,0.432,0.289,52,0,617,50000,High Risk,0.3219
GIG-12060,Urban Company,Tier 2,24587.0,0.46,12.57,35,0.984,4.71,0.131,0.427,0.389,31,0,673,61000,Moderate Risk,0.0843
GIG-12061,Porter,Tier 2,24885.44,0.309,8.89,34,0.9,3.73,0.376,0.432,0.105,3,0,593,54000,High Risk,0.2277
GIG-12062,Zomato,Tier 2,12879.69,0.5,-3.2,25,0.83,4.61,0.341,0.309,0.294,41,2,516,24000,Very High Risk,0.5277
GIG-12063,Zomato,Tier 3,36020.61,0.661,17.89,66,0.957,4.5,0.384,0.655,0.02,11,0,692,91000,Moderate Risk,0.066
GIG-12064,Urban Company,Tier 1,30545.97,0.603,14.07,61,0.96,3.62,0.152,0.646,0.102,22,0,663,74000,Moderate Risk,0.1152
GIG-12065,Ola,Tier 1,30365.35,0.518,-8.57,50,0.89,4.52,0.186,0.562,0.198,57,0,624,69000,High Risk,0.1944
GIG-12066,Blinkit,Tier 1,31518.28,0.656,13.69,26,0.813,4.21,0.243,0.491,0.205,52,0,705,81000,Moderate Risk,0.1125
GIG-12067,Urban Company,Tier 3,25153.37,0.421,12.57,46,0.946,4.77,0.387,0.621,0.02,35,0,643,59000,Moderate Risk,0.0909
GIG-12068,Uber,Tier 1,33382.86,0.249,-0.71,60,0.967,4.02,0.31,0.554,0.068,5,0,585,72000,High Risk,0.1684
GIG-12069,Porter,Tier 2,17596.16,0.067,6.61,44,0.794,4.36,0.417,0.576,0.02,12,0,511,33000,Very High Risk,0.4096
GIG-12070,Uber,Tier 2,20123.94,0.396,12.61,57,0.941,4.59,0.263,0.434,0.225,26,0,629,46000,High Risk,0.3325
GIG-12071,Ola,Tier 1,32155.72,0.625,-2.56,38,0.897,4.84,0.142,0.542,0.189,19,0,668,79000,Moderate Risk,0.0819
GIG-12072,Urban Company,Tier 1,21104.43,0.36,16.28,55,0.892,4.91,0.384,0.683,0.02,39,1,551,43000,High Risk,0.1713
GIG-12073,Zepto,Tier 3,37520.88,0.581,10.14,47,0.905,4.49,0.213,0.575,0.118,16,1,624,86000,High Risk,0.2365
GIG-12074,Swiggy,Tier 3,11000.0,0.711,-4.91,44,0.857,4.31,0.245,0.375,0.326,23,0,644,26000,Moderate Risk,0.0805
GIG-12075,Porter,Tier 1,31817.69,0.651,6.08,56,0.946,4.9,0.185,0.617,0.121,34,1,622,73000,High Risk,0.1816
GIG-12076,Swiggy,Tier 3,32407.84,0.802,8.35,58,0.916,3.56,0.23,0.405,0.3,44,0,718,85000,Moderate Risk,0.1078
GIG-12077,Urban Company,Tier 1,21295.94,0.509,-29.04,62,0.856,4.05,0.249,0.306,0.387,49,0,600,47000,High Risk,0.2049
GIG-12078,Zepto,Tier 1,23825.87,0.393,0.82,36,0.845,4.68,0.373,0.377,0.188,52,0,622,54000,High Risk,0.1625
GIG-12079,Zomato,Tier 2,32301.36,0.437,9.89,37,0.936,4.75,0.233,0.305,0.386,25,0,669,79000,Moderate Risk,0.1029
GIG-12080,Zepto,Tier 2,40146.83,0.577,10.98,54,0.803,4.22,0.331,0.335,0.205,58,0,696,102000,Moderate Risk,0.1057
GIG-12081,Swiggy,Tier 1,28039.85,0.37,-17.78,43,0.974,3.99,0.281,0.527,0.089,50,0,578,59000,High Risk,0.2402
GIG-12082,Zomato,Tier 3,25882.57,0.647,26.42,46,0.942,4.79,0.238,0.625,0.061,52,0,679,64000,Moderate Risk,0.0625
GIG-12083,Zepto,Tier 1,22906.05,0.079,0.55,31,0.86,3.69,0.418,0.414,0.046,22,0,521,44000,Very High Risk,0.6663
GIG-12084,Zomato,Tier 2,35479.76,0.711,36.32,34,0.925,3.56,0.296,0.301,0.326,37,0,742,97000,Low Risk,0.025
GIG-12085,Uber,Tier 2,20237.2,0.541,-9.76,36,0.989,4.59,0.237,0.632,0.032,35,1,535,40000,Very High Risk,0.4441
GIG-12086,Ola,Tier 1,22127.96,0.071,7.62,52,0.967,4.88,0.323,0.507,0.032,6,0,554,45000,High Risk,0.2392
GIG-12087,Zepto,Tier 2,20732.24,0.348,16.15,35,0.821,4.1,0.362,0.545,0.02,51,0,577,44000,High Risk,0.2591
GIG-12088,Swiggy,Tier 1,33163.88,0.981,11.75,64,0.895,4.26,0.403,0.674,0.02,30,0,688,84000,Moderate Risk,0.0842
GIG-12089,Urban Company,Tier 2,28969.96,0.348,-0.87,43,0.802,3.91,0.186,0.65,0.02,12,1,552,59000,High Risk,0.304
GIG-12090,Uber,Tier 2,40560.41,0.662,-12.74,53,0.971,4.41,0.323,0.302,0.275,8,0,663,99000,Moderate Risk,0.1381
GIG-12091,Porter,Tier 3,40010.9,0.758,-0.28,35,0.911,4.19,0.309,0.571,0.02,50,0,670,98000,Moderate Risk,0.127
GIG-12092,Zomato,Tier 3,23375.27,0.747,16.39,39,0.83,4.23,0.309,0.568,0.02,28,1,635,54000,High Risk,0.2964
GIG-12093,Urban Company,Tier 1,21559.91,0.228,15.78,42,0.925,4.47,0.186,0.463,0.258,28,0,607,48000,High Risk,0.2115
GIG-12094,Zepto,Tier 3,29698.33,0.679,1.46,38,0.833,4.66,0.174,0.486,0.223,11,3,559,61000,High Risk,0.3018
GIG-12095,Uber,Tier 2,34858.05,0.762,9.53,48,0.876,4.04,0.415,0.393,0.12,38,0,673,86000,Moderate Risk,0.0834
GIG-12096,Ola,Tier 2,18367.28,0.644,11.06,38,0.846,4.01,0.196,0.474,0.234,28,0,642,43000,Moderate Risk,0.109
GIG-12097,Ola,Tier 3,28855.26,0.513,3.81,51,0.877,4.37,0.179,0.671,0.057,42,0,620,66000,High Risk,0.1787
GIG-12098,Ola,Tier 1,33599.7,0.786,4.36,34,0.855,4.94,0.135,0.419,0.302,7,3,559,69000,High Risk,0.3113
GIG-12099,Urban Company,Tier 2,38086.72,0.606,-0.18,62,0.964,3.7,0.198,0.496,0.25,23,0,678,95000,Moderate Risk,0.1327
GIG-12100,Swiggy,Tier 1,26901.38,0.19,13.31,62,0.841,4.65,0.353,0.496,0.091,45,2,489,48000,Very High Risk,0.5676
GIG-12101,Zepto,Tier 2,34260.76,0.946,11.99,59,0.797,3.6,0.212,0.472,0.238,26,0,731,92000,Moderate Risk,0.1219
GIG-12102,Blinkit,Tier 1,20604.13,0.589,7.05,52,0.904,3.58,0.344,0.491,0.043,23,1,531,40000,Very High Risk,0.4081
GIG-12103,Blinkit,Tier 3,29382.7,0.391,13.54,41,0.88,4.97,0.341,0.64,0.02,44,0,628,68000,High Risk,0.2937
GIG-12104,Zomato,Tier 2,19121.6,0.378,-1.53,44,0.923,4.3,0.314,0.41,0.198,13,1,554,39000,High Risk,0.2756
GIG-12105,Blinkit,Tier 3,41147.49,0.575,5.75,45,0.845,3.52,0.34,0.303,0.22,55,0,649,98000,Moderate Risk,0.0763
GIG-12106,Porter,Tier 3,40066.96,0.697,12.25,50,0.93,4.45,0.188,0.641,0.046,12,0,738,108000,Moderate Risk,0.1263
GIG-12107,Porter,Tier 1,31704.77,0.73,0.86,50,0.873,4.42,0.395,0.306,0.228,55,0,657,76000,Moderate Risk,0.1072
GIG-12108,Ola,Tier 1,20390.64,0.327,-7.49,50,0.856,4.67,0.342,0.531,0.063,46,1,537,40000,Very High Risk,0.5802
GIG-12109,Blinkit,Tier 1,22099.51,0.321,8.68,34,0.906,4.37,0.313,0.626,0.02,51,0,573,46000,High Risk,0.174
GIG-12110,Swiggy,Tier 1,29259.45,0.153,5.55,18,0.942,4.44,0.372,0.495,0.02,50,1,502,54000,Very High Risk,0.676
GIG-12111,Zomato,Tier 1,16915.49,0.357,0.23,36,0.897,3.53,0.251,0.602,0.081,42,0,564,35000,High Risk,0.1853
GIG-12112,Uber,Tier 2,36807.75,0.631,7.79,42,0.887,4.32,0.385,0.306,0.252,3,0,686,93000,Moderate Risk,0.1107
GIG-12113,Blinkit,Tier 3,26617.38,0.351,12.49,61,0.848,4.14,0.147,0.699,0.028,54,0,612,60000,High Risk,0.2015
GIG-12114,Swiggy,Tier 2,49072.2,0.933,13.03,46,0.972,3.52,0.152,0.533,0.18,31,2,668,120000,Moderate Risk,0.076
GIG-12115,Porter,Tier 1,34705.79,0.679,14.17,45,0.969,3.79,0.234,0.354,0.285,24,0,690,88000,Moderate Risk,0.1071
GIG-12116,Ola,Tier 3,29614.05,0.264,-0.71,32,0.908,4.96,0.226,0.322,0.383,37,1,610,66000,High Risk,0.1748
GIG-12117,Ola,Tier 1,33365.65,0.629,-8.79,47,0.913,3.56,0.418,0.311,0.216,37,0,623,76000,High Risk,0.2444
GIG-12118,Urban Company,Tier 3,33715.02,0.517,11.51,44,0.942,3.67,0.271,0.669,0.02,33,1,573,71000,High Risk,0.1796
GIG-12119,Uber,Tier 3,27917.1,0.334,-8.05,39,0.974,4.26,0.264,0.698,0.02,47,1,525,54000,Very High Risk,0.3922
GIG-12120,Zomato,Tier 2,32166.51,0.672,18.09,50,0.978,4.85,0.402,0.313,0.164,40,0,702,83000,Moderate Risk,0.0934
GIG-12121,Zomato,Tier 2,23637.81,0.279,1.72,20,0.977,4.47,0.207,0.369,0.332,13,0,594,51000,High Risk,0.3035
GIG-12122,Zomato,Tier 2,33216.03,0.868,9.05,56,0.916,4.24,0.393,0.578,0.02,15,0,690,84000,Moderate Risk,0.0673
GIG-12123,Urban Company,Tier 1,27326.18,0.491,8.98,54,0.826,4.58,0.414,0.51,0.02,32,0,606,61000,High Risk,0.2938
GIG-12124,Zomato,Tier 1,33258.75,0.699,17.55,62,0.851,3.94,0.224,0.496,0.133,27,1,642,78000,Moderate Risk,0.1021
GIG-12125,Urban Company,Tier 3,37485.95,0.891,-4.1,42,0.816,4.7,0.198,0.406,0.253,57,0,732,101000,Moderate Risk,0.1202
GIG-12126,Blinkit,Tier 1,15554.94,0.56,8.37,51,0.795,4.22,0.276,0.673,0.02,4,0,605,35000,High Risk,0.1922
GIG-12127,Urban Company,Tier 3,21364.21,0.318,14.73,62,0.919,4.25,0.365,0.519,0.02,27,0,580,45000,High Risk,0.237
GIG-12128,Ola,Tier 2,38715.47,0.797,-11.52,41,0.971,4.05,0.36,0.313,0.254,35,0,662,94000,Moderate Risk,0.0633
GIG-12129,Swiggy,Tier 2,37195.34,0.802,0.31,59,0.865,4.93,0.254,0.671,0.02,34,0,705,96000,Moderate Risk,0.1067
GIG-12130,Swiggy,Tier 1,11000.0,0.624,18.14,49,0.833,3.56,0.362,0.691,0.02,15,2,514,21000,Very High Risk,0.5806
GIG-12131,Porter,Tier 3,26658.76,0.382,-5.89,45,0.877,4.91,0.208,0.496,0.208,48,0,612,60000,High Risk,0.3218
GIG-12132,Zomato,Tier 1,21693.25,0.398,-2.25,59,0.801,4.08,0.168,0.456,0.296,18,0,633,50000,High Risk,0.2524
GIG-12133,Urban Company,Tier 2,20513.06,0.407,-3.96,39,0.836,4.24,0.371,0.414,0.149,34,0,578,43000,High Risk,0.1994
GIG-12134,Zepto,Tier 3,33984.33,0.773,4.54,42,0.946,4.74,0.263,0.393,0.234,13,0,717,89000,Moderate Risk,0.0723
GIG-12135,Zomato,Tier 2,23113.77,0.684,19.87,56,0.837,4.07,0.305,0.326,0.289,46,0,663,56000,Moderate Risk,0.1175
GIG-12136,Blinkit,Tier 2,52052.64,0.814,1.15,53,0.833,4.3,0.144,0.513,0.263,43,0,760,145000,Low Risk,0.0278
GIG-12137,Urban Company,Tier 1,36904.12,0.791,-5.09,31,0.819,3.52,0.172,0.623,0.1,35,0,687,93000,Moderate Risk,0.0884
GIG-12138,Urban Company,Tier 1,33277.04,0.671,-14.13,28,0.913,4.35,0.247,0.307,0.334,43,1,616,75000,High Risk,0.2579
GIG-12139,Urban Company,Tier 2,24116.37,0.173,-0.1,41,0.806,4.69,0.334,0.352,0.242,59,0,567,50000,High Risk,0.3218
GIG-12140,Zomato,Tier 3,29441.53,0.297,0.9,33,0.786,4.72,0.222,0.399,0.271,20,0,621,67000,High Risk,0.3125
GIG-12141,Ola,Tier 1,36663.01,0.651,11.37,46,0.897,3.51,0.381,0.414,0.105,24,0,675,91000,Moderate Risk,0.0944
GIG-12142,Zepto,Tier 3,18914.38,0.509,12.28,54,0.893,4.07,0.242,0.473,0.2,11,0,617,43000,High Risk,0.1585
GIG-12143,Swiggy,Tier 3,35916.84,0.697,13.79,35,0.793,4.63,0.158,0.578,0.161,27,2,631,83000,High Risk,0.1763
GIG-12144,Ola,Tier 2,47010.05,0.445,6.77,39,0.953,4.84,0.344,0.413,0.133,18,0,685,118000,Moderate Risk,0.1281
GIG-12145,Uber,Tier 2,21185.6,0.113,6.2,34,0.961,4.51,0.366,0.407,0.088,22,0,556,43000,High Risk,0.2036
GIG-12146,Blinkit,Tier 2,37385.22,0.945,-3.85,32,0.829,3.5,0.328,0.536,0.02,37,0,669,92000,Moderate Risk,0.133
GIG-12147,Uber,Tier 1,32252.24,0.826,6.82,37,0.786,4.24,0.301,0.593,0.02,44,0,658,78000,Moderate Risk,0.1185
GIG-12148,Uber,Tier 3,17733.12,0.611,-1.31,49,0.953,4.68,0.412,0.36,0.087,37,0,595,39000,High Risk,0.2754
GIG-12149,Ola,Tier 1,11000.0,0.332,3.34,62,0.938,4.19,0.125,0.517,0.245,22,3,450,18000,Very High Risk,0.3934
GIG-12150,Uber,Tier 2,23343.45,0.624,-10.11,45,0.884,3.5,0.379,0.305,0.265,52,0,599,51000,High Risk,0.2752
GIG-12151,Uber,Tier 3,22999.1,0.188,7.27,33,0.802,3.8,0.19,0.478,0.277,39,0,608,51000,High Risk,0.2125
GIG-12152,Uber,Tier 2,31325.39,0.521,-4.05,54,0.938,3.86,0.323,0.347,0.211,7,0,609,70000,High Risk,0.2952
GIG-12153,Swiggy,Tier 1,30183.66,0.725,8.85,45,0.919,4.05,0.164,0.361,0.389,23,0,705,78000,Moderate Risk,0.1295
GIG-12154,Uber,Tier 3,29358.07,0.574,25.72,69,0.937,4.01,0.349,0.494,0.043,4,3,484,52000,Very High Risk,0.668
GIG-12155,Blinkit,Tier 2,20971.15,0.046,-4.1,52,0.907,4.86,0.405,0.302,0.211,29,1,528,41000,Very High Risk,0.6501
GIG-12156,Urban Company,Tier 2,29303.47,0.106,17.64,38,0.97,3.92,0.409,0.549,0.02,50,0,559,60000,High Risk,0.2106
GIG-12157,Urban Company,Tier 1,18909.84,0.44,-5.64,47,0.895,4.97,0.29,0.301,0.266,52,0,617,43000,High Risk,0.2151
GIG-12158,Ola,Tier 1,43725.54,0.791,0.41,42,0.813,4.27,0.212,0.317,0.375,11,0,739,118000,Moderate Risk,0.1179
GIG-12159,Uber,Tier 1,35348.94,0.975,18.24,22,0.974,4.44,0.313,0.614,0.02,51,0,722,94000,Moderate Risk,0.0836
GIG-12160,Urban Company,Tier 3,31110.59,0.491,23.32,59,0.868,4.07,0.194,0.432,0.274,39,0,693,79000,Moderate Risk,0.0815
GIG-12161,Ola,Tier 3,35632.27,0.502,5.24,45,0.96,3.71,0.142,0.305,0.407,17,0,645,84000,Moderate Risk,0.1184
GIG-12162,Ola,Tier 3,21006.1,0.783,6.49,75,0.949,3.89,0.171,0.602,0.135,4,2,578,45000,High Risk,0.1641
GIG-12163,Blinkit,Tier 1,43687.7,0.659,3.54,48,0.812,4.96,0.344,0.466,0.046,47,0,693,111000,Moderate Risk,0.0742
GIG-12164,Porter,Tier 1,23295.97,0.555,-5.95,40,0.824,4.26,0.299,0.313,0.297,35,1,566,48000,High Risk,0.341
GIG-12165,Porter,Tier 3,26322.72,0.631,7.63,18,0.888,3.83,0.275,0.493,0.161,44,3,496,48000,Very High Risk,0.5532
GIG-12166,Blinkit,Tier 1,31870.34,0.412,13.28,29,0.832,4.4,0.389,0.523,0.02,57,0,653,76000,Moderate Risk,0.125
GIG-12167,Zepto,Tier 2,29897.4,0.392,22.81,26,0.877,4.75,0.128,0.384,0.35,33,0,681,75000,Moderate Risk,0.1201
GIG-12168,Uber,Tier 1,18315.53,0.476,-4.65,36,0.885,3.61,0.235,0.442,0.257,15,1,552,37000,High Risk,0.3299
GIG-12169,Ola,Tier 1,27639.65,0.637,7.81,53,0.787,4.21,0.385,0.586,0.02,29,0,636,64000,High Risk,0.3014
GIG-12170,Zomato,Tier 2,20035.3,0.241,18.12,31,0.966,4.33,0.326,0.564,0.02,29,0,559,41000,High Risk,0.3335
GIG-12171,Ola,Tier 3,20013.34,0.285,12.62,60,0.934,3.89,0.328,0.464,0.075,45,1,523,38000,Very High Risk,0.604
GIG-12172,Ola,Tier 1,23749.0,0.466,8.3,29,0.954,4.79,0.206,0.342,0.379,7,2,539,47000,Very High Risk,0.3644
GIG-12173,Uber,Tier 2,19221.82,0.471,1.97,37,0.951,3.76,0.385,0.349,0.199,58,0,592,42000,High Risk,0.2816
GIG-12174,Porter,Tier 3,31256.48,0.565,10.76,35,0.983,3.68,0.24,0.39,0.298,23,0,686,79000,Moderate Risk,0.1141
GIG-12175,Porter,Tier 1,34163.34,0.844,17.66,44,0.98,3.69,0.367,0.63,0.02,30,0,684,86000,Moderate Risk,0.0916
GIG-12176,Zepto,Tier 1,31020.7,0.377,-7.23,28,0.785,4.37,0.157,0.386,0.335,41,0,640,73000,Moderate Risk,0.0772
GIG-12177,Zepto,Tier 3,18522.69,0.751,-23.41,33,0.945,3.79,0.166,0.566,0.177,23,0,590,40000,High Risk,0.3293
GIG-12178,Zepto,Tier 3,18713.13,0.862,4.2,40,0.988,4.79,0.31,0.644,0.02,50,0,661,45000,Moderate Risk,0.0754
GIG-12179,Zomato,Tier 3,19716.07,0.634,7.82,30,0.833,4.24,0.211,0.502,0.209,9,3,537,39000,Very High Risk,0.5982
GIG-12180,Porter,Tier 2,27594.84,0.114,-3.31,44,0.784,3.99,0.165,0.662,0.105,55,0,574,58000,High Risk,0.2455
GIG-12181,Zomato,Tier 1,32674.82,0.809,-3.83,41,0.972,3.54,0.252,0.692,0.02,36,0,630,75000,High Risk,0.3249
GIG-12182,Zepto,Tier 3,42429.24,0.808,-7.48,41,0.96,4.61,0.292,0.496,0.136,5,0,715,111000,Moderate Risk,0.0665
GIG-12183,Zepto,Tier 3,32857.02,0.702,7.2,75,0.88,4.18,0.153,0.373,0.414,51,0,700,84000,Moderate Risk,0.0769
GIG-12184,Zomato,Tier 1,21442.23,0.437,8.79,55,0.842,4.56,0.223,0.535,0.093,21,0,613,48000,High Risk,0.2581
GIG-12185,Porter,Tier 2,31896.21,0.86,3.29,60,0.802,3.86,0.324,0.658,0.02,59,0,658,77000,Moderate Risk,0.0869
GIG-12186,Urban Company,Tier 2,16601.44,0.234,-1.87,39,0.85,4.5,0.27,0.673,0.02,32,0,531,32000,Very High Risk,0.6977
GIG-12187,Uber,Tier 2,22090.84,0.514,-10.14,40,0.91,3.7,0.142,0.631,0.135,21,0,594,48000,High Risk,0.3031
GIG-12188,Zomato,Tier 3,11000.0,0.626,9.6,39,0.939,3.71,0.129,0.574,0.161,36,1,576,23000,High Risk,0.3015
GIG-12189,Uber,Tier 2,17308.63,0.717,-5.99,43,0.933,3.88,0.171,0.453,0.273,56,0,630,40000,High Risk,0.3284
GIG-12190,Porter,Tier 1,28334.15,0.371,6.56,45,0.813,4.19,0.215,0.443,0.251,49,2,542,56000,Very High Risk,0.6835
GIG-12191,Swiggy,Tier 1,14356.05,0.584,2.81,32,0.845,4.14,0.195,0.686,0.038,52,0,601,32000,High Risk,0.2585
GIG-12192,Uber,Tier 2,26026.47,0.329,13.35,57,0.943,3.61,0.294,0.673,0.02,29,0,573,55000,High Risk,0.2817
GIG-12193,Blinkit,Tier 2,37133.03,0.759,-3.88,36,0.965,4.37,0.357,0.48,0.103,4,0,678,92000,Moderate Risk,0.116
GIG-12194,Uber,Tier 2,23630.75,0.549,-14.72,46,0.966,4.13,0.377,0.613,0.02,40,3,435,38000,Very High Risk,0.5207
GIG-12195,Ola,Tier 2,28013.21,0.373,-14.71,48,0.884,4.32,0.131,0.393,0.356,8,1,550,56000,High Risk,0.231
GIG-12196,Urban Company,Tier 2,31981.63,0.906,-3.19,54,0.781,4.68,0.247,0.557,0.117,47,0,685,80000,Moderate Risk,0.0788
GIG-12197,Uber,Tier 3,43466.34,0.891,-2.81,50,0.851,4.6,0.318,0.408,0.212,49,0,721,115000,Moderate Risk,0.0957
GIG-12198,Swiggy,Tier 1,24489.61,0.185,-8.08,43,0.824,4.04,0.348,0.598,0.02,10,0,539,48000,Very High Risk,0.6556
GIG-12199,Porter,Tier 3,13481.91,0.359,16.44,30,0.831,3.9,0.143,0.468,0.277,26,1,566,28000,High Risk,0.2543
GIG-12200,Swiggy,Tier 3,20974.56,0.188,14.58,42,0.787,3.97,0.338,0.389,0.203,48,1,534,41000,Very High Risk,0.4658
GIG-12201,Zepto,Tier 3,20680.75,0.258,-2.21,52,0.794,4.14,0.237,0.371,0.329,53,1,543,41000,Very High Risk,0.4599
GIG-12202,Uber,Tier 2,34778.51,0.695,14.05,33,0.808,4.26,0.304,0.365,0.273,38,0,718,92000,Moderate Risk,0.1026
GIG-12203,Zepto,Tier 1,26449.21,0.199,9.89,26,0.965,4.13,0.276,0.302,0.369,52,0,617,60000,High Risk,0.1886
GIG-12204,Uber,Tier 2,43300.95,0.529,-2.7,54,0.924,3.8,0.347,0.665,0.02,39,0,613,97000,High Risk,0.1502
GIG-12205,Uber,Tier 1,23294.02,0.301,-0.54,47,0.919,4.88,0.142,0.466,0.269,58,0,611,52000,High Risk,0.3068
GIG-12206,Uber,Tier 1,24204.81,0.342,-0.06,50,0.786,4.27,0.215,0.317,0.32,52,0,597,53000,High Risk,0.1868
GIG-12207,Zomato,Tier 2,22906.73,0.689,2.83,32,0.798,4.78,0.134,0.452,0.354,22,1,631,53000,High Risk,0.2563
GIG-12208,Urban Company,Tier 3,25289.35,0.684,-10.64,44,0.948,4.88,0.121,0.393,0.392,52,0,659,61000,Moderate Risk,0.1227
GIG-12209,Porter,Tier 2,34020.21,0.751,19.25,55,0.945,4.38,0.195,0.656,0.02,43,0,675,84000,Moderate Risk,0.1085
GIG-12210,Uber,Tier 1,34933.47,0.933,-7.81,50,0.932,3.95,0.202,0.457,0.29,60,3,594,76000,High Risk,0.2016
GIG-12211,Uber,Tier 1,29450.59,0.27,26.47,44,0.783,3.95,0.387,0.604,0.02,3,2,561,61000,High Risk,0.2264
GIG-12212,Urban Company,Tier 1,23413.63,0.074,4.0,42,0.864,3.64,0.285,0.533,0.057,32,3,389,33000,Very High Risk,0.3901
GIG-12213,Porter,Tier 2,30141.5,0.625,9.15,60,0.903,3.81,0.309,0.608,0.02,37,0,663,73000,Moderate Risk,0.0988
GIG-12214,Zomato,Tier 3,34359.67,0.809,0.45,45,0.863,4.89,0.206,0.7,0.036,59,0,662,83000,Moderate Risk,0.1359
GIG-12215,Porter,Tier 1,28851.35,0.112,11.85,41,0.815,3.89,0.163,0.342,0.415,16,4,440,47000,Very High Risk,0.4523
GIG-12216,Porter,Tier 2,26974.41,0.517,17.48,59,0.889,4.06,0.359,0.438,0.13,29,0,620,61000,High Risk,0.2715
GIG-12217,Porter,Tier 1,25578.6,0.306,-2.16,58,0.907,4.58,0.194,0.447,0.298,41,3,500,47000,Very High Risk,0.481
GIG-12218,Zomato,Tier 1,27506.95,0.362,8.27,47,0.823,3.97,0.215,0.344,0.318,59,0,638,64000,High Risk,0.3151
GIG-12219,Urban Company,Tier 3,30474.59,0.779,15.5,63,0.932,4.74,0.379,0.37,0.181,43,0,697,78000,Moderate Risk,0.1177
GIG-12220,Ola,Tier 1,23072.97,0.661,7.5,41,0.939,3.96,0.219,0.388,0.262,14,0,637,54000,High Risk,0.1844
GIG-12221,Uber,Tier 1,32653.42,0.341,17.44,58,0.835,4.7,0.395,0.426,0.127,44,1,604,72000,High Risk,0.1933
GIG-12222,Blinkit,Tier 1,25995.9,0.343,2.12,38,0.913,4.55,0.384,0.516,0.02,12,0,594,57000,High Risk,0.3311
GIG-12223,Zomato,Tier 3,33884.29,0.825,6.06,55,0.9,4.32,0.346,0.358,0.185,39,0,697,87000,Moderate Risk,0.1354
GIG-12224,Urban Company,Tier 2,35656.59,0.773,-7.66,30,0.942,4.36,0.24,0.554,0.083,8,0,661,86000,Moderate Risk,0.1243
GIG-12225,Zomato,Tier 1,16166.28,0.414,5.1,62,0.941,4.78,0.195,0.573,0.121,29,1,550,33000,High Risk,0.2648
GIG-12226,Uber,Tier 1,27230.04,0.406,12.07,32,0.79,3.75,0.242,0.442,0.231,46,0,648,65000,Moderate Risk,0.0931
GIG-12227,Urban Company,Tier 3,23618.27,0.151,-6.85,31,0.964,4.55,0.347,0.573,0.02,45,2,450,39000,Very High Risk,0.6334
GIG-12228,Uber,Tier 2,30199.75,0.921,6.03,34,0.831,4.17,0.32,0.651,0.02,50,1,651,72000,Moderate Risk,0.101
GIG-12229,Blinkit,Tier 1,25217.56,0.338,-6.08,41,0.944,4.97,0.204,0.666,0.067,8,2,494,46000,Very High Risk,0.4636
GIG-12230,Urban Company,Tier 2,38033.28,0.599,12.76,45,0.904,4.76,0.372,0.668,0.02,26,0,659,92000,Moderate Risk,0.0968
GIG-12231,Zepto,Tier 1,11000.0,0.2,12.87,32,0.805,3.78,0.278,0.318,0.341,51,1,524,21000,Very High Risk,0.4783
GIG-12232,Zepto,Tier 3,35741.01,0.688,-3.52,25,0.921,4.93,0.387,0.567,0.02,7,0,665,87000,Moderate Risk,0.1308
GIG-12233,Urban Company,Tier 2,19068.48,0.46,25.54,38,0.848,4.36,0.247,0.523,0.165,11,0,664,46000,Moderate Risk,0.1165
GIG-12234,Swiggy,Tier 3,22062.62,0.329,-8.99,44,0.937,3.7,0.173,0.604,0.096,58,1,528,43000,Very High Risk,0.6057
GIG-12235,Urban Company,Tier 2,24737.66,0.363,15.07,56,0.846,4.59,0.285,0.524,0.104,36,0,633,57000,High Risk,0.2043
GIG-12236,Zepto,Tier 3,22228.48,0.683,6.78,56,0.856,4.21,0.373,0.641,0.02,16,0,597,49000,High Risk,0.1507
GIG-12237,Ola,Tier 3,26092.13,0.159,-4.36,43,0.922,4.83,0.251,0.577,0.024,6,0,556,53000,High Risk,0.2353
GIG-12238,Swiggy,Tier 3,35053.45,0.931,25.67,36,0.914,4.36,0.208,0.679,0.024,49,0,756,97000,Low Risk,0.0105
GIG-12239,Swiggy,Tier 2,30810.02,0.863,-10.63,56,0.795,3.82,0.308,0.311,0.272,49,2,573,65000,High Risk,0.1776
GIG-12240,Urban Company,Tier 2,37036.64,0.84,2.2,45,0.857,4.16,0.391,0.374,0.104,41,0,707,96000,Moderate Risk,0.1336
GIG-12241,Blinkit,Tier 2,15563.03,0.665,8.65,40,0.886,4.34,0.256,0.483,0.152,36,0,631,36000,High Risk,0.1765
GIG-12242,Blinkit,Tier 1,24915.14,0.212,-2.61,46,0.936,4.53,0.361,0.654,0.02,42,1,496,45000,Very High Risk,0.6811
GIG-12243,Porter,Tier 3,17823.34,0.295,-3.94,40,0.914,3.56,0.234,0.623,0.063,49,2,455,30000,Very High Risk,0.5535
GIG-12244,Porter,Tier 2,30423.7,0.543,17.25,52,0.92,4.6,0.322,0.492,0.123,54,1,628,70000,High Risk,0.3433
GIG-12245,Uber,Tier 3,35779.17,0.654,-1.74,23,0.943,4.24,0.262,0.421,0.213,17,0,685,90000,Moderate Risk,0.0874
GIG-12246,Urban Company,Tier 1,21526.08,0.422,-12.41,38,0.807,4.43,0.273,0.571,0.082,3,0,590,47000,High Risk,0.1842
GIG-12247,Swiggy,Tier 1,22817.1,0.267,-7.98,32,0.954,3.83,0.146,0.541,0.194,32,0,593,50000,High Risk,0.2195
GIG-12248,Swiggy,Tier 3,32061.8,0.591,-5.65,35,0.984,4.58,0.296,0.58,0.02,57,1,583,69000,High Risk,0.209
GIG-12249,Ola,Tier 3,22467.23,0.472,14.97,31,0.902,4.79,0.357,0.686,0.02,29,0,624,51000,High Risk,0.2937
GIG-12250,Zepto,Tier 1,29101.85,0.09,3.29,46,0.846,4.13,0.372,0.657,0.02,24,0,551,59000,High Risk,0.2473
GIG-12251,Blinkit,Tier 3,22006.96,0.416,-8.51,56,0.987,4.8,0.209,0.503,0.215,54,0,601,48000,High Risk,0.324
GIG-12252,Ola,Tier 1,30028.64,0.743,1.05,48,0.85,4.81,0.276,0.461,0.122,43,0,706,78000,Moderate Risk,0.1087
GIG-12253,Ola,Tier 3,24989.91,0.745,-6.18,53,0.955,4.17,0.416,0.309,0.187,21,0,616,56000,High Risk,0.2975
GIG-12254,Urban Company,Tier 1,30716.3,0.661,-4.27,25,0.826,4.13,0.189,0.566,0.145,22,1,606,68000,High Risk,0.2019
GIG-12255,Urban Company,Tier 3,12154.95,0.296,-15.8,48,0.982,3.75,0.358,0.426,0.144,38,3,393,18000,Very High Risk,0.597
GIG-12256,Blinkit,Tier 1,37483.97,0.665,5.76,51,0.916,3.55,0.408,0.525,0.02,10,2,556,76000,High Risk,0.1538
GIG-12257,Blinkit,Tier 2,29807.18,0.548,10.21,40,0.958,4.44,0.396,0.625,0.02,28,1,613,67000,High Risk,0.3081
GIG-12258,Zomato,Tier 1,28998.63,0.23,30.66,43,0.958,3.96,0.277,0.303,0.301,15,0,627,67000,High Risk,0.1547
GIG-12259,Blinkit,Tier 2,27228.49,0.027,8.08,50,0.816,4.2,0.417,0.557,0.02,46,0,567,57000,High Risk,0.3332
GIG-12260,Porter,Tier 2,26818.97,0.423,15.13,46,0.869,4.57,0.206,0.665,0.033,54,1,599,59000,High Risk,0.231
GIG-12261,Zomato,Tier 3,19379.05,0.436,3.51,31,0.852,4.15,0.258,0.356,0.318,11,1,583,41000,High Risk,0.2337
GIG-12262,Porter,Tier 1,20330.96,0.232,-11.8,36,0.856,4.86,0.228,0.468,0.178,43,1,529,39000,Very High Risk,0.5241
GIG-12263,Porter,Tier 3,24032.75,0.404,-1.79,30,0.902,4.58,0.302,0.571,0.02,60,1,545,48000,Very High Risk,0.482
GIG-12264,Blinkit,Tier 2,14639.01,0.416,-1.36,61,0.802,4.93,0.353,0.59,0.02,53,0,561,30000,High Risk,0.2894
GIG-12265,Zepto,Tier 3,33330.07,0.721,-3.11,47,0.818,4.41,0.317,0.31,0.269,6,1,633,77000,High Risk,0.2153
GIG-12266,Urban Company,Tier 3,22370.21,0.549,9.54,55,0.793,3.61,0.283,0.414,0.191,49,0,618,51000,High Risk,0.2656
GIG-12267,Blinkit,Tier 3,34239.44,0.501,-6.44,30,0.798,4.45,0.286,0.316,0.273,37,1,606,76000,High Risk,0.2405
GIG-12268,Zomato,Tier 1,35097.01,0.56,-2.28,42,0.784,4.13,0.264,0.629,0.02,39,0,607,78000,High Risk,0.1683
GIG-12269,Blinkit,Tier 2,26173.29,0.434,-1.72,52,0.803,4.9,0.307,0.324,0.313,7,0,629,60000,High Risk,0.1949
GIG-12270,Uber,Tier 2,28559.61,0.311,2.3,34,0.974,3.57,0.417,0.383,0.109,56,0,571,60000,High Risk,0.2833
GIG-12271,Zomato,Tier 2,48814.67,0.285,-5.0,46,0.872,4.67,0.163,0.674,0.024,27,0,659,118000,Moderate Risk,0.0956
GIG-12272,Uber,Tier 3,26901.42,0.058,1.45,49,0.85,4.37,0.194,0.639,0.08,41,0,598,59000,High Risk,0.1589
GIG-12273,Zepto,Tier 1,20910.88,0.527,2.56,50,0.909,4.23,0.403,0.503,0.02,41,0,612,47000,High Risk,0.3067
GIG-12274,Swiggy,Tier 2,22873.22,0.438,-13.76,21,0.865,4.42,0.242,0.359,0.338,48,2,497,42000,Very High Risk,0.498
GIG-12275,Blinkit,Tier 3,24947.31,0.393,20.26,52,0.88,3.9,0.319,0.449,0.16,5,0,624,57000,High Risk,0.21
GIG-12276,Urban Company,Tier 2,40718.51,0.709,15.24,51,0.863,3.76,0.129,0.555,0.239,8,0,699,104000,Moderate Risk,0.1007
GIG-12277,Porter,Tier 1,24776.48,0.795,10.84,54,0.942,3.68,0.187,0.53,0.147,26,1,622,57000,High Risk,0.2573
GIG-12278,Porter,Tier 2,22955.56,0.684,4.74,52,0.866,4.49,0.245,0.317,0.316,16,0,672,57000,Moderate Risk,0.0958
GIG-12279,Urban Company,Tier 1,28975.66,0.295,0.41,52,0.923,4.25,0.187,0.507,0.249,10,0,593,63000,High Risk,0.282
GIG-12280,Blinkit,Tier 1,29044.18,0.487,8.19,54,0.981,3.92,0.402,0.543,0.02,52,2,537,57000,Very High Risk,0.5442
GIG-12281,Ola,Tier 1,29252.04,0.066,12.49,57,0.853,3.75,0.187,0.303,0.393,31,1,559,60000,High Risk,0.2171
GIG-12282,Zomato,Tier 2,26006.58,0.634,2.31,51,0.945,4.43,0.221,0.627,0.042,60,0,637,61000,High Risk,0.2393
GIG-12283,Uber,Tier 1,27739.55,0.22,7.28,57,0.842,4.88,0.307,0.619,0.024,24,0,587,60000,High Risk,0.2953
GIG-12284,Porter,Tier 3,34744.72,0.56,24.93,48,0.933,3.51,0.151,0.539,0.259,58,2,577,74000,High Risk,0.2288
GIG-12285,Urban Company,Tier 2,27419.63,0.493,-1.89,51,0.892,3.97,0.148,0.342,0.446,12,0,659,66000,Moderate Risk,0.1071
GIG-12286,Swiggy,Tier 3,20573.5,0.325,-2.29,59,0.908,3.96,0.168,0.589,0.103,46,0,571,43000,High Risk,0.2175
GIG-12287,Uber,Tier 1,18925.98,0.704,6.84,31,0.874,4.86,0.123,0.696,0.083,49,0,669,46000,Moderate Risk,0.105
GIG-12288,Zomato,Tier 2,24896.78,0.408,-1.12,53,0.958,4.4,0.226,0.538,0.121,27,0,600,55000,High Risk,0.3388
GIG-12289,Swiggy,Tier 1,30798.34,0.845,-13.15,52,0.987,3.65,0.134,0.318,0.476,22,0,663,75000,Moderate Risk,0.0671
GIG-12290,Zomato,Tier 3,28650.97,0.338,4.94,55,0.867,4.86,0.303,0.418,0.173,57,4,439,46000,Very High Risk,0.684
GIG-12291,Swiggy,Tier 2,33957.19,0.783,4.97,53,0.867,4.86,0.412,0.325,0.121,32,0,707,88000,Moderate Risk,0.1222
GIG-12292,Zomato,Tier 1,22151.33,0.326,5.75,38,0.835,4.73,0.224,0.586,0.086,36,0,599,49000,High Risk,0.3191
GIG-12293,Urban Company,Tier 1,37169.36,0.702,18.84,44,0.899,4.81,0.274,0.39,0.273,39,1,684,93000,Moderate Risk,0.1026
GIG-12294,Urban Company,Tier 3,22514.41,0.449,10.17,54,0.879,3.82,0.374,0.437,0.103,60,2,496,41000,Very High Risk,0.684
GIG-12295,Ola,Tier 2,36305.17,0.625,5.93,50,0.831,3.93,0.414,0.546,0.02,15,0,648,86000,Moderate Risk,0.0887
GIG-12296,Ola,Tier 2,48547.34,0.639,20.62,39,0.837,4.15,0.399,0.418,0.054,20,0,703,125000,Moderate Risk,0.0787
GIG-12297,Blinkit,Tier 2,17581.87,0.444,22.69,42,0.954,3.98,0.265,0.404,0.261,45,0,635,41000,High Risk,0.1526
GIG-12298,Swiggy,Tier 2,32122.56,0.753,7.57,48,0.952,4.33,0.199,0.557,0.15,12,0,720,85000,Moderate Risk,0.0611
GIG-12299,Uber,Tier 2,25361.67,0.465,-12.64,34,0.806,3.55,0.209,0.676,0.02,10,1,510,47000,Very High Risk,0.5625
GIG-12300,Zomato,Tier 3,24862.54,0.091,5.12,60,0.946,3.54,0.324,0.394,0.205,38,0,570,52000,High Risk,0.1826
GIG-12301,Swiggy,Tier 1,26851.54,0.677,17.91,41,0.871,4.35,0.216,0.582,0.087,37,0,684,67000,Moderate Risk,0.1355
GIG-12302,Blinkit,Tier 3,16177.25,0.495,6.04,49,0.954,4.26,0.195,0.578,0.085,23,1,548,33000,Very High Risk,0.5357
GIG-12303,Urban Company,Tier 1,19925.63,0.129,12.37,50,0.976,3.96,0.378,0.566,0.02,48,0,560,41000,High Risk,0.3357
GIG-12304,Urban Company,Tier 3,19664.62,0.373,11.3,52,0.922,3.57,0.318,0.491,0.045,18,0,573,41000,High Risk,0.2812
GIG-12305,Uber,Tier 1,24162.92,0.371,1.92,38,0.796,4.32,0.172,0.643,0.077,22,0,613,54000,High Risk,0.2171
GIG-12306,Blinkit,Tier 3,15847.2,0.534,-0.47,54,0.796,3.77,0.405,0.673,0.02,31,0,575,33000,High Risk,0.1871
GIG-12307,Zomato,Tier 1,21286.83,0.293,10.9,47,0.883,3.69,0.138,0.427,0.376,4,0,619,48000,High Risk,0.1857
GIG-12308,Porter,Tier 3,25602.06,0.776,31.62,49,0.91,3.54,0.144,0.56,0.21,6,0,695,65000,Moderate Risk,0.1333
GIG-12309,Swiggy,Tier 2,24824.52,0.356,-11.39,64,0.878,4.65,0.186,0.459,0.209,6,0,587,53000,High Risk,0.1541
GIG-12310,Swiggy,Tier 2,23142.5,0.474,1.01,58,0.987,4.5,0.343,0.377,0.146,28,2,535,45000,Very High Risk,0.614
GIG-12311,Uber,Tier 3,19363.19,0.695,5.95,38,0.911,4.86,0.283,0.404,0.257,41,1,647,46000,Moderate Risk,0.0612
GIG-12312,Porter,Tier 3,26777.67,0.067,-15.86,46,0.949,4.16,0.121,0.678,0.125,25,1,490,48000,Very High Risk,0.5212
GIG-12313,Urban Company,Tier 2,31045.57,0.781,5.19,34,0.893,4.5,0.348,0.578,0.02,55,0,637,73000,High Risk,0.3424
GIG-12314,Ola,Tier 3,35698.88,0.79,-24.12,40,0.891,3.93,0.391,0.618,0.02,51,0,624,82000,High Risk,0.2249
GIG-12315,Swiggy,Tier 2,24115.76,0.382,11.33,62,0.888,3.84,0.191,0.607,0.15,39,1,579,51000,High Risk,0.3495
GIG-12316,Uber,Tier 1,28359.9,0.098,6.73,36,0.949,3.89,0.246,0.522,0.091,55,0,571,59000,High Risk,0.1579
GIG-12317,Porter,Tier 1,27093.53,0.405,2.87,47,0.829,4.26,0.243,0.53,0.085,32,2,508,50000,Very High Risk,0.4151
GIG-12318,Urban Company,Tier 3,19824.44,0.269,-5.45,45,0.872,4.43,0.336,0.558,0.044,44,0,562,41000,High Risk,0.1594
GIG-12319,Porter,Tier 2,30825.73,0.803,9.32,45,0.912,4.16,0.368,0.385,0.156,17,0,696,79000,Moderate Risk,0.0834
GIG-12320,Ola,Tier 1,28071.55,0.496,-18.86,61,0.903,4.94,0.365,0.368,0.137,58,1,576,59000,High Risk,0.2382
GIG-12321,Urban Company,Tier 2,38362.17,0.737,9.4,41,0.923,4.17,0.368,0.587,0.02,28,0,704,99000,Moderate Risk,0.0766
GIG-12322,Uber,Tier 3,28664.95,0.539,-22.95,42,0.828,4.87,0.215,0.527,0.193,45,0,604,63000,High Risk,0.2129
GIG-12323,Blinkit,Tier 2,24780.65,0.784,-5.39,53,0.945,4.75,0.3,0.671,0.02,32,0,646,59000,Moderate Risk,0.1017
GIG-12324,Porter,Tier 1,34557.29,0.839,28.47,61,0.917,4.25,0.197,0.643,0.044,7,1,691,88000,Moderate Risk,0.1171
GIG-12325,Porter,Tier 1,17047.27,0.651,11.85,67,0.912,3.75,0.325,0.434,0.146,25,0,660,41000,Moderate Risk,0.1271
GIG-12326,Porter,Tier 2,24043.23,0.071,-4.98,27,0.898,3.94,0.183,0.356,0.376,57,0,556,49000,High Risk,0.2255
GIG-12327,Uber,Tier 2,30528.84,0.937,24.91,50,0.786,3.68,0.148,0.339,0.437,52,0,782,88000,Low Risk,0.0121
GIG-12328,Blinkit,Tier 3,29143.62,0.454,-4.27,29,0.861,4.59,0.222,0.359,0.294,39,0,638,68000,High Risk,0.2847
GIG-12329,Uber,Tier 3,49067.07,0.864,16.24,60,0.892,3.75,0.221,0.577,0.109,9,0,738,133000,Moderate Risk,0.0901
GIG-12330,Zepto,Tier 3,44173.01,0.717,23.83,38,0.875,4.68,0.312,0.376,0.234,53,0,750,121000,Low Risk,0.0484
GIG-12331,Swiggy,Tier 2,21502.3,0.198,13.52,52,0.891,3.68,0.4,0.638,0.02,38,0,528,42000,Very High Risk,0.4563
GIG-12332,Swiggy,Tier 2,30384.13,0.659,15.93,48,0.879,4.24,0.207,0.455,0.231,37,2,585,65000,High Risk,0.1514
GIG-12333,Porter,Tier 2,30434.9,0.54,1.13,33,0.939,4.84,0.42,0.505,0.02,40,0,615,69000,High Risk,0.3451
GIG-12334,Zepto,Tier 1,16569.08,0.292,3.11,61,0.979,3.8,0.394,0.602,0.02,42,1,498,30000,Very High Risk,0.5047
GIG-12335,Ola,Tier 3,34534.76,0.515,26.3,34,0.975,4.59,0.337,0.423,0.101,13,2,616,78000,High Risk,0.209
GIG-12336,Porter,Tier 2,37595.83,0.922,-15.6,31,0.911,3.62,0.347,0.607,0.02,7,2,589,81000,High Risk,0.3349
GIG-12337,Blinkit,Tier 1,33598.97,0.37,4.66,50,0.851,4.27,0.339,0.3,0.222,55,1,573,71000,High Risk,0.2844
GIG-12338,Zepto,Tier 2,28911.79,0.584,14.28,39,0.948,4.98,0.197,0.325,0.384,39,0,713,76000,Moderate Risk,0.1074
GIG-12339,Blinkit,Tier 3,18341.34,0.462,-1.68,40,0.804,4.8,0.203,0.589,0.115,47,0,575,39000,High Risk,0.2845
GIG-12340,Ola,Tier 1,22735.42,0.192,-2.42,45,0.887,4.67,0.279,0.367,0.259,45,2,517,43000,Very High Risk,0.6272
GIG-12341,Swiggy,Tier 3,34926.79,0.862,11.15,38,0.814,3.96,0.205,0.319,0.38,48,1,700,90000,Moderate Risk,0.1172
GIG-12342,Porter,Tier 1,40642.36,0.863,-2.14,52,0.799,4.38,0.284,0.543,0.061,40,0,708,106000,Moderate Risk,0.1027
GIG-12343,Porter,Tier 2,27904.79,0.093,-15.85,55,0.907,4.03,0.335,0.308,0.266,38,1,513,52000,Very High Risk,0.3818
GIG-12344,Swiggy,Tier 2,27974.42,0.527,0.5,49,0.931,4.25,0.391,0.689,0.02,14,0,597,61000,High Risk,0.1953
GIG-12345,Urban Company,Tier 2,37038.53,0.654,-6.62,48,0.786,3.93,0.398,0.673,0.02,7,1,616,84000,High Risk,0.2169
GIG-12346,Swiggy,Tier 3,22058.99,0.073,1.69,29,0.872,4.07,0.133,0.514,0.296,55,1,515,42000,Very High Risk,0.58
GIG-12347,Zepto,Tier 2,38818.25,0.805,8.07,30,0.822,3.92,0.191,0.558,0.148,34,0,693,99000,Moderate Risk,0.0797
GIG-12348,Zomato,Tier 1,30730.42,0.903,20.95,52,0.862,3.86,0.324,0.544,0.074,16,0,726,82000,Moderate Risk,0.0753
GIG-12349,Uber,Tier 3,27403.25,0.73,9.18,60,0.929,3.73,0.339,0.485,0.123,60,0,653,66000,Moderate Risk,0.0861
GIG-12350,Zomato,Tier 1,24481.11,0.236,-15.6,56,0.816,3.61,0.287,0.339,0.252,45,2,464,42000,Very High Risk,0.6112
GIG-12351,Uber,Tier 2,18067.87,0.496,4.07,50,0.791,4.42,0.208,0.675,0.02,37,0,614,41000,High Risk,0.2078
GIG-12352,Urban Company,Tier 2,19502.73,0.475,1.38,54,0.874,4.2,0.217,0.597,0.084,42,2,491,35000,Very High Risk,0.416
GIG-12353,Porter,Tier 1,32858.26,0.802,-11.64,36,0.86,4.24,0.3,0.533,0.054,16,1,609,73000,High Risk,0.1658
GIG-12354,Blinkit,Tier 2,32251.6,0.483,8.52,53,0.912,3.79,0.227,0.589,0.132,39,0,627,74000,High Risk,0.1652
GIG-12355,Urban Company,Tier 2,37283.78,0.664,7.93,47,0.891,4.2,0.374,0.525,0.02,48,0,656,90000,Moderate Risk,0.0892
GIG-12356,Blinkit,Tier 1,11000.0,0.259,6.3,46,0.973,3.85,0.258,0.454,0.2,40,0,585,24000,High Risk,0.2265
GIG-12357,Zomato,Tier 3,16745.42,0.389,-11.24,44,0.922,4.58,0.259,0.392,0.243,35,0,588,36000,High Risk,0.2084
GIG-12358,Zepto,Tier 1,32520.62,0.896,19.58,61,0.856,4.89,0.264,0.308,0.343,57,0,777,93000,Low Risk,0.0109
GIG-12359,Urban Company,Tier 1,15127.43,0.311,-11.3,42,0.781,3.54,0.227,0.35,0.371,26,1,522,29000,Very High Risk,0.421
GIG-12360,Zomato,Tier 1,13739.04,0.34,5.2,50,0.9,4.49,0.359,0.543,0.02,48,0,579,29000,High Risk,0.3231
GIG-12361,Blinkit,Tier 1,24432.98,0.6,5.36,52,0.916,3.76,0.199,0.348,0.377,58,0,663,59000,Moderate Risk,0.0796
GIG-12362,Urban Company,Tier 1,38061.62,0.814,11.34,50,0.783,4.65,0.178,0.534,0.193,18,0,727,101000,Moderate Risk,0.063
GIG-12363,Zepto,Tier 3,19244.53,0.456,-1.8,44,0.789,3.73,0.413,0.459,0.02,40,0,572,40000,High Risk,0.1961
GIG-12364,Zepto,Tier 3,29057.79,0.59,11.69,37,0.783,4.85,0.126,0.552,0.212,23,0,703,75000,Moderate Risk,0.1127
GIG-12365,Zepto,Tier 2,27315.55,0.287,9.26,36,0.884,4.61,0.178,0.447,0.236,27,2,549,55000,Very High Risk,0.6028
GIG-12366,Zepto,Tier 3,30047.1,0.626,5.21,56,0.986,3.67,0.244,0.433,0.221,16,0,649,72000,Moderate Risk,0.0894
GIG-12367,Uber,Tier 2,34358.81,0.84,5.6,45,0.915,3.89,0.276,0.69,0.02,11,0,680,86000,Moderate Risk,0.1175
GIG-12368,Ola,Tier 3,27244.78,0.134,8.92,42,0.86,3.92,0.4,0.379,0.096,27,0,551,55000,High Risk,0.2491
GIG-12369,Blinkit,Tier 2,37134.91,0.539,5.62,55,0.93,4.32,0.363,0.638,0.02,12,0,645,88000,Moderate Risk,0.1146
GIG-12370,Urban Company,Tier 3,28332.13,0.513,0.48,48,0.844,4.4,0.246,0.676,0.02,11,0,644,67000,Moderate Risk,0.0966
GIG-12371,Uber,Tier 1,30429.13,0.875,8.83,56,0.83,4.47,0.19,0.406,0.269,7,2,634,71000,High Risk,0.1978
GIG-12372,Zomato,Tier 1,27013.93,0.501,18.61,37,0.843,4.51,0.25,0.379,0.248,49,0,656,65000,Moderate Risk,0.0967
GIG-12373,Porter,Tier 3,17131.07,0.138,11.09,43,0.981,4.36,0.142,0.496,0.294,30,0,601,38000,High Risk,0.1661
GIG-12374,Uber,Tier 1,20729.17,0.459,9.51,43,0.984,3.78,0.369,0.377,0.181,11,0,613,47000,High Risk,0.2399
GIG-12375,Zepto,Tier 2,19734.28,0.167,6.64,41,0.966,4.68,0.267,0.408,0.274,60,0,561,41000,High Risk,0.2656
GIG-12376,Zepto,Tier 3,25343.41,0.399,11.83,55,0.941,3.73,0.394,0.353,0.116,14,0,598,56000,High Risk,0.1863
GIG-12377,Porter,Tier 3,23359.06,0.501,7.76,53,0.856,4.97,0.176,0.509,0.185,30,0,634,54000,High Risk,0.1839
GIG-12378,Porter,Tier 2,35268.31,0.674,15.23,47,0.983,4.61,0.3,0.357,0.286,25,0,731,95000,Moderate Risk,0.0858
GIG-12379,Ola,Tier 1,29079.11,0.45,-17.2,40,0.853,4.38,0.279,0.563,0.051,30,0,597,64000,High Risk,0.2827
GIG-12380,Zomato,Tier 3,24088.94,0.171,4.73,38,0.953,3.92,0.374,0.582,0.02,34,0,557,49000,High Risk,0.1785
GIG-12381,Ola,Tier 3,20383.26,0.873,0.89,25,0.96,3.78,0.224,0.49,0.206,35,0,674,50000,Moderate Risk,0.1004
GIG-12382,Urban Company,Tier 2,22025.68,0.545,-7.99,40,0.901,4.55,0.377,0.559,0.02,37,0,582,47000,High Risk,0.2471
GIG-12383,Blinkit,Tier 1,24986.53,0.406,14.95,41,0.964,4.85,0.312,0.381,0.248,5,2,558,51000,High Risk,0.2474
GIG-12384,Porter,Tier 3,25839.44,0.241,-12.02,45,0.98,3.59,0.202,0.657,0.043,26,0,535,51000,Very High Risk,0.366
GIG-12385,Swiggy,Tier 3,29635.94,0.339,12.85,36,0.876,4.77,0.204,0.382,0.281,33,0,676,73000,Moderate Risk,0.1108
GIG-12386,Swiggy,Tier 1,24784.63,0.139,1.71,58,0.819,4.1,0.186,0.354,0.386,49,1,562,51000,High Risk,0.1715
GIG-12387,Urban Company,Tier 2,21676.13,0.723,8.77,59,0.933,4.47,0.257,0.453,0.146,36,3,508,40000,Very High Risk,0.5123
GIG-12388,Swiggy,Tier 3,32468.95,0.848,-1.83,51,0.918,3.67,0.154,0.314,0.391,59,0,724,86000,Moderate Risk,0.1101
GIG-12389,Swiggy,Tier 1,23363.83,0.135,8.13,37,0.832,4.17,0.226,0.357,0.271,33,2,525,45000,Very High Risk,0.4114
GIG-12390,Swiggy,Tier 3,27473.41,0.257,-0.51,34,0.809,4.65,0.416,0.519,0.02,43,0,565,57000,High Risk,0.2325
GIG-12391,Urban Company,Tier 3,18839.82,0.525,1.85,46,0.888,3.71,0.282,0.607,0.037,6,1,525,36000,Very High Risk,0.5182
GIG-12392,Blinkit,Tier 3,23507.69,0.779,15.06,39,0.983,3.56,0.291,0.342,0.249,52,0,671,58000,Moderate Risk,0.1366
GIG-12393,Zomato,Tier 2,24260.88,0.43,13.03,52,0.837,4.14,0.266,0.42,0.255,32,0,630,56000,High Risk,0.1985
GIG-12394,Porter,Tier 3,23647.0,0.627,6.15,53,0.945,4.87,0.169,0.471,0.267,49,0,681,59000,Moderate Risk,0.0724
GIG-12395,Blinkit,Tier 2,39531.59,0.506,-3.88,23,0.957,3.63,0.298,0.531,0.078,25,1,581,84000,High Risk,0.2412
GIG-12396,Urban Company,Tier 2,33484.83,0.852,12.73,31,0.954,3.94,0.311,0.343,0.199,13,0,727,89000,Moderate Risk,0.1232
GIG-12397,Zomato,Tier 3,11000.0,0.526,12.45,50,0.969,4.43,0.22,0.471,0.162,41,1,581,23000,High Risk,0.3146
GIG-12398,Urban Company,Tier 3,27549.99,0.349,-1.93,25,0.946,4.48,0.388,0.46,0.065,53,0,616,62000,High Risk,0.2102
GIG-12399,Urban Company,Tier 1,25667.84,0.141,-3.74,59,0.789,4.76,0.266,0.54,0.071,43,0,579,54000,High Risk,0.2678
GIG-12400,Porter,Tier 3,34328.37,0.718,-3.21,41,0.827,4.49,0.172,0.612,0.074,13,3,527,66000,Very High Risk,0.5012
GIG-12401,Zomato,Tier 3,29603.33,0.396,10.06,44,0.984,3.84,0.216,0.663,0.02,21,3,471,51000,Very High Risk,0.6183
GIG-12402,Zomato,Tier 2,30220.49,0.763,4.42,32,0.965,4.71,0.409,0.547,0.02,34,0,672,74000,Moderate Risk,0.1341
GIG-12403,Swiggy,Tier 1,19215.81,0.577,-23.97,49,0.972,4.19,0.203,0.637,0.02,35,0,554,39000,High Risk,0.1615
GIG-12404,Swiggy,Tier 2,21698.01,0.532,2.64,32,0.833,3.88,0.211,0.535,0.202,19,0,637,51000,High Risk,0.1891
GIG-12405,Uber,Tier 3,29861.89,0.19,0.05,48,0.848,4.17,0.158,0.615,0.124,20,2,508,56000,Very High Risk,0.3843
GIG-12406,Urban Company,Tier 2,48152.28,0.769,9.81,56,0.981,3.85,0.283,0.464,0.149,3,0,754,133000,Low Risk,0.0132
GIG-12407,Swiggy,Tier 3,27659.68,0.394,4.37,37,0.809,4.46,0.134,0.45,0.358,14,0,630,64000,High Risk,0.3322
GIG-12408,Uber,Tier 3,30636.55,0.641,3.21,55,0.849,4.45,0.362,0.593,0.02,31,0,654,73000,Moderate Risk,0.1242
GIG-12409,Blinkit,Tier 1,20402.83,0.384,25.26,56,0.943,4.69,0.204,0.517,0.217,19,1,598,45000,High Risk,0.1821
GIG-12410,Ola,Tier 2,34558.29,0.847,15.0,60,0.964,4.06,0.391,0.315,0.233,14,0,707,90000,Moderate Risk,0.1054
GIG-12411,Zomato,Tier 2,28684.56,0.558,-4.99,18,0.916,3.8,0.147,0.424,0.301,8,0,639,67000,High Risk,0.2858
GIG-12412,Uber,Tier 3,24518.95,0.504,13.29,18,0.979,4.95,0.318,0.678,0.02,55,0,643,58000,Moderate Risk,0.1084
GIG-12413,Uber,Tier 2,13170.14,0.577,9.1,56,0.954,4.7,0.4,0.454,0.041,51,0,601,29000,High Risk,0.2493
GIG-12414,Zepto,Tier 2,39563.22,0.633,4.79,46,0.975,4.57,0.207,0.389,0.254,18,1,656,95000,Moderate Risk,0.1158
GIG-12415,Porter,Tier 3,27829.26,0.288,11.95,44,0.923,4.82,0.177,0.419,0.344,43,0,655,67000,Moderate Risk,0.1225
GIG-12416,Uber,Tier 1,40849.61,0.729,-3.3,38,0.837,4.42,0.164,0.588,0.156,39,0,694,104000,Moderate Risk,0.0903
GIG-12417,Blinkit,Tier 1,39161.34,0.565,9.93,32,0.84,3.72,0.146,0.397,0.333,44,1,643,92000,Moderate Risk,0.1129
GIG-12418,Urban Company,Tier 1,33302.02,0.927,12.77,55,0.942,4.97,0.351,0.441,0.097,6,0,743,91000,Low Risk,0.0464
GIG-12419,Uber,Tier 2,30766.52,0.938,19.77,36,0.865,3.66,0.152,0.348,0.447,28,0,741,84000,Low Risk,0.0345
GIG-12420,Porter,Tier 2,30964.03,0.565,27.08,38,0.958,4.75,0.217,0.497,0.172,33,0,697,79000,Moderate Risk,0.0897
GIG-12421,Ola,Tier 2,33089.62,0.765,3.26,38,0.829,4.59,0.188,0.483,0.197,46,2,599,73000,High Risk,0.2644
GIG-12422,Zepto,Tier 2,41302.14,0.746,1.29,48,0.937,4.71,0.383,0.67,0.02,19,0,683,103000,Moderate Risk,0.0979
GIG-12423,Uber,Tier 3,26549.61,0.755,6.08,39,0.979,4.74,0.412,0.601,0.02,58,2,536,52000,Very High Risk,0.5124
GIG-12424,Zepto,Tier 1,20632.45,0.685,2.63,59,0.859,4.16,0.246,0.603,0.02,21,0,630,48000,High Risk,0.2161
GIG-12425,Porter,Tier 2,34004.1,0.752,-6.92,37,0.824,4.09,0.178,0.354,0.382,46,0,697,87000,Moderate Risk,0.0965
GIG-12426,Blinkit,Tier 3,17112.12,0.623,4.83,32,0.881,4.11,0.279,0.393,0.267,46,0,627,39000,High Risk,0.2088
GIG-12427,Zomato,Tier 1,42104.33,0.544,6.73,37,0.868,3.63,0.299,0.304,0.326,37,1,640,99000,Moderate Risk,0.136
GIG-12428,Blinkit,Tier 2,25320.11,0.533,-8.53,61,0.811,3.63,0.343,0.395,0.127,42,0,604,56000,High Risk,0.312
GIG-12429,Urban Company,Tier 2,15107.48,0.224,6.83,25,0.855,4.01,0.2,0.516,0.19,20,0,569,32000,High Risk,0.195
GIG-12430,Urban Company,Tier 1,23566.69,0.145,-2.24,44,0.784,3.82,0.247,0.318,0.352,19,1,538,46000,Very High Risk,0.6536
GIG-12431,Zepto,Tier 2,29891.96,0.627,-1.57,47,0.856,3.94,0.374,0.506,0.02,52,0,616,68000,High Risk,0.2914
GIG-12432,Ola,Tier 3,32028.7,0.644,15.52,41,0.808,4.86,0.32,0.468,0.107,46,0,673,79000,Moderate Risk,0.0908
GIG-12433,Ola,Tier 3,20505.33,0.259,9.2,61,0.872,4.9,0.387,0.564,0.02,24,0,575,43000,High Risk,0.1673
GIG-12434,Uber,Tier 2,37603.52,0.753,13.95,48,0.817,4.01,0.171,0.663,0.089,38,0,700,97000,Moderate Risk,0.1346
GIG-12435,Zomato,Tier 3,35563.77,0.609,-1.86,55,0.846,3.65,0.288,0.398,0.249,3,0,656,86000,Moderate Risk,0.0909
GIG-12436,Swiggy,Tier 1,14640.17,0.529,5.24,58,0.89,4.27,0.218,0.43,0.239,29,0,644,35000,Moderate Risk,0.0885
GIG-12437,Swiggy,Tier 3,33017.93,0.779,-4.01,34,0.989,4.97,0.176,0.385,0.34,9,0,675,82000,Moderate Risk,0.086
GIG-12438,Porter,Tier 2,28812.55,0.4,5.97,54,0.904,4.83,0.403,0.591,0.02,17,0,629,66000,High Risk,0.2816
GIG-12439,Urban Company,Tier 2,31180.18,0.584,-3.22,58,0.949,3.59,0.244,0.576,0.088,15,0,616,70000,High Risk,0.2689
GIG-12440,Zomato,Tier 1,25753.23,0.181,-6.91,49,0.858,4.86,0.236,0.36,0.278,42,0,586,55000,High Risk,0.2273
GIG-12441,Swiggy,Tier 1,20168.73,0.31,0.08,43,0.82,4.61,0.217,0.401,0.316,41,0,626,46000,High Risk,0.1687
GIG-12442,Ola,Tier 3,26782.84,0.673,15.74,26,0.877,3.77,0.21,0.42,0.221,43,0,681,67000,Moderate Risk,0.0937
GIG-12443,Swiggy,Tier 3,24040.84,0.912,-1.2,35,0.816,4.64,0.295,0.602,0.02,10,0,665,59000,Moderate Risk,0.0844
GIG-12444,Swiggy,Tier 3,12637.39,0.5,11.32,58,0.781,4.06,0.207,0.387,0.331,11,2,555,26000,High Risk,0.1928
GIG-12445,Zepto,Tier 3,27621.22,0.552,-6.37,42,0.924,4.68,0.134,0.695,0.051,51,0,622,63000,High Risk,0.1941
GIG-12446,Uber,Tier 1,19418.21,0.632,-4.31,35,0.916,4.64,0.415,0.688,0.02,47,0,607,43000,High Risk,0.1535
GIG-12447,Uber,Tier 2,18510.46,0.598,10.03,54,0.977,4.16,0.202,0.349,0.332,21,1,613,42000,High Risk,0.2553
GIG-12448,Porter,Tier 3,26820.69,0.614,18.38,40,0.897,3.92,0.399,0.395,0.131,7,0,652,64000,Moderate Risk,0.1146
GIG-12449,Porter,Tier 2,35782.94,0.847,16.96,35,0.83,3.81,0.331,0.652,0.02,52,0,716,94000,Moderate Risk,0.1397
GIG-12450,Zepto,Tier 3,35820.81,0.615,6.1,37,0.855,3.64,0.212,0.57,0.08,60,0,625,82000,High Risk,0.2835
GIG-12451,Blinkit,Tier 2,30896.44,0.786,6.65,31,0.959,4.85,0.239,0.625,0.058,13,0,675,76000,Moderate Risk,0.1251
GIG-12452,Swiggy,Tier 2,26425.64,0.822,7.82,46,0.984,4.13,0.417,0.418,0.114,52,1,623,60000,High Risk,0.3188
GIG-12453,Zomato,Tier 2,25656.0,0.289,15.55,58,0.895,4.21,0.419,0.435,0.087,27,1,556,52000,High Risk,0.1692
GIG-12454,Blinkit,Tier 1,16194.5,0.461,4.15,18,0.988,3.6,0.329,0.445,0.168,19,2,517,31000,Very High Risk,0.4417
GIG-12455,Urban Company,Tier 1,32208.89,0.719,24.51,38,0.945,3.54,0.297,0.694,0.02,31,1,608,72000,High Risk,0.2849
GIG-12456,Swiggy,Tier 2,32232.07,0.88,9.04,43,0.989,3.97,0.273,0.523,0.096,15,0,685,81000,Moderate Risk,0.1099
GIG-12457,Zepto,Tier 1,26392.58,0.375,20.95,23,0.935,3.92,0.25,0.617,0.02,44,1,604,58000,High Risk,0.2558
GIG-12458,Porter,Tier 1,11000.0,0.283,2.87,41,0.872,4.38,0.218,0.498,0.214,12,0,589,24000,High Risk,0.2331
GIG-12459,Zepto,Tier 1,25671.79,0.852,-1.81,53,0.924,3.64,0.367,0.695,0.02,42,0,649,61000,Moderate Risk,0.0608
GIG-12460,Swiggy,Tier 2,26902.84,0.422,12.24,38,0.794,4.33,0.212,0.406,0.281,48,1,625,62000,High Risk,0.2701
GIG-12461,Urban Company,Tier 1,32163.37,0.403,17.78,71,0.846,3.84,0.142,0.587,0.192,5,0,654,77000,Moderate Risk,0.0678
GIG-12462,Swiggy,Tier 1,34363.87,0.54,0.55,41,0.824,3.64,0.203,0.699,0.02,39,1,608,77000,High Risk,0.1813
GIG-12463,Urban Company,Tier 2,32658.2,0.949,-1.56,45,0.876,4.43,0.343,0.355,0.235,4,0,682,82000,Moderate Risk,0.0665
GIG-12464,Porter,Tier 1,13109.1,0.173,-0.61,46,0.967,3.86,0.321,0.619,0.02,44,0,503,24000,Very High Risk,0.3608
GIG-12465,Zomato,Tier 1,25521.85,0.346,-4.86,61,0.955,4.25,0.316,0.539,0.031,45,0,567,53000,High Risk,0.2675
GIG-12466,Zepto,Tier 2,26863.47,0.671,9.19,33,0.958,4.63,0.403,0.689,0.02,12,0,642,63000,Moderate Risk,0.1395
GIG-12467,Blinkit,Tier 2,16230.05,0.187,15.13,51,0.957,4.72,0.371,0.567,0.02,39,0,559,33000,High Risk,0.2093
GIG-12468,Zomato,Tier 3,36084.22,0.971,8.39,31,0.84,4.04,0.399,0.639,0.02,48,0,703,93000,Moderate Risk,0.1363
GIG-12469,Porter,Tier 2,31662.66,0.296,6.55,47,0.94,3.97,0.26,0.654,0.02,30,0,599,70000,High Risk,0.2573
GIG-12470,Zepto,Tier 3,19753.34,0.364,3.64,56,0.917,4.34,0.152,0.323,0.437,52,0,651,47000,Moderate Risk,0.1375
GIG-12471,Swiggy,Tier 3,39590.88,0.56,13.88,45,0.983,4.36,0.151,0.529,0.21,17,1,653,95000,Moderate Risk,0.1338
GIG-12472,Zomato,Tier 2,22988.25,0.212,-10.51,37,0.829,4.51,0.389,0.602,0.02,47,1,506,43000,Very High Risk,0.4695
GIG-12473,Porter,Tier 1,23009.66,0.303,4.48,46,0.842,3.57,0.194,0.468,0.251,39,0,591,50000,High Risk,0.2082
GIG-12474,Blinkit,Tier 2,39716.66,0.96,1.05,40,0.874,3.56,0.263,0.672,0.02,46,0,682,99000,Moderate Risk,0.0662
GIG-12475,Urban Company,Tier 2,31658.79,0.832,7.93,42,0.928,3.79,0.335,0.583,0.02,6,0,663,77000,Moderate Risk,0.1318
GIG-12476,Swiggy,Tier 2,36734.75,0.714,-10.76,51,0.81,4.89,0.156,0.57,0.135,37,0,683,92000,Moderate Risk,0.1007
GIG-12477,Blinkit,Tier 1,16736.32,0.683,12.54,43,0.949,3.65,0.203,0.449,0.288,56,1,594,36000,High Risk,0.3074
GIG-12478,Porter,Tier 2,30350.59,0.721,-7.61,42,0.857,4.76,0.339,0.582,0.02,44,1,609,68000,High Risk,0.2659
GIG-12479,Ola,Tier 1,36716.96,0.792,25.98,44,0.897,4.23,0.374,0.424,0.064,38,0,703,95000,Moderate Risk,0.1156
GIG-12480,Zomato,Tier 2,28297.34,0.579,-1.97,71,0.929,4.8,0.26,0.393,0.264,45,1,635,66000,High Risk,0.1792
GIG-12481,Ola,Tier 2,32244.69,0.257,4.14,54,0.893,3.52,0.321,0.548,0.073,47,0,565,67000,High Risk,0.2544
GIG-12482,Zepto,Tier 1,30245.33,0.542,8.03,41,0.793,4.55,0.337,0.371,0.175,43,0,660,73000,Moderate Risk,0.0808
GIG-12483,Blinkit,Tier 2,29884.16,0.229,4.87,38,0.822,4.79,0.288,0.318,0.255,8,0,635,70000,High Risk,0.2184
GIG-12484,Porter,Tier 3,38966.41,0.805,-6.32,44,0.916,3.58,0.388,0.431,0.068,15,2,584,83000,High Risk,0.3121
GIG-12485,Uber,Tier 1,39168.22,0.755,17.12,44,0.843,4.14,0.319,0.36,0.269,15,0,706,101000,Moderate Risk,0.0858
GIG-12486,Zomato,Tier 3,33700.27,0.865,-0.33,42,0.825,3.54,0.2,0.483,0.188,40,1,671,83000,Moderate Risk,0.093
GIG-12487,Ola,Tier 2,35896.55,0.808,8.24,40,0.894,4.3,0.186,0.347,0.363,27,0,750,99000,Low Risk,0.0238
GIG-12488,Swiggy,Tier 3,32701.53,0.393,-5.87,35,0.855,3.84,0.199,0.403,0.297,44,0,630,76000,High Risk,0.1867
GIG-12489,Urban Company,Tier 2,45955.25,0.516,11.48,54,0.886,3.95,0.258,0.555,0.049,37,0,679,114000,Moderate Risk,0.0728
GIG-12490,Porter,Tier 1,19593.33,0.699,-10.19,65,0.968,4.52,0.228,0.622,0.026,5,1,547,39000,Very High Risk,0.4785
GIG-12491,Blinkit,Tier 1,40103.88,0.581,4.83,68,0.889,4.59,0.308,0.4,0.235,24,1,627,92000,High Risk,0.3375
GIG-12492,Zomato,Tier 2,20203.99,0.354,2.53,53,0.809,4.37,0.183,0.326,0.352,10,1,576,43000,High Risk,0.2088
GIG-12493,Ola,Tier 3,31496.17,0.579,8.96,49,0.921,3.79,0.264,0.541,0.052,45,0,620,72000,High Risk,0.2388
GIG-12494,Porter,Tier 3,28443.56,0.539,15.27,42,0.939,3.59,0.14,0.52,0.247,58,0,655,68000,Moderate Risk,0.1379
GIG-12495,Uber,Tier 3,30342.08,0.961,1.44,43,0.964,4.9,0.306,0.623,0.02,40,0,698,78000,Moderate Risk,0.101
GIG-12496,Ola,Tier 1,27315.9,0.096,23.42,49,0.865,4.58,0.169,0.349,0.348,5,0,648,65000,Moderate Risk,0.0939
GIG-12497,Uber,Tier 2,27244.92,0.696,4.86,51,0.812,4.34,0.199,0.486,0.203,44,1,637,64000,High Risk,0.3196
GIG-12498,Zomato,Tier 2,38325.37,0.864,11.67,32,0.966,3.99,0.306,0.433,0.132,42,0,697,98000,Moderate Risk,0.0673
GIG-12499,Zomato,Tier 1,13497.7,0.131,6.74,47,0.954,4.15,0.346,0.532,0.035,47,1,496,25000,Very High Risk,0.5811
GIG-12500,Uber,Tier 1,34512.95,0.556,2.67,51,0.944,3.91,0.403,0.573,0.02,14,1,581,74000,High Risk,0.3392
GIG-12501,Zomato,Tier 2,27339.29,0.437,7.56,43,0.813,4.62,0.228,0.565,0.15,55,0,653,65000,Moderate Risk,0.1051
GIG-12502,Swiggy,Tier 2,26151.06,0.637,-21.2,44,0.787,4.8,0.361,0.553,0.02,42,0,614,59000,High Risk,0.2714
GIG-12503,Uber,Tier 3,17723.48,0.488,-2.26,46,0.867,4.74,0.215,0.493,0.193,7,0,573,37000,High Risk,0.2092
GIG-12504,Swiggy,Tier 1,29336.9,0.545,-0.19,52,0.82,3.72,0.18,0.407,0.276,34,1,603,65000,High Risk,0.1803
GIG-12505,Ola,Tier 1,23070.53,0.816,12.56,50,0.789,4.06,0.287,0.542,0.063,54,0,661,56000,Moderate Risk,0.1045
GIG-12506,Ola,Tier 2,31189.95,0.575,15.16,62,0.823,4.25,0.385,0.647,0.02,24,0,644,74000,Moderate Risk,0.0689
GIG-12507,Zepto,Tier 2,18474.21,0.191,7.82,49,0.899,4.39,0.216,0.371,0.35,10,0,589,40000,High Risk,0.3451
GIG-12508,Uber,Tier 2,32693.52,0.907,10.7,40,0.918,3.83,0.14,0.61,0.178,56,1,671,80000,Moderate Risk,0.1154
GIG-12509,Ola,Tier 1,20316.12,0.091,29.96,47,0.899,4.9,0.389,0.394,0.141,40,3,460,34000,Very High Risk,0.4741
GIG-12510,Uber,Tier 2,29164.05,0.607,7.47,75,0.792,3.63,0.235,0.354,0.313,7,0,671,72000,Moderate Risk,0.0904
GIG-12511,Swiggy,Tier 2,43007.29,0.787,1.13,31,0.934,4.54,0.41,0.376,0.162,12,0,707,111000,Moderate Risk,0.1319
GIG-12512,Zepto,Tier 1,18673.08,0.198,13.13,44,0.935,4.97,0.381,0.466,0.027,47,0,564,39000,High Risk,0.2295
GIG-12513,Blinkit,Tier 3,21752.69,0.494,-2.28,38,0.918,4.76,0.24,0.52,0.119,13,0,634,51000,High Risk,0.2869
GIG-12514,Porter,Tier 1,21242.7,0.115,-1.07,36,0.974,4.68,0.385,0.476,0.02,40,1,502,39000,Very High Risk,0.6809
GIG-12515,Zomato,Tier 1,31741.26,0.874,11.98,54,0.958,4.11,0.283,0.304,0.348,9,0,705,82000,Moderate Risk,0.0795
GIG-12516,Zepto,Tier 1,30238.29,0.916,-2.99,53,0.921,3.68,0.419,0.332,0.125,4,0,681,76000,Moderate Risk,0.0633
GIG-12517,Porter,Tier 1,23763.78,0.379,2.52,50,0.803,4.51,0.185,0.49,0.27,3,4,423,37000,Very High Risk,0.671
GIG-12518,Zomato,Tier 1,18553.58,0.237,3.43,45,0.924,4.15,0.192,0.572,0.125,8,0,572,39000,High Risk,0.2232
GIG-12519,Urban Company,Tier 2,17199.23,0.636,4.62,40,0.827,4.2,0.135,0.653,0.106,47,0,622,39000,High Risk,0.2874
GIG-12520,Porter,Tier 3,31684.4,0.92,9.08,47,0.955,4.2,0.357,0.559,0.031,11,2,613,71000,High Risk,0.3222
GIG-12521,Ola,Tier 1,17258.87,0.366,-0.0,33,0.895,4.01,0.329,0.695,0.02,43,0,575,36000,High Risk,0.2454
GIG-12522,Urban Company,Tier 3,29917.28,0.645,2.67,46,0.809,3.92,0.277,0.698,0.02,31,0,656,72000,Moderate Risk,0.0998
GIG-12523,Zepto,Tier 1,33014.74,0.413,7.54,36,0.953,4.54,0.184,0.478,0.23,14,0,653,79000,Moderate Risk,0.1172
GIG-12524,Zomato,Tier 3,33527.57,0.495,16.9,52,0.956,4.64,0.312,0.364,0.182,14,0,691,85000,Moderate Risk,0.1371
GIG-12525,Porter,Tier 3,19441.07,0.256,11.35,47,0.879,4.85,0.32,0.353,0.225,8,0,621,44000,High Risk,0.3297
GIG-12526,Urban Company,Tier 2,35110.52,0.449,8.86,49,0.917,3.54,0.147,0.59,0.137,29,0,657,85000,Moderate Risk,0.1072
GIG-12527,Zomato,Tier 3,21205.46,0.182,-0.14,37,0.858,4.08,0.349,0.472,0.111,18,3,435,34000,Very High Risk,0.5277
GIG-12528,Ola,Tier 1,30553.52,0.335,5.03,34,0.861,4.33,0.253,0.537,0.11,36,0,608,68000,High Risk,0.1787
GIG-12529,Swiggy,Tier 3,21797.05,0.207,13.27,56,0.907,3.57,0.392,0.332,0.176,26,0,558,45000,High Risk,0.3174
GIG-12530,Ola,Tier 2,42582.79,0.664,4.71,29,0.862,3.99,0.216,0.336,0.31,52,0,702,110000,Moderate Risk,0.1099
GIG-12531,Ola,Tier 2,15711.36,0.603,-0.62,47,0.857,4.11,0.327,0.356,0.179,6,0,618,36000,High Risk,0.3458
GIG-12532,Ola,Tier 1,32166.04,0.366,-5.3,26,0.885,4.25,0.356,0.349,0.237,53,0,608,72000,High Risk,0.3275
GIG-12533,Uber,Tier 3,29525.02,0.669,13.57,34,0.911,4.37,0.3,0.376,0.195,57,0,669,72000,Moderate Risk,0.0978
GIG-12534,Porter,Tier 2,40927.77,0.566,-0.99,28,0.922,3.86,0.235,0.659,0.02,14,0,634,95000,High Risk,0.2159
GIG-12535,Uber,Tier 3,25317.59,0.732,21.03,35,0.819,3.96,0.247,0.321,0.369,5,0,689,64000,Moderate Risk,0.0637
GIG-12536,Zomato,Tier 3,11357.95,0.314,-2.45,42,0.939,4.91,0.248,0.603,0.026,26,0,532,22000,Very High Risk,0.5949
GIG-12537,Urban Company,Tier 1,27464.11,0.182,4.26,31,0.788,3.89,0.149,0.458,0.246,30,0,585,59000,High Risk,0.2914
GIG-12538,Urban Company,Tier 2,38761.91,0.764,9.12,58,0.906,3.66,0.355,0.476,0.119,42,0,666,95000,Moderate Risk,0.1013
GIG-12539,Porter,Tier 1,29832.97,0.46,29.88,37,0.883,4.84,0.419,0.678,0.02,9,0,653,71000,Moderate Risk,0.1184
GIG-12540,Zomato,Tier 3,33263.13,0.835,-20.48,43,0.838,3.66,0.417,0.663,0.02,14,0,622,76000,High Risk,0.2996
GIG-12541,Uber,Tier 1,20819.0,0.695,16.52,47,0.915,4.26,0.196,0.482,0.243,34,2,592,45000,High Risk,0.3315
GIG-12542,Swiggy,Tier 1,30639.31,0.709,9.36,37,0.79,3.68,0.209,0.404,0.264,60,0,682,77000,Moderate Risk,0.1377
GIG-12543,Ola,Tier 3,31137.26,0.415,4.42,50,0.932,4.98,0.394,0.574,0.02,31,2,521,59000,Very High Risk,0.6888
GIG-12544,Blinkit,Tier 2,32160.31,0.852,12.03,27,0.845,4.77,0.351,0.509,0.024,15,3,544,64000,Very High Risk,0.4952
GIG-12545,Blinkit,Tier 1,40723.9,0.927,1.72,63,0.889,4.06,0.289,0.636,0.02,52,0,685,102000,Moderate Risk,0.1362
GIG-12546,Swiggy,Tier 2,20040.88,0.159,-10.73,47,0.985,3.99,0.12,0.535,0.208,17,0,552,41000,High Risk,0.3369
GIG-12547,Swiggy,Tier 1,36417.45,0.799,-8.32,59,0.897,4.89,0.301,0.554,0.035,50,0,689,92000,Moderate Risk,0.0708
GIG-12548,Zepto,Tier 1,38201.08,0.778,1.5,43,0.967,3.85,0.419,0.403,0.054,27,0,660,92000,Moderate Risk,0.0709
GIG-12549,Ola,Tier 1,34630.28,0.84,9.57,18,0.822,4.18,0.328,0.686,0.02,33,0,690,88000,Moderate Risk,0.0818
GIG-12550,Porter,Tier 1,21876.29,0.376,-5.17,54,0.83,3.75,0.14,0.5,0.226,59,0,575,46000,High Risk,0.2585
GIG-12551,Zepto,Tier 1,36536.25,0.693,-6.43,39,0.839,4.63,0.261,0.519,0.109,16,0,674,90000,Moderate Risk,0.1285
GIG-12552,Porter,Tier 1,27216.31,0.737,10.49,38,0.878,3.61,0.146,0.496,0.257,27,0,676,67000,Moderate Risk,0.1125
GIG-12553,Blinkit,Tier 1,22035.29,0.744,-13.14,33,0.796,4.25,0.281,0.434,0.137,32,0,613,50000,High Risk,0.3278
GIG-12554,Ola,Tier 3,17497.82,0.45,15.13,51,0.795,4.44,0.312,0.373,0.195,25,0,615,39000,High Risk,0.22
GIG-12555,Urban Company,Tier 1,38181.32,0.904,22.81,45,0.851,4.56,0.306,0.393,0.163,24,0,749,105000,Low Risk,0.0342
GIG-12556,Uber,Tier 1,12082.53,0.21,12.3,43,0.892,4.88,0.145,0.344,0.362,47,3,482,21000,Very High Risk,0.6224
GIG-12557,Zomato,Tier 2,38536.72,0.666,-12.98,33,0.92,4.26,0.379,0.447,0.083,11,0,600,85000,High Risk,0.1905
GIG-12558,Swiggy,Tier 2,40776.97,0.6,12.89,60,0.915,4.81,0.345,0.325,0.269,32,0,711,106000,Moderate Risk,0.0791
GIG-12559,Zepto,Tier 1,38768.11,0.516,-5.42,54,0.888,3.91,0.359,0.504,0.081,51,2,553,79000,High Risk,0.3035
GIG-12560,Blinkit,Tier 1,16086.36,0.243,-1.28,36,0.842,4.59,0.162,0.611,0.125,59,0,571,34000,High Risk,0.2135
GIG-12561,Urban Company,Tier 3,12719.36,0.705,13.67,50,0.822,4.97,0.263,0.587,0.032,13,0,624,29000,High Risk,0.1864
GIG-12562,Uber,Tier 3,26278.77,0.326,-4.64,57,0.795,3.98,0.175,0.615,0.088,38,0,609,59000,High Risk,0.1636
GIG-12563,Ola,Tier 1,24740.93,0.856,-11.04,58,0.802,3.71,0.278,0.37,0.213,29,1,618,56000,High Risk,0.2566
GIG-12564,Porter,Tier 1,24255.57,0.635,-6.23,32,0.912,3.79,0.129,0.426,0.312,40,0,631,56000,High Risk,0.3004
GIG-12565,Porter,Tier 2,11000.0,0.226,0.04,45,0.84,4.4,0.226,0.583,0.102,20,3,399,16000,Very High Risk,0.6066
GIG-12566,Zomato,Tier 3,37082.53,0.737,12.69,56,0.844,4.18,0.163,0.668,0.022,30,0,665,90000,Moderate Risk,0.1052
GIG-12567,Ola,Tier 1,19458.84,0.656,-2.5,56,0.827,4.65,0.163,0.471,0.242,23,0,630,45000,High Risk,0.1862
GIG-12568,Zepto,Tier 3,29507.27,0.31,-10.49,39,0.964,4.45,0.255,0.534,0.123,17,0,572,62000,High Risk,0.213
GIG-12569,Uber,Tier 3,13848.6,0.389,3.87,48,0.864,4.57,0.293,0.511,0.088,60,0,591,30000,High Risk,0.3415
GIG-12570,Zomato,Tier 2,37209.28,0.633,-0.21,43,0.911,3.78,0.274,0.341,0.252,5,1,636,87000,High Risk,0.1871
GIG-12571,Zomato,Tier 2,26293.67,0.26,7.15,43,0.907,3.85,0.269,0.343,0.328,49,2,491,47000,Very High Risk,0.6827
GIG-12572,Zomato,Tier 2,22811.27,0.19,1.82,45,0.917,4.67,0.305,0.648,0.02,36,0,550,46000,High Risk,0.1682
GIG-12573,Zepto,Tier 2,32726.25,0.795,8.68,39,0.886,3.8,0.345,0.6,0.02,54,0,674,81000,Moderate Risk,0.0641
GIG-12574,Swiggy,Tier 2,29096.26,0.354,-1.25,38,0.975,4.62,0.4,0.632,0.02,34,0,570,61000,High Risk,0.2351
GIG-12575,Ola,Tier 1,38178.57,0.806,14.16,47,0.973,4.33,0.13,0.445,0.283,38,0,725,101000,Moderate Risk,0.062
GIG-12576,Zomato,Tier 3,35397.76,0.79,26.31,55,0.953,3.53,0.405,0.512,0.02,49,1,638,83000,High Risk,0.2207
GIG-12577,Zepto,Tier 1,25832.8,0.601,16.26,42,0.796,4.7,0.172,0.572,0.14,11,2,572,54000,High Risk,0.3229
GIG-12578,Blinkit,Tier 2,25413.79,0.26,-3.59,29,0.838,4.17,0.235,0.61,0.02,18,0,580,54000,High Risk,0.2847
GIG-12579,Swiggy,Tier 1,24063.46,0.738,10.47,36,0.93,4.29,0.27,0.372,0.265,33,1,642,57000,Moderate Risk,0.1398
GIG-12580,Urban Company,Tier 1,35280.91,0.678,20.66,49,0.789,3.64,0.306,0.635,0.02,48,0,661,86000,Moderate Risk,0.1305
GIG-12581,Porter,Tier 3,23554.29,0.561,11.49,44,0.961,4.78,0.242,0.343,0.265,50,0,641,55000,Moderate Risk,0.1009
GIG-12582,Zomato,Tier 2,28916.04,0.544,7.06,39,0.859,4.96,0.147,0.348,0.385,32,1,622,66000,High Risk,0.212
GIG-12583,Uber,Tier 3,26158.06,0.253,19.95,39,0.781,4.8,0.332,0.329,0.2,28,0,643,62000,Moderate Risk,0.1305
GIG-12584,Uber,Tier 2,30618.25,0.666,-9.82,37,0.82,4.01,0.411,0.691,0.02,43,3,490,55000,Very High Risk,0.4321
GIG-12585,Porter,Tier 3,24433.12,0.191,7.37,55,0.869,3.62,0.292,0.457,0.153,43,0,578,52000,High Risk,0.281
GIG-12586,Zomato,Tier 3,28905.9,0.306,15.61,41,0.961,4.43,0.295,0.471,0.12,7,1,592,63000,High Risk,0.1698
GIG-12587,Zepto,Tier 3,35768.61,0.833,3.28,32,0.89,4.77,0.335,0.696,0.02,24,0,689,90000,Moderate Risk,0.0813
GIG-12588,Zomato,Tier 2,21230.97,0.199,16.1,40,0.956,3.67,0.364,0.526,0.02,30,0,553,43000,High Risk,0.2562
GIG-12589,Urban Company,Tier 3,25822.56,0.479,-2.89,55,0.895,4.18,0.29,0.529,0.061,42,0,591,56000,High Risk,0.1552
GIG-12590,Ola,Tier 3,31445.43,0.833,-1.55,45,0.929,3.81,0.358,0.424,0.12,8,1,626,72000,High Risk,0.1821
GIG-12591,Blinkit,Tier 3,33042.91,0.822,-5.47,27,0.89,4.68,0.2,0.677,0.02,6,1,650,79000,Moderate Risk,0.0641
GIG-12592,Blinkit,Tier 1,29166.45,0.241,-0.93,48,0.82,3.69,0.122,0.565,0.236,10,0,598,64000,High Risk,0.2507
GIG-12593,Zepto,Tier 2,11829.24,0.796,13.17,35,0.865,3.94,0.305,0.608,0.02,32,0,620,27000,High Risk,0.303
GIG-12594,Zomato,Tier 2,36738.97,0.91,9.39,50,0.844,3.93,0.292,0.638,0.02,26,0,718,97000,Moderate Risk,0.0781
GIG-12595,Uber,Tier 3,33789.51,0.665,8.57,52,0.853,4.48,0.379,0.55,0.02,38,2,566,70000,High Risk,0.3219
GIG-12596,Swiggy,Tier 3,34594.65,0.673,1.14,34,0.868,4.58,0.185,0.694,0.02,48,1,617,78000,High Risk,0.3391
GIG-12597,Ola,Tier 1,20216.03,0.316,-20.44,41,0.917,4.89,0.135,0.361,0.441,24,0,590,44000,High Risk,0.2597
GIG-12598,Ola,Tier 3,22031.29,0.495,-9.38,38,0.895,4.59,0.365,0.506,0.02,10,1,531,43000,Very High Risk,0.5884
GIG-12599,Porter,Tier 3,22901.37,0.336,11.31,35,0.787,3.53,0.255,0.563,0.118,51,1,547,46000,Very High Risk,0.4648
GIG-12600,Ola,Tier 3,19366.06,0.426,3.03,54,0.88,3.75,0.418,0.669,0.02,51,0,564,40000,High Risk,0.2374
GIG-12601,Ola,Tier 2,36291.2,0.719,-11.7,47,0.945,4.67,0.286,0.662,0.02,25,1,584,78000,High Risk,0.1765
GIG-12602,Urban Company,Tier 3,30630.33,0.85,13.68,29,0.949,3.7,0.316,0.313,0.311,46,0,705,79000,Moderate Risk,0.0799
GIG-12603,Zepto,Tier 2,18551.72,0.261,9.65,54,0.867,4.78,0.176,0.406,0.354,6,0,631,43000,High Risk,0.1532
GIG-12604,Swiggy,Tier 2,36187.71,0.614,-10.26,59,0.929,4.68,0.183,0.462,0.209,25,0,662,88000,Moderate Risk,0.0866
GIG-12605,Porter,Tier 2,27253.17,0.27,7.51,55,0.816,4.78,0.196,0.391,0.274,35,0,636,64000,High Risk,0.212
GIG-12606,Swiggy,Tier 2,30165.99,0.71,-1.11,40,0.94,3.5,0.252,0.335,0.308,48,0,663,73000,Moderate Risk,0.1056
GIG-12607,Urban Company,Tier 2,24261.72,0.648,15.36,47,0.895,3.77,0.367,0.613,0.02,42,0,627,56000,High Risk,0.2842
GIG-12608,Blinkit,Tier 3,48757.03,0.68,-5.25,32,0.788,3.92,0.172,0.483,0.249,47,1,610,109000,High Risk,0.1963
GIG-12609,Swiggy,Tier 1,29599.59,0.331,11.46,25,0.807,4.5,0.373,0.529,0.02,60,0,602,65000,High Risk,0.1704
GIG-12610,Porter,Tier 1,46227.79,0.848,-3.46,37,0.833,4.96,0.221,0.583,0.05,8,1,656,111000,Moderate Risk,0.074
GIG-12611,Zepto,Tier 1,30755.03,0.789,11.8,28,0.88,3.68,0.231,0.682,0.02,21,0,647,73000,Moderate Risk,0.1194
GIG-12612,Swiggy,Tier 1,32850.98,0.724,4.8,62,0.799,4.6,0.186,0.339,0.377,13,0,736,89000,Moderate Risk,0.0805
GIG-12613,Urban Company,Tier 1,38635.64,0.825,0.65,48,0.919,4.78,0.217,0.332,0.398,47,0,732,104000,Moderate Risk,0.1121
GIG-12614,Uber,Tier 2,25341.38,0.648,7.44,48,0.842,3.62,0.266,0.322,0.262,12,0,638,59000,High Risk,0.1974
GIG-12615,Ola,Tier 3,26211.94,0.475,12.54,39,0.822,4.31,0.254,0.43,0.204,43,0,664,64000,Moderate Risk,0.0824
GIG-12616,Zomato,Tier 2,19252.0,0.437,12.53,51,0.848,4.54,0.25,0.627,0.043,29,2,491,35000,Very High Risk,0.5026
GIG-12617,Uber,Tier 2,35658.79,0.709,-16.37,38,0.783,4.36,0.163,0.384,0.391,25,0,682,89000,Moderate Risk,0.0961
GIG-12618,Zepto,Tier 2,24739.52,0.562,30.22,54,0.979,4.09,0.287,0.452,0.156,50,0,658,60000,Moderate Risk,0.1155
GIG-12619,Zomato,Tier 2,23029.45,0.47,13.47,44,0.931,3.69,0.226,0.673,0.02,15,0,574,48000,High Risk,0.267
GIG-12620,Swiggy,Tier 1,37648.36,0.636,1.0,44,0.896,4.07,0.195,0.694,0.02,58,0,639,88000,High Risk,0.2286
GIG-12621,Ola,Tier 3,27219.73,0.689,0.57,46,0.847,4.2,0.142,0.518,0.259,44,4,470,47000,Very High Risk,0.3949
GIG-12622,Blinkit,Tier 2,33425.64,0.747,18.29,31,0.818,4.91,0.339,0.682,0.02,40,0,709,87000,Moderate Risk,0.0617
GIG-12623,Blinkit,Tier 3,36084.81,0.882,-5.11,52,0.787,3.93,0.131,0.357,0.398,44,0,757,100000,Low Risk,0.0162
GIG-12624,Blinkit,Tier 2,21931.77,0.729,8.95,32,0.95,4.19,0.155,0.635,0.153,40,0,664,53000,Moderate Risk,0.119
GIG-12625,Porter,Tier 2,27450.62,0.572,4.35,63,0.913,3.57,0.163,0.536,0.205,22,0,650,65000,Moderate Risk,0.0647
GIG-12626,Uber,Tier 2,17496.3,0.608,22.15,49,0.879,4.17,0.279,0.326,0.254,13,0,663,43000,Moderate Risk,0.1094
GIG-12627,Urban Company,Tier 1,32008.51,0.598,4.66,35,0.92,4.29,0.195,0.48,0.254,33,0,696,82000,Moderate Risk,0.1176
GIG-12628,Blinkit,Tier 2,28115.34,0.224,12.79,46,0.887,3.99,0.19,0.348,0.382,52,0,627,65000,High Risk,0.2455
GIG-12629,Zomato,Tier 1,13385.24,0.939,3.52,61,0.902,4.81,0.349,0.647,0.02,25,0,673,33000,Moderate Risk,0.0855
GIG-12630,Urban Company,Tier 2,22764.43,0.848,-0.46,39,0.826,3.52,0.335,0.46,0.153,13,0,636,53000,High Risk,0.3311
GIG-12631,Uber,Tier 3,30608.17,0.583,-5.69,47,0.798,4.04,0.146,0.425,0.353,37,0,681,76000,Moderate Risk,0.127
GIG-12632,Urban Company,Tier 1,24329.88,0.367,-8.87,43,0.804,4.19,0.175,0.386,0.36,14,0,624,56000,High Risk,0.2942
GIG-12633,Uber,Tier 1,24239.89,0.764,1.31,39,0.917,4.6,0.378,0.341,0.231,18,0,668,59000,Moderate Risk,0.1339
GIG-12634,Swiggy,Tier 1,32952.95,0.962,7.49,41,0.849,4.59,0.128,0.644,0.133,23,0,743,90000,Low Risk,0.0368
GIG-12635,Uber,Tier 2,17521.23,0.523,8.24,37,0.978,3.86,0.152,0.672,0.105,19,0,652,42000,Moderate Risk,0.0763
GIG-12636,Blinkit,Tier 1,26949.01,0.315,12.27,49,0.888,4.26,0.232,0.341,0.342,16,0,636,63000,High Risk,0.2458
GIG-12637,Zomato,Tier 3,21612.66,0.564,8.58,30,0.917,4.53,0.204,0.402,0.304,23,0,672,53000,Moderate Risk,0.0834
GIG-12638,Blinkit,Tier 1,35355.06,0.752,10.24,43,0.834,4.75,0.341,0.654,0.02,26,0,679,88000,Moderate Risk,0.0816
GIG-12639,Porter,Tier 3,42581.47,0.808,10.61,29,0.935,3.84,0.299,0.461,0.175,13,0,729,114000,Moderate Risk,0.0848
GIG-12640,Urban Company,Tier 1,11000.0,0.594,32.58,34,0.862,4.42,0.134,0.654,0.155,4,0,661,27000,Moderate Risk,0.0602
GIG-12641,Zepto,Tier 2,24318.11,0.723,9.2,53,0.789,4.27,0.293,0.453,0.172,52,1,633,56000,High Risk,0.1546
GIG-12642,Uber,Tier 2,17107.23,0.727,-2.17,40,0.904,4.12,0.349,0.511,0.039,23,0,605,38000,High Risk,0.1753
GIG-12643,Uber,Tier 1,26947.17,0.744,-2.68,52,0.925,4.87,0.215,0.336,0.319,50,1,646,64000,Moderate Risk,0.1095
GIG-12644,Blinkit,Tier 3,34450.09,0.823,6.35,57,0.934,4.94,0.133,0.453,0.348,48,0,737,93000,Moderate Risk,0.0812
GIG-12645,Urban Company,Tier 2,24223.28,0.082,4.77,48,0.862,4.55,0.346,0.382,0.136,60,0,573,51000,High Risk,0.1533
GIG-12646,Urban Company,Tier 3,39023.39,0.829,-9.82,38,0.85,4.06,0.268,0.312,0.311,45,0,708,101000,Moderate Risk,0.1049
GIG-12647,Uber,Tier 3,28050.76,0.526,9.44,48,0.978,4.51,0.257,0.352,0.292,49,0,642,66000,Moderate Risk,0.1223
GIG-12648,Porter,Tier 2,14214.28,0.243,-0.9,62,0.788,4.23,0.379,0.482,0.037,47,0,543,28000,Very High Risk,0.4925
GIG-12649,Swiggy,Tier 3,32047.32,0.497,14.55,51,0.788,3.93,0.135,0.528,0.275,33,0,674,79000,Moderate Risk,0.1176
GIG-12650,Zomato,Tier 1,31999.36,0.749,-2.38,40,0.8,4.75,0.315,0.363,0.216,46,1,646,76000,Moderate Risk,0.0656
GIG-12651,Swiggy,Tier 2,26228.58,0.256,0.44,35,0.988,4.23,0.256,0.698,0.02,4,0,576,55000,High Risk,0.2338
GIG-12652,Zepto,Tier 3,24197.82,0.654,12.34,53,0.812,4.49,0.218,0.314,0.406,56,0,685,61000,Moderate Risk,0.0792
GIG-12653,Ola,Tier 2,18596.3,0.901,4.28,57,0.935,3.74,0.319,0.372,0.237,25,0,643,44000,Moderate Risk,0.0831
GIG-12654,Swiggy,Tier 2,30756.02,0.632,6.28,36,0.915,4.49,0.319,0.517,0.039,6,0,645,73000,Moderate Risk,0.1366
GIG-12655,Ola,Tier 3,24765.52,0.268,11.36,49,0.934,4.95,0.178,0.502,0.195,36,0,645,59000,Moderate Risk,0.0644
GIG-12656,Ola,Tier 2,29901.78,0.265,-3.83,52,0.898,3.81,0.383,0.49,0.06,15,0,579,63000,High Risk,0.189
GIG-12657,Zomato,Tier 1,27495.54,0.027,6.87,58,0.891,4.13,0.364,0.656,0.02,37,0,534,54000,Very High Risk,0.5185
GIG-12658,Porter,Tier 3,11000.0,0.872,-8.38,39,0.858,4.56,0.302,0.54,0.096,45,0,645,26000,Moderate Risk,0.1321
GIG-12659,Swiggy,Tier 3,26009.87,0.348,7.66,48,0.986,3.67,0.278,0.331,0.325,28,0,625,60000,High Risk,0.1627
GIG-12660,Ola,Tier 2,39261.29,0.889,1.55,55,0.936,3.91,0.125,0.395,0.373,23,0,731,105000,Moderate Risk,0.1127
GIG-12661,Zomato,Tier 3,20297.14,0.554,29.16,42,0.965,4.07,0.247,0.567,0.069,26,0,633,47000,High Risk,0.2411
GIG-12662,Zepto,Tier 1,37073.98,0.349,17.85,38,0.831,4.51,0.301,0.387,0.174,48,0,640,87000,Moderate Risk,0.0702
GIG-12663,Zepto,Tier 2,29625.01,0.132,16.88,47,0.966,3.93,0.161,0.483,0.21,27,0,600,65000,High Risk,0.2788
GIG-12664,Blinkit,Tier 1,25996.87,0.436,-0.24,41,0.95,3.82,0.166,0.471,0.275,21,3,471,45000,Very High Risk,0.5151
GIG-12665,Blinkit,Tier 2,31929.38,0.819,-8.01,42,0.87,4.1,0.395,0.436,0.116,22,0,634,74000,High Risk,0.2943
GIG-12666,Porter,Tier 3,32483.09,0.783,2.98,35,0.906,4.78,0.338,0.566,0.02,8,0,680,81000,Moderate Risk,0.0763
GIG-12667,Ola,Tier 3,27423.35,0.276,18.63,18,0.973,3.51,0.136,0.497,0.284,59,0,622,63000,High Risk,0.3496
GIG-12668,Porter,Tier 3,31375.74,0.651,-2.52,54,0.983,4.2,0.187,0.507,0.157,29,0,657,76000,Moderate Risk,0.1094
GIG-12669,Porter,Tier 2,19953.45,0.388,0.61,40,0.787,4.76,0.236,0.372,0.333,13,0,634,46000,High Risk,0.18
GIG-12670,Zepto,Tier 3,41269.49,0.919,4.77,43,0.844,3.91,0.378,0.573,0.02,60,0,706,107000,Moderate Risk,0.0981
GIG-12671,Zepto,Tier 1,33483.91,0.68,2.42,18,0.811,4.08,0.337,0.447,0.135,56,1,594,73000,High Risk,0.3477
GIG-12672,Swiggy,Tier 1,32252.92,0.66,17.15,47,0.94,3.82,0.394,0.479,0.061,16,1,624,74000,High Risk,0.2213
GIG-12673,Urban Company,Tier 2,23356.62,0.226,-3.16,66,0.95,4.03,0.316,0.44,0.13,58,0,550,47000,High Risk,0.3456
GIG-12674,Blinkit,Tier 1,28080.29,0.452,24.26,37,0.944,3.83,0.352,0.494,0.097,40,0,629,65000,High Risk,0.3286
GIG-12675,Zepto,Tier 1,18264.56,0.54,14.94,40,0.864,4.61,0.258,0.462,0.193,3,0,640,43000,Moderate Risk,0.0855
GIG-12676,Zepto,Tier 3,23003.1,0.352,-5.92,51,0.823,4.5,0.177,0.35,0.33,20,0,624,53000,High Risk,0.1956
GIG-12677,Zepto,Tier 1,27299.45,0.163,-11.89,53,0.897,4.03,0.375,0.321,0.245,38,4,353,35000,Very High Risk,0.6142
GIG-12678,Porter,Tier 3,31412.05,0.901,7.39,50,0.914,3.72,0.263,0.323,0.289,39,0,709,82000,Moderate Risk,0.0896
GIG-12679,Uber,Tier 1,16701.1,0.395,11.8,49,0.881,4.49,0.154,0.354,0.406,14,0,626,38000,High Risk,0.2739
GIG-12680,Zepto,Tier 2,39548.22,0.526,17.48,39,0.798,4.18,0.272,0.546,0.126,38,0,655,95000,Moderate Risk,0.0936
GIG-12681,Porter,Tier 1,32713.22,0.718,3.81,55,0.962,3.57,0.395,0.486,0.02,55,0,629,75000,High Risk,0.197
GIG-12682,Urban Company,Tier 3,20991.78,0.529,-3.4,29,0.877,3.87,0.365,0.337,0.178,22,0,599,46000,High Risk,0.316
GIG-12683,Porter,Tier 3,14996.91,0.214,10.13,42,0.91,4.15,0.289,0.483,0.087,50,0,563,31000,High Risk,0.2746
GIG-12684,Porter,Tier 1,20978.54,0.105,4.82,29,0.834,4.04,0.13,0.364,0.416,4,0,582,45000,High Risk,0.2998
GIG-12685,Zomato,Tier 1,21911.09,0.723,1.92,42,0.923,4.85,0.163,0.329,0.365,19,0,691,56000,Moderate Risk,0.1242
GIG-12686,Urban Company,Tier 3,27352.88,0.471,8.4,63,0.9,4.97,0.166,0.563,0.175,56,0,672,67000,Moderate Risk,0.1285
GIG-12687,Porter,Tier 1,37868.41,0.6,-8.53,36,0.896,4.47,0.297,0.682,0.02,44,0,653,91000,Moderate Risk,0.0601
GIG-12688,Urban Company,Tier 2,41307.23,0.769,-0.53,41,0.823,3.76,0.191,0.394,0.317,14,0,680,103000,Moderate Risk,0.1252
GIG-12689,Porter,Tier 3,34004.47,0.639,2.12,37,0.915,4.27,0.193,0.607,0.137,44,0,650,81000,Moderate Risk,0.1143
GIG-12690,Ola,Tier 1,32798.86,0.888,-8.58,40,0.952,4.97,0.372,0.438,0.069,10,0,692,83000,Moderate Risk,0.1229
GIG-12691,Urban Company,Tier 2,31198.37,0.659,0.12,33,0.817,4.7,0.392,0.333,0.21,7,0,650,74000,Moderate Risk,0.1007
GIG-12692,Blinkit,Tier 3,20057.45,0.459,-4.76,30,0.942,4.45,0.291,0.63,0.02,33,0,590,43000,High Risk,0.2741
GIG-12693,Zepto,Tier 2,28887.42,0.47,12.46,46,0.825,4.17,0.171,0.389,0.369,43,0,654,69000,Moderate Risk,0.0708
GIG-12694,Porter,Tier 3,23425.18,0.543,16.46,47,0.954,4.83,0.207,0.428,0.305,55,1,621,53000,High Risk,0.2051
GIG-12695,Swiggy,Tier 2,34240.05,0.693,19.42,48,0.852,3.91,0.166,0.672,0.094,35,0,693,87000,Moderate Risk,0.0754
GIG-12696,Zomato,Tier 2,30988.89,0.741,5.16,42,0.876,3.69,0.13,0.427,0.376,13,0,714,81000,Moderate Risk,0.0718
GIG-12697,Zomato,Tier 1,36720.86,0.928,16.96,51,0.926,4.17,0.129,0.406,0.342,23,0,754,102000,Low Risk,0.0274
GIG-12698,Porter,Tier 3,35320.07,0.921,2.7,32,0.944,4.2,0.418,0.31,0.203,11,0,711,92000,Moderate Risk,0.1156
GIG-12699,Blinkit,Tier 1,31260.13,0.618,3.33,58,0.91,3.95,0.209,0.458,0.276,6,2,564,65000,High Risk,0.1866
GIG-12700,Urban Company,Tier 2,32307.19,0.749,18.98,22,0.95,3.86,0.378,0.516,0.02,29,0,695,82000,Moderate Risk,0.1349
GIG-12701,Blinkit,Tier 1,35682.58,0.848,10.75,37,0.841,4.65,0.159,0.629,0.099,21,0,731,96000,Moderate Risk,0.0783
GIG-12702,Urban Company,Tier 3,32925.39,0.934,-1.15,33,0.947,4.81,0.138,0.609,0.118,43,4,539,65000,Very High Risk,0.4408
GIG-12703,Swiggy,Tier 3,30806.57,0.581,38.37,50,0.837,4.46,0.269,0.407,0.255,15,2,625,71000,High Risk,0.2623
GIG-12704,Uber,Tier 1,38679.32,0.876,10.16,47,0.923,4.07,0.228,0.36,0.272,41,0,730,104000,Moderate Risk,0.0978
GIG-12705,Uber,Tier 3,19122.22,0.755,1.25,47,0.938,4.8,0.358,0.35,0.165,23,0,628,44000,High Risk,0.2438
GIG-12706,Blinkit,Tier 3,26830.38,0.615,6.03,52,0.979,4.95,0.39,0.694,0.02,54,3,502,49000,Very High Risk,0.5782
GIG-12707,Urban Company,Tier 2,25571.42,0.42,12.56,63,0.942,4.28,0.185,0.671,0.02,46,0,621,58000,High Risk,0.3124
GIG-12708,Blinkit,Tier 1,17399.75,0.218,14.78,43,0.844,3.95,0.389,0.43,0.08,37,0,577,37000,High Risk,0.1919
GIG-12709,Blinkit,Tier 1,21991.94,0.14,18.18,34,0.799,4.37,0.407,0.635,0.02,3,0,566,46000,High Risk,0.3294
GIG-12710,Uber,Tier 3,33415.88,0.841,-4.35,32,0.916,4.19,0.399,0.364,0.116,21,0,674,83000,Moderate Risk,0.1387
GIG-12711,Blinkit,Tier 2,36367.29,0.801,-3.38,30,0.904,4.34,0.277,0.336,0.244,29,0,692,92000,Moderate Risk,0.0811
GIG-12712,Blinkit,Tier 1,19018.62,0.464,1.61,49,0.817,4.7,0.243,0.544,0.117,9,2,498,35000,Very High Risk,0.3719
GIG-12713,Ola,Tier 1,34836.44,0.855,4.55,32,0.908,4.66,0.32,0.427,0.189,35,1,661,84000,Moderate Risk,0.0859
GIG-12714,Ola,Tier 1,28437.66,0.339,6.56,53,0.895,4.67,0.258,0.302,0.368,53,4,453,47000,Very High Risk,0.4978
GIG-12715,Swiggy,Tier 2,34298.79,0.911,14.59,51,0.858,3.6,0.149,0.359,0.352,32,0,730,92000,Moderate Risk,0.1333
GIG-12716,Swiggy,Tier 1,31204.13,0.706,-11.74,38,0.984,3.59,0.174,0.571,0.189,55,0,642,73000,Moderate Risk,0.0723
GIG-12717,Uber,Tier 1,27914.86,0.03,-0.29,39,0.982,4.53,0.166,0.688,0.059,33,3,427,44000,Very High Risk,0.3951
GIG-12718,Blinkit,Tier 2,31610.33,0.459,2.97,25,0.918,3.97,0.187,0.332,0.425,47,0,670,78000,Moderate Risk,0.1189
GIG-12719,Blinkit,Tier 1,22752.89,0.153,7.21,62,0.93,4.8,0.305,0.47,0.164,55,1,578,48000,High Risk,0.1757
GIG-12720,Porter,Tier 3,29735.52,0.482,10.57,48,0.788,4.35,0.344,0.677,0.02,36,1,592,65000,High Risk,0.291
GIG-12721,Blinkit,Tier 1,21944.71,0.411,-2.96,48,0.966,3.81,0.196,0.555,0.116,48,0,606,49000,High Risk,0.1521
GIG-12722,Urban Company,Tier 1,35984.7,0.779,-1.75,42,0.827,4.08,0.154,0.346,0.367,50,0,709,94000,Moderate Risk,0.1151
GIG-12723,Swiggy,Tier 1,25877.01,0.668,15.66,43,0.91,4.89,0.137,0.324,0.434,11,3,589,56000,High Risk,0.1941
GIG-12724,Uber,Tier 3,22523.71,0.348,0.08,39,0.798,4.39,0.276,0.507,0.156,17,0,605,50000,High Risk,0.1801
GIG-12725,Urban Company,Tier 1,22607.51,0.31,10.76,46,0.958,3.69,0.295,0.458,0.153,16,2,493,41000,Very High Risk,0.5431
GIG-12726,Uber,Tier 1,37213.41,0.96,1.95,52,0.903,4.47,0.352,0.599,0.02,30,0,721,98000,Moderate Risk,0.0811
GIG-12727,Swiggy,Tier 1,22313.57,0.443,-0.31,46,0.974,4.41,0.334,0.617,0.02,4,0,582,48000,High Risk,0.2118
GIG-12728,Porter,Tier 2,22030.66,0.235,7.64,59,0.944,3.87,0.209,0.513,0.184,5,0,571,46000,High Risk,0.2509
GIG-12729,Ola,Tier 1,26466.63,0.317,16.35,50,0.805,4.26,0.289,0.309,0.311,5,1,595,58000,High Risk,0.2442
GIG-12730,Zomato,Tier 2,30686.41,0.725,14.79,49,0.899,3.78,0.368,0.425,0.103,10,0,694,78000,Moderate Risk,0.1157
GIG-12731,Urban Company,Tier 1,36979.85,0.911,-6.38,43,0.903,4.87,0.276,0.401,0.235,7,0,728,99000,Moderate Risk,0.1172
GIG-12732,Urban Company,Tier 3,36350.7,0.79,1.12,50,0.913,4.1,0.397,0.46,0.062,3,1,591,79000,High Risk,0.1773
GIG-12733,Swiggy,Tier 1,24276.92,0.297,0.1,31,0.97,3.9,0.311,0.678,0.02,41,0,578,51000,High Risk,0.1637
GIG-12734,Ola,Tier 3,29882.26,0.883,2.5,41,0.914,3.65,0.161,0.504,0.223,60,0,680,75000,Moderate Risk,0.0626
GIG-12735,Ola,Tier 1,31053.79,0.325,3.93,44,0.915,3.99,0.342,0.582,0.02,45,0,570,65000,High Risk,0.1523
GIG-12736,Blinkit,Tier 1,22437.62,0.211,-7.29,47,0.956,4.22,0.145,0.449,0.314,8,3,455,37000,Very High Risk,0.5523
GIG-12737,Uber,Tier 3,37722.32,0.937,10.61,52,0.867,4.31,0.212,0.48,0.237,20,1,703,97000,Moderate Risk,0.0994
GIG-12738,Blinkit,Tier 2,23731.54,0.472,-7.47,29,0.959,4.13,0.304,0.546,0.039,13,0,579,50000,High Risk,0.3145
GIG-12739,Ola,Tier 3,25294.35,0.465,4.53,35,0.875,4.09,0.355,0.355,0.186,39,2,535,50000,Very High Risk,0.6634
GIG-12740,Swiggy,Tier 1,25115.17,0.498,8.52,48,0.898,3.98,0.325,0.325,0.295,55,0,630,58000,High Risk,0.1888
GIG-12741,Zomato,Tier 3,28791.37,0.238,5.52,50,0.983,3.91,0.182,0.435,0.327,16,1,567,60000,High Risk,0.3359
GIG-12742,Ola,Tier 2,38342.43,0.586,-8.75,21,0.938,4.24,0.225,0.583,0.095,13,0,633,89000,High Risk,0.3281
GIG-12743,Zomato,Tier 3,26425.16,0.488,26.16,44,0.899,3.95,0.186,0.332,0.429,9,0,675,65000,Moderate Risk,0.1194
GIG-12744,Ola,Tier 3,26958.83,0.823,17.22,53,0.863,4.06,0.167,0.601,0.122,57,0,709,70000,Moderate Risk,0.0902
GIG-12745,Porter,Tier 2,27146.09,0.725,10.62,53,0.925,4.07,0.35,0.659,0.02,47,0,655,65000,Moderate Risk,0.1305
GIG-12746,Uber,Tier 2,20466.42,0.167,3.71,55,0.864,3.63,0.286,0.348,0.314,46,1,537,40000,Very High Risk,0.4972
GIG-12747,Swiggy,Tier 1,44662.76,0.809,21.59,46,0.979,3.55,0.393,0.452,0.084,56,0,712,117000,Moderate Risk,0.1217
GIG-12748,Blinkit,Tier 2,38123.61,0.835,8.5,47,0.918,3.75,0.235,0.605,0.081,30,2,599,84000,High Risk,0.3329
GIG-12749,Ola,Tier 3,44654.01,0.885,-8.44,46,0.79,4.31,0.223,0.626,0.067,17,0,706,116000,Moderate Risk,0.0733
GIG-12750,Zepto,Tier 1,13837.97,0.286,18.08,46,0.972,4.73,0.285,0.505,0.066,51,0,619,31000,High Risk,0.2928
GIG-12751,Blinkit,Tier 1,29939.36,0.423,21.66,35,0.869,4.73,0.154,0.337,0.369,32,0,688,76000,Moderate Risk,0.0642
GIG-12752,Swiggy,Tier 3,29877.04,0.383,20.6,42,0.849,4.33,0.163,0.301,0.478,11,0,693,76000,Moderate Risk,0.1106
GIG-12753,Porter,Tier 2,30163.49,0.767,-23.49,33,0.921,3.54,0.191,0.383,0.282,48,0,640,71000,Moderate Risk,0.1313
GIG-12754,Urban Company,Tier 3,30738.78,0.766,-1.24,50,0.866,4.38,0.3,0.387,0.196,49,0,701,79000,Moderate Risk,0.0992
GIG-12755,Zomato,Tier 1,21071.87,0.196,3.7,42,0.879,4.45,0.339,0.301,0.224,23,3,469,36000,Very High Risk,0.4014
GIG-12756,Porter,Tier 1,27804.92,0.49,25.02,25,0.964,4.34,0.265,0.486,0.105,27,0,653,67000,Moderate Risk,0.0716
GIG-12757,Urban Company,Tier 2,14137.18,0.393,3.63,54,0.827,3.55,0.149,0.413,0.353,41,1,530,27000,Very High Risk,0.4518
GIG-12758,Urban Company,Tier 3,27816.12,0.832,8.51,40,0.864,3.66,0.394,0.432,0.051,56,0,659,67000,Moderate Risk,0.0703
GIG-12759,Porter,Tier 1,35157.56,0.518,-7.57,37,0.894,4.81,0.38,0.534,0.02,38,0,628,81000,High Risk,0.2457
GIG-12760,Zepto,Tier 2,23977.53,0.684,-8.03,51,0.87,3.79,0.363,0.325,0.179,57,0,595,52000,High Risk,0.2492
GIG-12761,Zepto,Tier 1,37258.58,0.182,-0.47,20,0.832,4.62,0.374,0.686,0.02,57,0,622,85000,High Risk,0.2197
GIG-12762,Swiggy,Tier 2,19572.99,0.336,-3.11,42,0.976,4.89,0.253,0.387,0.221,46,0,606,43000,High Risk,0.1869
GIG-12763,Blinkit,Tier 1,13959.28,0.456,-13.05,45,0.846,3.56,0.135,0.587,0.217,3,0,562,29000,High Risk,0.2192
GIG-12764,Porter,Tier 3,36314.09,0.606,23.16,33,0.806,4.32,0.199,0.413,0.325,9,0,759,101000,Low Risk,0.0222
GIG-12765,Zepto,Tier 2,24322.59,0.237,9.61,56,0.961,3.74,0.234,0.345,0.349,36,0,612,55000,High Risk,0.2161
GIG-12766,Swiggy,Tier 1,35535.39,0.963,-1.31,33,0.976,4.94,0.214,0.558,0.154,12,0,724,94000,Moderate Risk,0.128
GIG-12767,Zepto,Tier 2,39721.48,0.665,4.76,49,0.813,4.95,0.207,0.464,0.271,47,0,720,105000,Moderate Risk,0.1046
GIG-12768,Swiggy,Tier 3,16269.68,0.384,3.75,47,0.807,4.13,0.128,0.653,0.145,60,0,594,35000,High Risk,0.1578
GIG-12769,Uber,Tier 1,20041.82,0.295,10.23,39,0.822,3.51,0.277,0.346,0.257,26,0,590,43000,High Risk,0.2633
GIG-12770,Ola,Tier 2,38688.64,0.753,0.71,21,0.828,4.68,0.402,0.473,0.02,15,1,624,89000,High Risk,0.2455
GIG-12771,Zepto,Tier 1,25016.83,0.047,-0.44,47,0.929,4.87,0.349,0.377,0.215,17,0,554,51000,High Risk,0.2928
GIG-12772,Zepto,Tier 3,29570.35,0.679,12.24,46,0.886,4.59,0.318,0.323,0.236,34,0,703,76000,Moderate Risk,0.1353
GIG-12773,Urban Company,Tier 3,27596.53,0.322,-6.53,45,0.851,4.17,0.381,0.384,0.156,52,1,554,56000,High Risk,0.3371
GIG-12774,Urban Company,Tier 3,18124.2,0.612,9.35,37,0.877,3.68,0.212,0.387,0.3,28,0,651,43000,Moderate Risk,0.0907
GIG-12775,Blinkit,Tier 2,35521.83,0.531,19.15,54,0.86,4.27,0.343,0.319,0.283,45,0,690,90000,Moderate Risk,0.0717
GIG-12776,Zepto,Tier 2,14308.56,0.255,15.49,29,0.921,4.63,0.373,0.413,0.161,35,0,592,31000,High Risk,0.3212
GIG-12777,Urban Company,Tier 1,25045.28,0.119,-0.13,46,0.918,4.52,0.348,0.436,0.11,52,0,561,52000,High Risk,0.3169
GIG-12778,Porter,Tier 1,16467.65,0.509,31.93,26,0.856,3.9,0.292,0.351,0.215,10,0,677,41000,Moderate Risk,0.1196
GIG-12779,Urban Company,Tier 2,19729.19,0.177,14.12,53,0.932,4.55,0.201,0.617,0.096,34,0,580,42000,High Risk,0.2075
GIG-12780,Ola,Tier 3,26332.74,0.094,1.6,42,0.884,3.75,0.155,0.481,0.256,11,1,525,51000,Very High Risk,0.6993
GIG-12781,Zomato,Tier 1,22345.16,0.292,8.21,48,0.843,3.93,0.136,0.32,0.427,50,0,611,50000,High Risk,0.2155
GIG-12782,Zomato,Tier 1,15769.78,0.514,14.92,48,0.888,3.77,0.325,0.668,0.02,34,0,586,34000,High Risk,0.1951
GIG-12783,Zomato,Tier 1,25808.48,0.514,7.48,33,0.828,3.53,0.145,0.584,0.203,27,0,655,62000,Moderate Risk,0.0975
GIG-12784,Blinkit,Tier 1,18562.36,0.286,19.49,42,0.976,4.74,0.237,0.386,0.236,22,0,614,42000,High Risk,0.29
GIG-12785,Swiggy,Tier 1,48962.76,0.913,18.01,63,0.94,4.79,0.186,0.612,0.115,45,0,765,137000,Low Risk,0.034
GIG-12786,Porter,Tier 2,33226.51,0.848,15.1,34,0.907,4.18,0.234,0.433,0.282,15,0,727,89000,Moderate Risk,0.1254
GIG-12787,Urban Company,Tier 3,28359.84,0.649,4.97,44,0.782,3.92,0.251,0.657,0.02,34,0,654,68000,Moderate Risk,0.084
GIG-12788,Porter,Tier 3,27682.7,0.094,-1.86,33,0.911,4.57,0.144,0.317,0.409,19,0,617,63000,High Risk,0.3002
GIG-12789,Blinkit,Tier 3,35553.05,0.967,20.74,39,0.892,4.51,0.208,0.313,0.426,37,2,682,89000,Moderate Risk,0.0793
GIG-12790,Zomato,Tier 1,18763.79,0.39,-6.04,45,0.935,3.63,0.173,0.36,0.323,30,0,611,42000,High Risk,0.1932
GIG-12791,Swiggy,Tier 2,25304.09,0.361,13.17,48,0.954,3.79,0.192,0.326,0.41,31,0,655,61000,Moderate Risk,0.0607
GIG-12792,Blinkit,Tier 2,31712.13,0.563,7.16,44,0.811,4.35,0.223,0.455,0.183,31,0,674,78000,Moderate Risk,0.1023
GIG-12793,Porter,Tier 1,37149.02,0.604,-3.52,41,0.827,3.62,0.277,0.351,0.248,5,0,668,91000,Moderate Risk,0.0669
GIG-12794,Uber,Tier 3,30751.2,0.775,7.66,43,0.945,4.59,0.387,0.608,0.02,45,0,663,75000,Moderate Risk,0.073
GIG-12795,Urban Company,Tier 3,31009.87,0.769,1.46,48,0.928,4.43,0.203,0.391,0.331,13,0,685,78000,Moderate Risk,0.0618
GIG-12796,Porter,Tier 2,20458.43,0.375,15.13,33,0.844,3.97,0.373,0.615,0.02,11,0,606,45000,High Risk,0.1701
GIG-12797,Urban Company,Tier 3,22444.51,0.464,6.46,41,0.946,4.16,0.181,0.67,0.097,27,0,604,50000,High Risk,0.2573
GIG-12798,Porter,Tier 1,11000.0,0.125,4.82,40,0.894,3.91,0.286,0.506,0.123,39,0,529,21000,Very High Risk,0.6273
GIG-12799,Porter,Tier 3,32736.62,0.887,2.45,48,0.857,3.62,0.338,0.638,0.02,38,0,655,79000,Moderate Risk,0.0835
GIG-12800,Porter,Tier 2,29758.39,0.836,12.86,45,0.786,4.51,0.307,0.67,0.02,38,0,673,73000,Moderate Risk,0.1077
GIG-12801,Uber,Tier 3,35069.16,0.229,14.73,35,0.973,3.84,0.142,0.7,0.039,6,1,572,74000,High Risk,0.3127
GIG-12802,Zepto,Tier 2,24762.91,0.376,4.43,46,0.94,4.69,0.236,0.573,0.13,34,0,635,58000,High Risk,0.2831
GIG-12803,Zepto,Tier 3,23980.21,0.499,-14.76,52,0.791,4.12,0.313,0.668,0.02,46,1,525,46000,Very High Risk,0.6899
GIG-12804,Blinkit,Tier 2,25208.76,0.28,16.31,44,0.934,3.85,0.215,0.416,0.241,23,0,628,58000,High Risk,0.2512
GIG-12805,Zomato,Tier 1,22824.04,0.461,3.12,62,0.858,4.68,0.374,0.329,0.219,40,0,640,54000,Moderate Risk,0.0692
GIG-12806,Zomato,Tier 1,22556.21,0.312,-0.74,37,0.931,4.06,0.326,0.506,0.103,56,0,561,46000,High Risk,0.2796
GIG-12807,Blinkit,Tier 2,36195.64,0.75,2.58,60,0.797,4.44,0.261,0.433,0.176,54,0,688,91000,Moderate Risk,0.0969
GIG-12808,Zomato,Tier 3,33054.49,0.85,4.73,61,0.795,4.28,0.127,0.439,0.336,24,0,706,86000,Moderate Risk,0.1346
GIG-12809,Zepto,Tier 1,28171.67,0.087,9.01,35,0.898,3.79,0.19,0.526,0.202,30,1,546,56000,Very High Risk,0.4493
GIG-12810,Blinkit,Tier 2,33625.69,0.422,14.04,50,0.916,3.78,0.205,0.506,0.206,29,0,674,83000,Moderate Risk,0.07
GIG-12811,Blinkit,Tier 1,25235.11,0.54,13.24,52,0.971,3.72,0.161,0.349,0.404,45,0,645,60000,Moderate Risk,0.1098
GIG-12812,Ola,Tier 1,25896.6,0.371,17.2,52,0.97,4.63,0.191,0.394,0.273,18,1,621,59000,High Risk,0.2034
GIG-12813,Urban Company,Tier 3,35307.14,0.716,-9.55,68,0.877,4.32,0.245,0.4,0.239,8,1,660,85000,Moderate Risk,0.1028
GIG-12814,Swiggy,Tier 2,25563.58,0.468,-5.81,45,0.894,4.83,0.222,0.693,0.02,10,1,555,52000,High Risk,0.2305
GIG-12815,Blinkit,Tier 1,38052.16,0.655,-3.31,59,0.822,4.7,0.267,0.527,0.141,4,0,676,94000,Moderate Risk,0.1221
GIG-12816,Blinkit,Tier 1,19401.93,0.145,13.15,34,0.782,3.64,0.303,0.373,0.271,32,0,592,42000,High Risk,0.3138
GIG-12817,Zepto,Tier 3,23261.75,0.081,2.97,39,0.953,4.1,0.307,0.339,0.226,35,0,561,48000,High Risk,0.2749
GIG-12818,Zepto,Tier 2,34565.95,0.805,9.15,36,0.795,4.56,0.217,0.486,0.23,4,0,700,89000,Moderate Risk,0.1122
GIG-12819,Porter,Tier 3,15557.73,0.49,8.85,37,0.784,4.69,0.211,0.347,0.376,4,3,501,29000,Very High Risk,0.6876
GIG-12820,Blinkit,Tier 2,34081.81,0.855,-8.87,28,0.911,4.09,0.132,0.592,0.162,39,0,666,83000,Moderate Risk,0.1193
GIG-12821,Zepto,Tier 2,18609.08,0.44,0.73,42,0.94,3.65,0.415,0.65,0.02,39,0,587,40000,High Risk,0.3013
GIG-12822,Swiggy,Tier 2,29578.71,0.3,0.98,41,0.783,4.85,0.137,0.446,0.346,9,0,659,71000,Moderate Risk,0.1093
GIG-12823,Ola,Tier 2,32925.94,0.288,-1.65,48,0.961,4.25,0.279,0.534,0.059,34,0,569,69000,High Risk,0.1756
GIG-12824,Blinkit,Tier 1,23355.47,0.378,-21.27,42,0.943,4.1,0.379,0.338,0.196,42,2,476,41000,Very High Risk,0.4548
GIG-12825,Urban Company,Tier 2,14503.82,0.21,-2.25,42,0.92,4.58,0.157,0.52,0.174,30,0,574,31000,High Risk,0.1735
GIG-12826,Ola,Tier 2,25694.14,0.271,3.86,63,0.935,4.49,0.292,0.687,0.02,43,2,505,48000,Very High Risk,0.5633
GIG-12827,Swiggy,Tier 3,20198.88,0.286,-1.78,38,0.879,4.82,0.178,0.415,0.272,16,0,592,44000,High Risk,0.3484
GIG-12828,Urban Company,Tier 2,26981.29,0.272,-4.34,42,0.962,4.21,0.416,0.52,0.02,6,0,545,54000,Very High Risk,0.5787
GIG-12829,Urban Company,Tier 3,25719.42,0.346,20.61,67,0.94,4.77,0.319,0.692,0.02,28,0,636,60000,High Risk,0.3388
GIG-12830,Ola,Tier 3,28137.48,0.73,1.14,45,0.951,4.21,0.143,0.376,0.416,50,0,687,71000,Moderate Risk,0.1334
GIG-12831,Swiggy,Tier 3,24894.49,0.713,8.99,43,0.982,4.75,0.329,0.588,0.02,57,0,674,62000,Moderate Risk,0.0677
GIG-12832,Swiggy,Tier 3,34359.08,0.763,-7.33,51,0.916,3.65,0.133,0.645,0.096,24,0,650,82000,Moderate Risk,0.125
GIG-12833,Urban Company,Tier 1,30485.1,0.782,15.02,32,0.949,3.57,0.234,0.44,0.22,39,0,692,77000,Moderate Risk,0.1339
GIG-12834,Porter,Tier 2,33878.48,0.605,1.14,45,0.976,4.2,0.21,0.507,0.151,16,0,638,79000,High Risk,0.3179
GIG-12835,Blinkit,Tier 1,19326.67,0.166,6.69,45,0.892,4.96,0.344,0.348,0.178,44,0,617,44000,High Risk,0.3284
GIG-12836,Urban Company,Tier 3,33281.3,0.805,1.72,50,0.797,4.92,0.238,0.549,0.108,54,0,689,84000,Moderate Risk,0.0762
GIG-12837,Urban Company,Tier 2,28992.85,0.163,3.08,53,0.798,3.71,0.385,0.496,0.053,45,1,490,52000,Very High Risk,0.5413
GIG-12838,Blinkit,Tier 1,31813.62,0.832,-3.81,42,0.984,3.76,0.31,0.333,0.238,29,0,685,80000,Moderate Risk,0.0826
GIG-12839,Zepto,Tier 2,18209.4,0.185,2.25,39,0.8,4.78,0.14,0.644,0.084,42,0,597,40000,High Risk,0.2741
GIG-12840,Porter,Tier 3,35319.19,0.56,4.87,45,0.835,4.82,0.29,0.589,0.03,51,1,609,79000,High Risk,0.1981
GIG-12841,Uber,Tier 1,34493.0,0.752,11.48,42,0.804,4.03,0.268,0.561,0.092,43,2,617,78000,High Risk,0.1746
GIG-12842,Uber,Tier 3,27910.32,0.221,-3.6,49,0.825,4.84,0.219,0.694,0.032,34,0,595,61000,High Risk,0.3279
GIG-12843,Ola,Tier 3,21259.08,0.476,-4.27,50,0.943,4.9,0.389,0.398,0.131,55,0,612,48000,High Risk,0.2183
GIG-12844,Porter,Tier 2,22992.99,0.266,15.89,51,0.786,3.73,0.339,0.625,0.02,43,0,583,49000,High Risk,0.338
GIG-12845,Zepto,Tier 3,40343.36,0.722,-6.6,39,0.972,4.59,0.147,0.647,0.121,49,0,703,104000,Moderate Risk,0.1031
GIG-12846,Zomato,Tier 3,43726.44,0.723,17.39,45,0.928,4.24,0.229,0.406,0.289,15,0,734,118000,Moderate Risk,0.0608
GIG-12847,Blinkit,Tier 2,24942.67,0.358,-4.32,30,0.797,4.44,0.172,0.605,0.154,12,0,591,54000,High Risk,0.1681
GIG-12848,Ola,Tier 1,27984.5,0.422,-5.56,55,0.832,4.62,0.34,0.36,0.215,50,0,603,62000,High Risk,0.3452
GIG-12849,Urban Company,Tier 2,19933.33,0.422,5.81,38,0.84,3.79,0.135,0.65,0.105,29,0,608,44000,High Risk,0.2079
GIG-12850,Blinkit,Tier 1,34351.16,0.84,4.99,38,0.818,4.49,0.419,0.465,0.056,43,0,687,87000,Moderate Risk,0.0786
GIG-12851,Ola,Tier 2,31107.9,0.676,18.05,43,0.852,4.79,0.364,0.57,0.02,20,3,554,63000,High Risk,0.1931
GIG-12852,Urban Company,Tier 3,28843.07,0.24,6.35,48,0.846,4.91,0.342,0.663,0.02,13,1,568,60000,High Risk,0.319
GIG-12853,Urban Company,Tier 3,18359.41,0.653,21.53,58,0.954,4.25,0.227,0.356,0.31,41,0,690,46000,Moderate Risk,0.0951
GIG-12854,Ola,Tier 2,15284.58,0.268,5.53,55,0.897,4.04,0.24,0.673,0.02,18,0,557,31000,High Risk,0.2069
GIG-12855,Swiggy,Tier 1,37712.31,0.598,-4.68,40,0.854,4.38,0.386,0.616,0.02,15,3,512,71000,Very High Risk,0.5093
GIG-12856,Zomato,Tier 1,30819.34,0.769,8.16,56,0.956,4.0,0.134,0.504,0.265,54,0,697,79000,Moderate Risk,0.1236
GIG-12857,Urban Company,Tier 2,35208.24,0.507,11.33,33,0.987,4.68,0.357,0.361,0.23,34,0,683,88000,Moderate Risk,0.0715
GIG-12858,Zepto,Tier 2,24643.53,0.765,-11.04,46,0.981,4.79,0.346,0.579,0.02,44,0,634,57000,High Risk,0.1877
GIG-12859,Zomato,Tier 1,29774.44,0.279,14.92,48,0.847,3.54,0.395,0.387,0.095,13,0,589,64000,High Risk,0.2158
GIG-12860,Urban Company,Tier 1,24442.32,0.784,-10.24,37,0.916,4.93,0.121,0.661,0.125,4,0,664,60000,Moderate Risk,0.0678
GIG-12861,Urban Company,Tier 2,37027.91,0.825,-12.53,38,0.945,4.58,0.314,0.449,0.164,45,0,685,93000,Moderate Risk,0.1376
GIG-12862,Uber,Tier 3,38177.96,0.739,11.4,52,0.85,3.98,0.319,0.673,0.02,57,0,682,95000,Moderate Risk,0.0911
GIG-12863,Zomato,Tier 3,33413.41,0.771,-10.75,54,0.851,4.21,0.335,0.411,0.196,34,0,664,81000,Moderate Risk,0.1367
GIG-12864,Zomato,Tier 1,25610.4,0.104,-2.04,34,0.8,4.83,0.386,0.546,0.02,58,1,496,47000,Very High Risk,0.4803
GIG-12865,Swiggy,Tier 2,13254.99,0.214,5.98,40,0.832,4.39,0.304,0.624,0.02,41,0,523,25000,Very High Risk,0.6174
GIG-12866,Urban Company,Tier 1,33483.02,0.57,-20.84,50,0.789,4.78,0.38,0.538,0.02,60,0,591,73000,High Risk,0.203
GIG-12867,Zepto,Tier 2,23950.87,0.609,-8.52,33,0.831,3.73,0.258,0.436,0.182,45,0,600,53000,High Risk,0.2685
GIG-12868,Swiggy,Tier 2,36031.8,0.7,9.58,29,0.796,4.27,0.146,0.435,0.3,56,0,724,96000,Moderate Risk,0.1192
GIG-12869,Uber,Tier 1,16161.1,0.378,11.23,33,0.97,4.18,0.215,0.567,0.165,10,0,588,35000,High Risk,0.186
GIG-12870,Swiggy,Tier 3,22116.36,0.306,13.71,58,0.97,3.71,0.171,0.437,0.293,45,2,538,44000,Very High Risk,0.4904
GIG-12871,Urban Company,Tier 2,20941.6,0.427,16.33,58,0.902,4.63,0.245,0.353,0.298,59,0,644,49000,Moderate Risk,0.1157
GIG-12872,Swiggy,Tier 1,23640.85,0.314,-3.63,26,0.88,4.03,0.394,0.563,0.02,41,0,550,48000,High Risk,0.3353
GIG-12873,Swiggy,Tier 2,28026.74,0.676,6.37,32,0.798,4.69,0.266,0.363,0.249,24,0,680,70000,Moderate Risk,0.0788
GIG-12874,Zepto,Tier 3,19961.09,0.298,-11.3,32,0.814,4.89,0.36,0.388,0.169,50,2,518,38000,Very High Risk,0.5804
GIG-12875,Ola,Tier 2,40492.54,0.536,14.53,38,0.793,4.29,0.225,0.312,0.347,16,2,630,94000,High Risk,0.1882
GIG-12876,Uber,Tier 1,31136.97,0.942,2.51,44,0.83,4.05,0.156,0.626,0.148,14,1,626,71000,High Risk,0.279
GIG-12877,Ola,Tier 2,11000.0,0.532,-0.4,38,0.97,3.51,0.417,0.314,0.207,31,0,586,24000,High Risk,0.1709
GIG-12878,Zepto,Tier 2,11000.0,0.461,17.87,47,0.969,4.31,0.208,0.344,0.331,58,0,638,26000,High Risk,0.3218
GIG-12879,Zomato,Tier 2,36782.35,0.799,5.54,42,0.892,4.62,0.339,0.551,0.054,37,2,620,84000,High Risk,0.243
GIG-12880,Blinkit,Tier 3,27303.99,0.079,-3.64,51,0.932,3.93,0.204,0.625,0.04,10,0,530,53000,Very High Risk,0.4638
GIG-12881,Blinkit,Tier 3,19727.98,0.746,-8.27,48,0.857,3.59,0.406,0.427,0.032,30,0,584,42000,High Risk,0.289
GIG-12882,Porter,Tier 3,23262.99,0.482,-2.22,44,0.973,4.05,0.321,0.567,0.056,18,0,585,50000,High Risk,0.273
GIG-12883,Urban Company,Tier 1,30440.91,0.901,1.76,52,0.927,4.67,0.204,0.443,0.252,26,0,701,78000,Moderate Risk,0.1112
GIG-12884,Porter,Tier 3,35537.73,0.84,-7.23,38,0.883,3.93,0.19,0.547,0.206,26,0,695,91000,Moderate Risk,0.0856
GIG-12885,Urban Company,Tier 1,11000.0,0.223,-15.46,32,0.913,4.43,0.244,0.373,0.275,44,3,400,16000,Very High Risk,0.4641
GIG-12886,Zomato,Tier 3,15543.28,0.235,3.11,43,0.938,3.96,0.339,0.605,0.02,45,0,555,32000,High Risk,0.1551
GIG-12887,Zomato,Tier 3,28458.64,0.568,-12.41,51,0.878,4.71,0.276,0.506,0.14,53,1,568,59000,High Risk,0.214
GIG-12888,Ola,Tier 2,34192.56,0.485,0.41,35,0.949,4.23,0.257,0.363,0.312,38,0,659,83000,Moderate Risk,0.0927
GIG-12889,Zepto,Tier 2,25323.31,0.67,6.53,29,0.924,3.96,0.192,0.629,0.113,43,0,633,59000,High Risk,0.2468
GIG-12890,Blinkit,Tier 3,20380.57,0.465,8.11,45,0.964,3.96,0.285,0.3,0.324,10,0,615,46000,High Risk,0.2998
GIG-12891,Ola,Tier 2,33772.5,0.806,7.07,45,0.936,4.58,0.199,0.502,0.22,27,0,697,86000,Moderate Risk,0.0918
GIG-12892,Zomato,Tier 2,34244.99,0.755,5.8,36,0.784,4.89,0.41,0.422,0.092,19,0,687,86000,Moderate Risk,0.1088
GIG-12893,Urban Company,Tier 1,34790.78,0.694,7.56,44,0.929,4.05,0.253,0.575,0.086,55,1,613,78000,High Risk,0.3216
GIG-12894,Ola,Tier 2,24248.56,0.567,3.93,36,0.795,3.99,0.225,0.54,0.087,16,0,635,56000,High Risk,0.1843
GIG-12895,Uber,Tier 2,14045.94,0.125,18.78,36,0.956,4.68,0.199,0.467,0.239,43,0,607,31000,High Risk,0.1524
GIG-12896,Blinkit,Tier 3,21499.17,0.301,-16.16,46,0.954,3.6,0.148,0.438,0.319,29,1,528,42000,Very High Risk,0.5285
GIG-12897,Zomato,Tier 2,34366.8,0.911,-1.27,33,0.888,4.39,0.25,0.603,0.039,58,0,695,88000,Moderate Risk,0.1173
GIG-12898,Swiggy,Tier 2,18170.05,0.441,9.98,38,0.811,4.06,0.163,0.408,0.281,33,0,652,43000,Moderate Risk,0.0676
GIG-12899,Zepto,Tier 2,20844.03,0.471,10.07,45,0.844,4.12,0.239,0.319,0.309,48,0,629,48000,High Risk,0.1512
GIG-12900,Zepto,Tier 1,40422.87,0.856,-5.63,46,0.862,3.55,0.349,0.365,0.177,55,0,704,104000,Moderate Risk,0.1211
GIG-12901,Uber,Tier 3,16777.4,0.663,-0.07,37,0.976,4.03,0.152,0.333,0.447,19,0,626,39000,High Risk,0.3183
GIG-12902,Swiggy,Tier 2,27433.5,0.249,-5.29,49,0.791,3.74,0.196,0.6,0.137,29,0,577,58000,High Risk,0.2447
GIG-12903,Blinkit,Tier 2,31798.41,0.871,7.21,58,0.908,4.96,0.295,0.619,0.021,47,1,664,77000,Moderate Risk,0.1113
GIG-12904,Zomato,Tier 1,27405.9,0.216,2.16,59,0.792,4.44,0.396,0.499,0.02,44,0,574,58000,High Risk,0.3423
GIG-12905,Uber,Tier 3,30536.63,0.498,17.24,39,0.91,4.28,0.121,0.474,0.339,31,0,701,78000,Moderate Risk,0.1002
GIG-12906,Uber,Tier 1,14681.73,0.896,-1.43,39,0.861,3.8,0.398,0.586,0.02,28,1,556,30000,High Risk,0.2731
GIG-12907,Ola,Tier 3,34443.25,0.748,0.74,35,0.794,4.56,0.416,0.596,0.02,22,0,665,84000,Moderate Risk,0.0805
GIG-12908,Blinkit,Tier 3,24161.19,0.75,5.24,50,0.806,4.27,0.378,0.515,0.02,8,0,613,54000,High Risk,0.1903
GIG-12909,Swiggy,Tier 1,31032.38,0.928,6.92,32,0.867,4.34,0.314,0.412,0.132,18,2,616,70000,High Risk,0.1566
GIG-12910,Uber,Tier 3,23087.15,0.109,8.34,48,0.905,4.21,0.153,0.396,0.352,46,1,556,47000,High Risk,0.3071
GIG-12911,Zepto,Tier 2,39316.55,0.564,6.22,43,0.787,4.09,0.416,0.618,0.02,31,0,645,93000,Moderate Risk,0.1099
GIG-12912,Porter,Tier 3,45963.78,0.991,2.35,30,0.89,3.63,0.362,0.469,0.078,11,0,709,119000,Moderate Risk,0.0735
GIG-12913,Urban Company,Tier 1,19751.29,0.281,-5.13,46,0.856,3.55,0.375,0.307,0.209,46,0,544,39000,Very High Risk,0.5691
GIG-12914,Blinkit,Tier 2,28763.86,0.297,-12.41,60,0.851,4.58,0.209,0.452,0.252,15,1,552,58000,High Risk,0.3276
GIG-12915,Swiggy,Tier 2,19017.48,0.247,-4.0,46,0.959,3.7,0.197,0.649,0.078,26,0,571,40000,High Risk,0.1965
GIG-12916,Uber,Tier 2,25482.11,0.146,7.83,43,0.892,4.18,0.271,0.698,0.02,59,0,561,52000,High Risk,0.1868
GIG-12917,Zepto,Tier 3,12379.9,0.102,-2.24,20,0.815,3.6,0.215,0.518,0.152,17,0,567,26000,High Risk,0.2524
GIG-12918,Zomato,Tier 1,28160.93,0.481,9.62,60,0.827,3.81,0.131,0.471,0.305,38,0,646,67000,Moderate Risk,0.1136
GIG-12919,Ola,Tier 1,38932.44,0.62,6.56,41,0.854,4.96,0.185,0.373,0.333,32,0,729,104000,Moderate Risk,0.0621
GIG-12920,Ola,Tier 2,26164.44,0.049,5.39,43,0.932,4.08,0.236,0.454,0.245,47,1,521,50000,Very High Risk,0.5882
GIG-12921,Uber,Tier 1,19367.71,0.048,20.82,57,0.951,3.92,0.323,0.597,0.02,28,2,478,34000,Very High Risk,0.6164
GIG-12922,Zepto,Tier 3,20403.69,0.187,-12.11,46,0.895,3.93,0.12,0.445,0.324,19,1,524,39000,Very High Risk,0.4015
GIG-12923,Uber,Tier 1,40275.59,0.749,-15.11,46,0.855,4.01,0.397,0.385,0.13,26,0,654,97000,Moderate Risk,0.1208
GIG-12924,Uber,Tier 3,13862.66,0.038,0.77,42,0.949,4.28,0.173,0.405,0.295,10,0,551,28000,High Risk,0.1604
GIG-12925,Zomato,Tier 3,33363.52,0.476,14.03,39,0.901,3.66,0.296,0.553,0.02,36,1,592,72000,High Risk,0.2874
GIG-12926,Zepto,Tier 2,35953.58,0.607,16.01,40,0.958,3.71,0.309,0.369,0.227,55,1,641,85000,Moderate Risk,0.1247
GIG-12927,Porter,Tier 1,39188.65,0.768,6.53,54,0.981,4.58,0.289,0.545,0.031,17,0,684,98000,Moderate Risk,0.1316
GIG-12928,Ola,Tier 1,22029.21,0.292,17.67,43,0.895,4.17,0.125,0.305,0.457,58,0,663,54000,Moderate Risk,0.0966
GIG-12929,Urban Company,Tier 2,39271.79,0.94,6.02,30,0.896,3.63,0.242,0.508,0.158,50,0,710,102000,Moderate Risk,0.0941
GIG-12930,Porter,Tier 2,40268.26,0.527,-5.34,47,0.956,4.12,0.336,0.472,0.142,11,0,640,94000,Moderate Risk,0.0857
GIG-12931,Zepto,Tier 1,19441.1,0.361,4.64,27,0.877,4.03,0.203,0.374,0.286,41,1,588,42000,High Risk,0.2497
GIG-12932,Ola,Tier 2,23141.57,0.667,23.72,42,0.787,3.56,0.389,0.6,0.02,49,0,667,57000,Moderate Risk,0.0795
GIG-12933,Ola,Tier 2,11000.0,0.439,16.94,41,0.938,4.78,0.317,0.653,0.02,14,0,598,24000,High Risk,0.2757
GIG-12934,Zepto,Tier 1,25282.2,0.425,4.45,33,0.804,3.69,0.197,0.3,0.425,4,0,647,60000,Moderate Risk,0.0696
GIG-12935,Urban Company,Tier 2,28676.59,0.22,4.39,34,0.945,4.8,0.409,0.614,0.02,18,0,589,62000,High Risk,0.1823
GIG-12936,Porter,Tier 1,32608.27,0.387,10.13,46,0.962,3.69,0.123,0.454,0.286,26,0,645,77000,Moderate Risk,0.1197
GIG-12937,Porter,Tier 1,43493.51,0.791,13.85,39,0.853,4.48,0.405,0.543,0.02,3,1,644,103000,Moderate Risk,0.1083
GIG-12938,Porter,Tier 1,24344.51,0.029,-4.63,37,0.854,4.39,0.315,0.419,0.121,58,0,535,48000,Very High Risk,0.586
GIG-12939,Blinkit,Tier 3,29823.62,0.873,12.52,52,0.83,4.02,0.121,0.336,0.48,28,0,745,81000,Low Risk,0.0417
GIG-12940,Ola,Tier 3,40958.13,0.57,-1.72,72,0.963,3.61,0.317,0.345,0.206,27,1,643,97000,Moderate Risk,0.1218
GIG-12941,Zepto,Tier 3,28380.56,0.546,-11.33,63,0.781,3.94,0.38,0.471,0.057,41,0,593,62000,High Risk,0.2252
GIG-12942,Urban Company,Tier 1,13266.55,0.299,9.14,41,0.798,4.16,0.192,0.515,0.213,9,0,588,29000,High Risk,0.2211
GIG-12943,Zomato,Tier 1,30571.83,0.777,4.85,33,0.934,4.47,0.256,0.592,0.039,24,0,661,74000,Moderate Risk,0.0876
GIG-12944,Ola,Tier 2,19969.72,0.395,0.18,59,0.826,3.67,0.124,0.471,0.321,25,0,597,44000,High Risk,0.2432
GIG-12945,Zomato,Tier 1,18468.74,0.109,-1.55,52,0.809,4.28,0.182,0.45,0.24,19,0,571,39000,High Risk,0.1939
GIG-12946,Zepto,Tier 2,36233.18,0.827,24.09,48,0.878,3.6,0.398,0.578,0.02,28,0,696,92000,Moderate Risk,0.0706
GIG-12947,Blinkit,Tier 1,27668.04,0.15,11.95,45,0.972,3.58,0.178,0.57,0.11,60,0,582,59000,High Risk,0.1889
GIG-12948,Zomato,Tier 3,25193.98,0.032,-0.33,44,0.902,3.98,0.353,0.488,0.035,14,2,446,41000,Very High Risk,0.3718
GIG-12949,Urban Company,Tier 1,20195.92,0.691,11.13,28,0.783,4.21,0.308,0.461,0.174,35,0,653,48000,Moderate Risk,0.1155
GIG-12950,Porter,Tier 2,47894.48,0.906,9.73,45,0.978,4.98,0.15,0.543,0.216,59,0,770,135000,Low Risk,0.0383
GIG-12951,Porter,Tier 1,27146.84,0.322,12.03,42,0.96,4.28,0.323,0.58,0.02,8,0,607,60000,High Risk,0.202
GIG-12952,Blinkit,Tier 3,42140.9,0.495,-6.59,41,0.838,3.87,0.134,0.484,0.28,36,0,681,105000,Moderate Risk,0.063
GIG-12953,Zepto,Tier 1,27112.86,0.507,-7.76,48,0.833,4.66,0.29,0.426,0.158,19,0,619,62000,High Risk,0.2829
GIG-12954,Swiggy,Tier 2,11000.0,0.804,9.12,43,0.955,4.34,0.289,0.322,0.274,5,0,674,27000,Moderate Risk,0.0636
GIG-12955,Uber,Tier 2,30895.11,0.571,20.25,48,0.803,4.16,0.419,0.576,0.02,58,0,647,73000,Moderate Risk,0.0847
GIG-12956,Urban Company,Tier 3,27306.94,0.613,5.54,42,0.929,4.09,0.175,0.422,0.287,26,0,654,65000,Moderate Risk,0.1274
GIG-12957,Zepto,Tier 2,33676.92,0.836,-4.66,52,0.932,4.53,0.346,0.666,0.02,60,0,676,83000,Moderate Risk,0.1059
GIG-12958,Urban Company,Tier 3,35911.23,0.816,18.99,40,0.852,4.7,0.152,0.584,0.166,56,0,718,95000,Moderate Risk,0.0982
GIG-12959,Urban Company,Tier 3,28760.95,0.459,-8.53,64,0.8,4.69,0.177,0.483,0.22,23,2,539,57000,Very High Risk,0.569
GIG-12960,Zepto,Tier 1,22961.09,0.563,-7.85,49,0.843,3.66,0.122,0.396,0.38,23,0,648,55000,Moderate Risk,0.0985
GIG-12961,Porter,Tier 1,21925.82,0.509,-2.82,54,0.978,4.81,0.335,0.431,0.156,38,0,629,51000,High Risk,0.1747
GIG-12962,Porter,Tier 1,25829.16,0.322,8.84,46,0.799,3.66,0.238,0.489,0.203,15,0,624,59000,High Risk,0.2222
GIG-12963,Uber,Tier 1,27574.2,0.177,0.01,53,0.981,3.94,0.253,0.602,0.064,17,0,551,56000,High Risk,0.1747
GIG-12964,Uber,Tier 1,11000.0,0.279,9.91,67,0.826,3.68,0.302,0.629,0.02,33,0,547,22000,Very High Risk,0.5725
GIG-12965,Urban Company,Tier 1,13649.63,0.528,-3.23,36,0.977,4.1,0.279,0.59,0.044,48,0,594,30000,High Risk,0.2021
GIG-12966,Porter,Tier 2,37625.21,0.776,8.74,46,0.818,4.27,0.329,0.392,0.154,10,1,645,89000,Moderate Risk,0.1243
GIG-12967,Porter,Tier 1,34121.52,0.665,15.62,42,0.814,4.64,0.153,0.307,0.39,31,0,745,93000,Low Risk,0.0428
GIG-12968,Blinkit,Tier 3,27153.78,0.794,-4.93,34,0.859,3.91,0.195,0.442,0.275,38,0,677,67000,Moderate Risk,0.1289
GIG-12969,Porter,Tier 2,23545.65,0.336,10.62,35,0.983,4.61,0.292,0.58,0.055,34,0,587,51000,High Risk,0.1973
GIG-12970,Swiggy,Tier 3,22421.29,0.474,-2.1,29,0.796,4.57,0.333,0.439,0.122,58,0,622,51000,High Risk,0.2821
GIG-12971,Uber,Tier 1,25951.56,0.133,26.44,54,0.975,3.6,0.232,0.675,0.021,25,1,555,53000,High Risk,0.1708
GIG-12972,Swiggy,Tier 1,22206.76,0.243,-5.51,38,0.863,4.54,0.156,0.492,0.275,58,0,605,49000,High Risk,0.2853
GIG-12973,Urban Company,Tier 1,17395.63,0.454,24.99,50,0.859,4.48,0.274,0.314,0.277,56,2,582,37000,High Risk,0.25
GIG-12974,Uber,Tier 3,13667.71,0.106,22.0,37,0.983,3.62,0.236,0.648,0.02,35,2,462,23000,Very High Risk,0.5631
GIG-12975,Urban Company,Tier 3,32241.47,0.833,11.02,60,0.841,4.39,0.145,0.302,0.463,60,1,704,83000,Moderate Risk,0.1294
GIG-12976,Ola,Tier 3,38324.18,0.643,9.52,33,0.82,4.21,0.182,0.373,0.37,3,0,701,99000,Moderate Risk,0.1158
GIG-12977,Uber,Tier 2,36804.26,0.651,3.22,52,0.886,4.61,0.361,0.669,0.02,7,0,653,88000,Moderate Risk,0.0935
GIG-12978,Ola,Tier 2,30720.96,0.724,7.79,38,0.971,4.33,0.299,0.515,0.132,46,0,682,77000,Moderate Risk,0.0749
GIG-12979,Swiggy,Tier 2,26536.3,0.743,-3.42,40,0.952,4.16,0.292,0.519,0.081,4,0,619,60000,High Risk,0.2607
GIG-12980,Urban Company,Tier 3,34416.73,0.937,-4.11,54,0.973,3.92,0.419,0.485,0.043,46,0,656,83000,Moderate Risk,0.0689
GIG-12981,Swiggy,Tier 2,18607.67,0.116,5.33,53,0.911,3.56,0.288,0.447,0.123,26,1,514,35000,Very High Risk,0.5792
GIG-12982,Swiggy,Tier 2,33207.29,0.892,-15.8,47,0.926,4.27,0.408,0.443,0.027,12,1,616,75000,High Risk,0.2287
GIG-12983,Zomato,Tier 1,21454.33,0.188,18.17,34,0.803,3.7,0.241,0.508,0.119,32,0,579,46000,High Risk,0.2692
GIG-12984,Porter,Tier 2,29698.12,0.398,1.28,44,0.832,4.09,0.416,0.439,0.024,43,0,584,64000,High Risk,0.2107
GIG-12985,Urban Company,Tier 3,31429.93,0.392,16.63,57,0.906,4.14,0.385,0.379,0.15,45,0,638,74000,High Risk,0.2083
GIG-12986,Zomato,Tier 2,27993.53,0.368,-8.04,45,0.92,3.82,0.152,0.541,0.171,5,0,599,61000,High Risk,0.2386
GIG-12987,Porter,Tier 2,20081.05,0.706,21.81,29,0.87,4.42,0.188,0.6,0.11,49,1,632,47000,High Risk,0.3194
GIG-12988,Uber,Tier 1,16737.3,0.194,-10.36,31,0.85,4.95,0.25,0.571,0.066,58,0,567,35000,High Risk,0.2996
GIG-12989,Zomato,Tier 3,36312.14,0.847,-8.76,64,0.813,4.66,0.216,0.548,0.175,21,0,704,94000,Moderate Risk,0.1119
GIG-12990,Blinkit,Tier 1,32818.09,0.747,14.85,26,0.874,4.51,0.33,0.311,0.232,50,0,720,87000,Moderate Risk,0.1045
GIG-12991,Swiggy,Tier 3,22665.65,0.135,18.28,52,0.908,4.65,0.263,0.392,0.252,41,0,602,50000,High Risk,0.2165
GIG-12992,Zepto,Tier 1,33410.36,0.639,4.76,37,0.814,4.91,0.418,0.619,0.02,28,2,568,70000,High Risk,0.1724
GIG-12993,Urban Company,Tier 1,26673.58,0.433,5.97,47,0.955,4.62,0.168,0.559,0.208,18,1,610,60000,High Risk,0.1632
GIG-12994,Zepto,Tier 1,27755.25,0.235,3.28,63,0.98,3.65,0.167,0.504,0.237,4,0,601,61000,High Risk,0.2094
GIG-12995,Ola,Tier 1,35955.78,0.653,-5.97,32,0.855,4.1,0.225,0.636,0.02,27,0,658,87000,Moderate Risk,0.1066
GIG-12996,Zepto,Tier 2,29454.91,0.392,0.37,20,0.861,4.39,0.228,0.39,0.272,44,0,626,68000,High Risk,0.1528
GIG-12997,Uber,Tier 1,11000.0,0.456,3.34,33,0.899,3.72,0.415,0.688,0.02,22,0,561,23000,High Risk,0.2352
GIG-12998,Porter,Tier 2,27334.76,0.51,2.02,52,0.86,4.81,0.288,0.549,0.057,50,1,565,57000,High Risk,0.1627
GIG-12999,Urban Company,Tier 3,29455.05,0.673,-3.71,47,0.842,4.46,0.356,0.309,0.282,41,0,662,71000,Moderate Risk,0.1157
GIG-13000,Uber,Tier 2,23970.25,0.469,1.3,53,0.906,4.83,0.146,0.386,0.331,45,1,590,52000,High Risk,0.1884
GIG-13001,Swiggy,Tier 2,29606.91,0.283,0.47,40,0.795,4.55,0.165,0.671,0.072,35,0,622,68000,High Risk,0.1957
GIG-13002,Ola,Tier 2,24735.47,0.547,-7.87,44,0.971,4.38,0.335,0.637,0.02,31,1,548,50000,Very High Risk,0.5772
GIG-13003,Zepto,Tier 2,21101.03,0.574,12.87,60,0.989,3.57,0.406,0.329,0.169,20,0,604,47000,High Risk,0.2037
GIG-13004,Zepto,Tier 1,37723.05,0.73,-1.24,44,0.83,4.92,0.192,0.593,0.087,51,0,704,97000,Moderate Risk,0.1152
GIG-13005,Zepto,Tier 2,17463.73,0.444,12.87,37,0.922,3.77,0.391,0.621,0.02,42,0,541,35000,Very High Risk,0.6605
GIG-13006,Uber,Tier 2,29035.76,0.684,-24.09,44,0.875,3.9,0.342,0.423,0.113,43,0,602,64000,High Risk,0.196
GIG-13007,Zepto,Tier 1,24030.13,0.641,-4.83,47,0.816,3.66,0.384,0.478,0.072,5,0,599,53000,High Risk,0.1583
GIG-13008,Blinkit,Tier 2,43076.84,0.369,-2.4,30,0.883,4.12,0.414,0.667,0.02,46,0,610,96000,High Risk,0.2614
GIG-13009,Ola,Tier 3,23553.02,0.412,2.35,61,0.849,4.29,0.122,0.464,0.308,46,0,635,55000,High Risk,0.2312
GIG-13010,Uber,Tier 2,28067.74,0.58,2.33,23,0.967,4.83,0.187,0.601,0.152,36,0,653,67000,Moderate Risk,0.1269
GIG-13011,Swiggy,Tier 2,37624.48,0.665,6.72,45,0.97,3.98,0.214,0.4,0.285,32,0,690,95000,Moderate Risk,0.1179
GIG-13012,Zepto,Tier 1,18750.49,0.614,0.98,39,0.91,4.23,0.266,0.429,0.254,54,0,636,44000,High Risk,0.2302
GIG-13013,Porter,Tier 2,43030.78,0.592,-12.59,54,0.942,3.58,0.289,0.467,0.158,12,2,556,88000,High Risk,0.2414
GIG-13014,Uber,Tier 3,26144.06,0.242,13.14,33,0.859,4.01,0.304,0.332,0.304,60,0,622,60000,High Risk,0.2772
GIG-13015,Urban Company,Tier 1,20651.77,0.299,3.63,59,0.949,4.08,0.127,0.624,0.155,36,1,563,43000,High Risk,0.3052
GIG-13016,Zepto,Tier 2,28553.36,0.258,17.25,58,0.9,4.17,0.319,0.314,0.306,39,0,640,67000,Moderate Risk,0.0941
GIG-13017,Zomato,Tier 3,30742.0,0.847,8.51,56,0.911,3.89,0.171,0.344,0.42,7,1,670,76000,Moderate Risk,0.1338
GIG-13018,Zomato,Tier 3,28038.69,0.405,16.98,62,0.901,4.55,0.33,0.335,0.256,9,1,630,65000,High Risk,0.268
GIG-13019,Zepto,Tier 2,35157.87,0.916,-1.42,41,0.976,4.87,0.333,0.657,0.02,9,0,719,93000,Moderate Risk,0.0937
GIG-13020,Porter,Tier 3,26526.27,0.402,-4.78,25,0.954,4.95,0.402,0.549,0.02,49,0,587,57000,High Risk,0.2545
GIG-13021,Urban Company,Tier 2,31602.11,0.514,9.64,46,0.941,3.78,0.341,0.651,0.02,19,0,612,71000,High Risk,0.155
GIG-13022,Swiggy,Tier 3,42455.26,0.428,16.17,52,0.925,4.19,0.151,0.399,0.345,4,1,654,102000,Moderate Risk,0.0677
GIG-13023,Swiggy,Tier 3,31435.38,0.706,0.91,53,0.891,4.52,0.174,0.585,0.126,45,0,675,78000,Moderate Risk,0.1136
GIG-13024,Porter,Tier 1,31490.14,0.48,7.69,47,0.784,4.04,0.132,0.39,0.39,53,1,633,73000,High Risk,0.2524
GIG-13025,Uber,Tier 2,17689.61,0.697,14.16,45,0.987,4.4,0.286,0.573,0.062,5,0,635,41000,High Risk,0.2002
GIG-13026,Swiggy,Tier 2,24461.21,0.63,-0.93,40,0.931,4.96,0.29,0.405,0.218,59,0,653,59000,Moderate Risk,0.1161
GIG-13027,Urban Company,Tier 2,31022.42,0.656,17.39,30,0.969,3.98,0.362,0.451,0.061,40,0,661,75000,Moderate Risk,0.1211
GIG-13028,Porter,Tier 3,27694.5,0.079,6.15,44,0.959,4.46,0.138,0.43,0.326,31,0,598,61000,High Risk,0.2864
GIG-13029,Urban Company,Tier 2,18492.5,0.556,16.71,40,0.955,4.9,0.409,0.473,0.02,58,1,585,40000,High Risk,0.1947
GIG-13030,Uber,Tier 1,27364.47,0.093,10.53,38,0.898,4.46,0.312,0.591,0.02,14,2,482,48000,Very High Risk,0.5178
GIG-13031,Swiggy,Tier 3,40124.26,0.863,8.45,58,0.903,3.56,0.198,0.531,0.15,41,1,668,98000,Moderate Risk,0.1374
GIG-13032,Urban Company,Tier 3,27348.02,0.369,4.55,40,0.906,4.71,0.389,0.683,0.02,9,0,627,63000,High Risk,0.3437
GIG-13033,Zepto,Tier 3,27771.72,0.533,18.22,44,0.881,4.51,0.155,0.341,0.364,4,0,679,69000,Moderate Risk,0.0862
GIG-13034,Zomato,Tier 2,24526.86,0.424,-0.41,43,0.856,4.94,0.341,0.609,0.02,10,0,608,55000,High Risk,0.2127
GIG-13035,Zomato,Tier 1,29975.12,0.366,-19.1,47,0.957,3.94,0.238,0.329,0.371,44,0,610,67000,High Risk,0.1501
GIG-13036,Porter,Tier 2,11000.0,0.361,19.36,50,0.952,4.49,0.331,0.553,0.02,47,2,482,19000,Very High Risk,0.3917
GIG-13037,Zepto,Tier 3,21406.78,0.217,-13.29,24,0.909,4.63,0.225,0.552,0.153,50,0,576,45000,High Risk,0.3292
GIG-13038,Porter,Tier 2,28941.65,0.303,1.04,44,0.854,4.44,0.231,0.671,0.02,42,0,586,62000,High Risk,0.2976
GIG-13039,Blinkit,Tier 3,27113.75,0.228,13.54,54,0.918,4.84,0.303,0.306,0.279,46,0,630,63000,High Risk,0.2802
GIG-13040,Zepto,Tier 2,22179.42,0.446,19.75,61,0.844,3.77,0.18,0.371,0.318,8,0,637,52000,High Risk,0.2926
GIG-13041,Uber,Tier 1,22313.67,0.221,9.92,41,0.816,4.98,0.362,0.482,0.031,3,0,613,50000,High Risk,0.2797
GIG-13042,Ola,Tier 1,40673.46,0.833,7.65,51,0.92,4.8,0.37,0.438,0.071,55,0,722,108000,Moderate Risk,0.0819
GIG-13043,Zomato,Tier 3,27528.29,0.499,23.32,57,0.872,4.25,0.418,0.683,0.02,15,0,650,66000,Moderate Risk,0.0939
GIG-13044,Zomato,Tier 1,25521.1,0.303,22.66,39,0.961,4.4,0.172,0.654,0.067,33,0,653,61000,Moderate Risk,0.0961
GIG-13045,Uber,Tier 3,25278.0,0.229,-10.33,45,0.827,3.91,0.133,0.365,0.41,18,0,569,53000,High Risk,0.2035
GIG-13046,Zepto,Tier 3,16486.09,0.7,7.26,46,0.964,3.68,0.316,0.303,0.268,57,0,677,41000,Moderate Risk,0.1194
GIG-13047,Ola,Tier 1,25884.93,0.437,4.65,59,0.926,4.24,0.413,0.674,0.02,22,0,582,55000,High Risk,0.2308
GIG-13048,Porter,Tier 1,26720.65,0.419,5.13,59,0.823,4.24,0.373,0.474,0.02,33,0,570,56000,High Risk,0.1522
GIG-13049,Zepto,Tier 1,27247.71,0.362,0.29,53,0.896,4.51,0.183,0.67,0.023,10,0,595,59000,High Risk,0.3489
GIG-13050,Uber,Tier 1,38989.77,0.884,-1.2,56,0.976,4.05,0.132,0.555,0.227,50,0,719,103000,Moderate Risk,0.1352
GIG-13051,Porter,Tier 2,32641.23,0.646,6.09,40,0.843,4.52,0.205,0.315,0.357,33,0,723,87000,Moderate Risk,0.1162
GIG-13052,Zomato,Tier 2,30231.98,0.903,12.36,49,0.957,4.02,0.418,0.311,0.122,40,0,706,78000,Moderate Risk,0.0795
GIG-13053,Ola,Tier 1,26765.77,0.701,-1.49,18,0.837,4.31,0.166,0.429,0.284,21,1,616,60000,High Risk,0.2857
GIG-13054,Zepto,Tier 1,29233.96,0.269,16.56,50,0.916,3.83,0.205,0.566,0.133,24,0,613,66000,High Risk,0.2901
GIG-13055,Zomato,Tier 1,36078.31,0.908,3.28,18,0.842,3.57,0.395,0.305,0.222,43,0,705,93000,Moderate Risk,0.0969
GIG-13056,Zepto,Tier 2,12798.3,0.348,15.55,51,0.838,4.49,0.326,0.583,0.02,57,0,582,27000,High Risk,0.1625
GIG-13057,Porter,Tier 3,15248.0,0.573,-3.97,36,0.83,4.73,0.416,0.514,0.02,40,1,543,30000,Very High Risk,0.571
GIG-13058,Urban Company,Tier 1,46598.96,0.69,-3.44,48,0.969,4.42,0.338,0.437,0.083,34,0,689,118000,Moderate Risk,0.1333
GIG-13059,Zepto,Tier 2,28980.73,0.159,3.82,35,0.895,3.64,0.177,0.515,0.162,35,0,575,61000,High Risk,0.2482
GIG-13060,Porter,Tier 1,36020.46,0.8,2.07,27,0.98,4.34,0.329,0.335,0.198,48,0,694,92000,Moderate Risk,0.1146
GIG-13061,Zomato,Tier 3,34408.73,0.627,24.78,37,0.831,4.23,0.258,0.513,0.161,4,0,677,85000,Moderate Risk,0.1069
GIG-13062,Zepto,Tier 3,20932.02,0.348,-11.1,60,0.84,3.75,0.185,0.561,0.115,23,0,540,41000,Very High Risk,0.4697
GIG-13063,Swiggy,Tier 2,23999.97,0.709,-3.56,50,0.938,3.77,0.288,0.331,0.326,60,0,646,57000,Moderate Risk,0.0871
GIG-13064,Zepto,Tier 2,22852.24,0.153,10.82,39,0.955,4.96,0.253,0.448,0.179,10,0,599,50000,High Risk,0.2959
GIG-13065,Porter,Tier 3,25746.84,0.582,-5.05,43,0.832,3.83,0.169,0.487,0.199,44,0,604,57000,High Risk,0.3356
GIG-13066,Blinkit,Tier 2,29953.48,0.49,-6.53,70,0.953,4.64,0.23,0.499,0.158,47,0,618,68000,High Risk,0.3266
GIG-13067,Zepto,Tier 1,21347.57,0.813,-3.75,50,0.952,4.66,0.371,0.41,0.124,13,0,638,50000,High Risk,0.1773
GIG-13068,Urban Company,Tier 3,26637.47,0.052,-12.29,37,0.93,4.17,0.328,0.305,0.316,15,0,543,53000,Very High Risk,0.4659
GIG-13069,Porter,Tier 2,32175.69,0.757,1.13,42,0.982,3.87,0.419,0.37,0.159,31,1,587,69000,High Risk,0.2527
GIG-13070,Ola,Tier 3,35905.97,0.934,4.16,53,0.821,3.95,0.38,0.453,0.061,17,2,620,82000,High Risk,0.1997
GIG-13071,Blinkit,Tier 3,37158.85,0.369,1.77,43,0.86,3.72,0.374,0.67,0.02,57,0,605,82000,High Risk,0.1773
GIG-13072,Porter,Tier 1,27294.35,0.507,3.24,37,0.89,4.06,0.281,0.641,0.02,59,1,570,57000,High Risk,0.3034
GIG-13073,Urban Company,Tier 3,20615.9,0.466,-1.08,32,0.942,4.89,0.284,0.571,0.068,48,3,486,37000,Very High Risk,0.4531
GIG-13074,Zepto,Tier 2,34811.09,0.762,8.06,45,0.957,4.77,0.371,0.386,0.15,56,0,689,88000,Moderate Risk,0.1134
GIG-13075,Blinkit,Tier 2,37992.35,0.331,12.74,52,0.817,4.48,0.389,0.304,0.159,54,0,633,88000,High Risk,0.1523
GIG-13076,Uber,Tier 3,31503.77,0.772,9.63,44,0.838,4.72,0.342,0.549,0.02,16,1,649,75000,Moderate Risk,0.0781
GIG-13077,Urban Company,Tier 3,25602.3,0.387,-8.5,50,0.897,3.83,0.385,0.441,0.122,50,3,449,42000,Very High Risk,0.6528
GIG-13078,Swiggy,Tier 3,25864.02,0.077,11.84,55,0.931,4.91,0.382,0.368,0.105,33,0,590,56000,High Risk,0.3483
GIG-13079,Uber,Tier 1,35370.13,0.857,15.66,44,0.94,4.2,0.184,0.641,0.057,15,0,712,92000,Moderate Risk,0.1033
GIG-13080,Uber,Tier 3,38434.56,0.815,15.26,38,0.905,4.57,0.375,0.345,0.197,34,0,732,103000,Moderate Risk,0.1161
GIG-13081,Swiggy,Tier 2,20658.63,0.45,7.7,47,0.871,4.28,0.124,0.678,0.09,34,0,615,47000,High Risk,0.1589
GIG-13082,Urban Company,Tier 1,30652.35,0.904,6.94,31,0.962,4.66,0.405,0.3,0.199,16,4,531,60000,Very High Risk,0.6358
GIG-13083,Zomato,Tier 1,31245.41,0.701,10.73,34,0.959,4.65,0.317,0.622,0.02,25,1,605,69000,High Risk,0.1968
GIG-13084,Urban Company,Tier 2,19899.68,0.533,-13.31,31,0.988,3.9,0.416,0.675,0.02,46,0,562,41000,High Risk,0.2891
GIG-13085,Uber,Tier 1,26506.82,0.551,18.85,39,0.912,3.97,0.14,0.657,0.053,55,0,645,63000,Moderate Risk,0.1196
GIG-13086,Zomato,Tier 1,26560.98,0.26,-1.13,58,0.837,4.59,0.228,0.327,0.378,24,0,584,57000,High Risk,0.2372
GIG-13087,Zepto,Tier 1,26275.12,0.398,5.14,33,0.885,3.82,0.168,0.397,0.378,42,0,659,63000,Moderate Risk,0.1152
GIG-13088,Ola,Tier 1,33765.9,0.821,2.64,59,0.959,4.1,0.341,0.567,0.02,38,0,688,85000,Moderate Risk,0.0664
GIG-13089,Ola,Tier 2,30411.44,0.969,0.77,39,0.877,4.79,0.275,0.561,0.071,19,1,642,72000,Moderate Risk,0.113
GIG-13090,Blinkit,Tier 2,27608.83,0.18,7.58,44,0.803,4.51,0.39,0.669,0.02,52,0,566,57000,High Risk,0.3488
GIG-13091,Zomato,Tier 3,33881.28,0.585,3.15,33,0.803,4.91,0.246,0.559,0.054,20,1,620,77000,High Risk,0.2634
GIG-13092,Uber,Tier 3,41862.1,0.763,5.6,49,0.83,3.95,0.257,0.599,0.092,58,0,660,101000,Moderate Risk,0.1045
GIG-13093,Swiggy,Tier 3,45187.57,0.923,-1.87,26,0.817,3.66,0.402,0.665,0.02,6,0,677,112000,Moderate Risk,0.0859
GIG-13094,Porter,Tier 2,18063.69,0.512,26.62,56,0.935,4.53,0.232,0.61,0.02,56,0,626,41000,High Risk,0.2316
GIG-13095,Swiggy,Tier 1,31749.21,0.711,12.58,44,0.792,4.16,0.335,0.469,0.146,53,0,665,77000,Moderate Risk,0.0654
GIG-13096,Swiggy,Tier 3,33402.42,0.643,11.18,29,0.974,3.95,0.185,0.51,0.236,5,0,688,84000,Moderate Risk,0.1012
GIG-13097,Swiggy,Tier 1,35230.31,0.751,-2.33,46,0.867,3.66,0.184,0.415,0.272,43,0,684,88000,Moderate Risk,0.0767
GIG-13098,Swiggy,Tier 1,29310.5,0.521,0.93,31,0.962,3.9,0.308,0.615,0.02,26,0,580,62000,High Risk,0.2838
GIG-13099,Uber,Tier 3,30424.55,0.741,2.92,29,0.89,4.92,0.135,0.584,0.15,21,1,631,70000,High Risk,0.2634
GIG-13100,Porter,Tier 3,21539.46,0.33,0.97,61,0.842,3.7,0.16,0.381,0.397,34,0,602,48000,High Risk,0.2658
GIG-13101,Swiggy,Tier 1,21600.2,0.315,-10.24,21,0.926,4.38,0.143,0.425,0.284,44,0,590,47000,High Risk,0.2348
GIG-13102,Blinkit,Tier 2,29780.86,0.363,-4.36,30,0.927,4.08,0.315,0.435,0.144,55,0,597,65000,High Risk,0.2249
GIG-13103,Uber,Tier 1,11000.0,0.384,4.89,42,0.819,4.08,0.182,0.647,0.064,57,0,554,22000,High Risk,0.3075
GIG-13104,Ola,Tier 2,18992.65,0.16,-3.6,60,0.829,4.73,0.223,0.486,0.152,29,1,511,36000,Very High Risk,0.6839
GIG-13105,Zomato,Tier 1,19996.21,0.206,4.82,48,0.951,3.68,0.41,0.372,0.166,56,0,569,42000,High Risk,0.2924
GIG-13106,Porter,Tier 2,20501.38,0.542,15.92,55,0.969,3.55,0.157,0.302,0.442,21,0,669,50000,Moderate Risk,0.1037
GIG-13107,Uber,Tier 1,19621.47,0.675,16.29,55,0.893,3.81,0.308,0.344,0.25,20,0,633,46000,High Risk,0.2598
GIG-13108,Blinkit,Tier 3,21135.6,0.411,-18.53,49,0.877,3.89,0.248,0.409,0.231,51,1,541,42000,Very High Risk,0.5362
GIG-13109,Zepto,Tier 2,31987.83,0.809,3.77,32,0.892,4.44,0.188,0.337,0.398,43,0,734,86000,Moderate Risk,0.0656
GIG-13110,Ola,Tier 1,25989.53,0.322,11.79,43,0.968,4.29,0.255,0.677,0.02,51,0,600,57000,High Risk,0.3372
GIG-13111,Zepto,Tier 1,43801.25,0.932,1.03,61,0.908,3.76,0.31,0.572,0.044,11,0,703,113000,Moderate Risk,0.0907
GIG-13112,Zepto,Tier 2,20192.08,0.273,-5.55,48,0.821,4.58,0.311,0.609,0.02,29,0,565,42000,High Risk,0.2789
GIG-13113,Porter,Tier 3,20962.79,0.063,-8.07,48,0.935,4.96,0.343,0.503,0.063,53,0,537,41000,Very High Risk,0.5936
GIG-13114,Blinkit,Tier 1,37734.55,0.763,-9.82,38,0.855,4.56,0.123,0.486,0.307,31,1,675,93000,Moderate Risk,0.1233
GIG-13115,Uber,Tier 1,34804.76,0.877,6.86,47,0.79,4.24,0.234,0.574,0.138,48,0,676,86000,Moderate Risk,0.1218
GIG-13116,Swiggy,Tier 1,31165.14,0.943,11.31,46,0.959,4.79,0.299,0.332,0.228,24,0,732,84000,Moderate Risk,0.1014
GIG-13117,Blinkit,Tier 2,27286.85,0.703,-8.98,37,0.889,3.51,0.201,0.647,0.081,52,0,616,62000,High Risk,0.1999
GIG-13118,Uber,Tier 2,30565.88,0.908,-7.26,43,0.941,3.57,0.218,0.388,0.252,6,0,683,77000,Moderate Risk,0.1063
GIG-13119,Zepto,Tier 1,27205.32,0.237,14.08,57,0.925,3.63,0.373,0.372,0.188,45,0,586,58000,High Risk,0.1867
GIG-13120,Uber,Tier 3,25186.89,0.301,-5.22,58,0.865,4.62,0.312,0.444,0.151,6,0,576,53000,High Risk,0.257
GIG-13121,Urban Company,Tier 2,24117.31,0.519,-6.49,34,0.864,3.92,0.171,0.606,0.133,28,1,544,48000,Very High Risk,0.6601
GIG-13122,Urban Company,Tier 3,23238.51,0.555,-4.47,57,0.898,4.45,0.184,0.537,0.183,50,0,639,54000,High Risk,0.2321
GIG-13123,Blinkit,Tier 2,19027.83,0.238,5.57,56,0.789,4.25,0.375,0.302,0.245,3,2,496,35000,Very High Risk,0.3877
GIG-13124,Urban Company,Tier 3,29366.33,0.733,-0.96,50,0.895,4.03,0.319,0.377,0.208,42,0,647,70000,Moderate Risk,0.0967
GIG-13125,Uber,Tier 3,39842.37,0.538,7.88,25,0.944,3.71,0.274,0.51,0.068,28,4,484,71000,Very High Risk,0.6317
GIG-13126,Porter,Tier 3,48691.35,0.468,12.06,42,0.893,3.68,0.231,0.335,0.288,16,1,636,114000,High Risk,0.2741
GIG-13127,Porter,Tier 3,23105.18,0.102,6.48,42,0.93,4.82,0.346,0.51,0.083,25,1,518,44000,Very High Risk,0.3959
GIG-13128,Zepto,Tier 1,17415.37,0.115,-2.18,45,0.883,3.66,0.293,0.628,0.02,59,1,471,30000,Very High Risk,0.5902
GIG-13129,Urban Company,Tier 1,26091.99,0.127,1.1,47,0.822,3.94,0.371,0.624,0.02,5,0,523,50000,Very High Risk,0.5518
GIG-13130,Blinkit,Tier 2,22066.55,0.635,15.1,48,0.927,4.56,0.415,0.373,0.114,49,1,582,47000,High Risk,0.2623
GIG-13131,Uber,Tier 3,26568.32,0.608,9.28,40,0.882,4.92,0.298,0.642,0.02,37,0,642,63000,Moderate Risk,0.073
GIG-13132,Urban Company,Tier 1,34690.77,0.633,-5.76,35,0.806,4.32,0.227,0.438,0.276,8,3,567,72000,High Risk,0.2952
GIG-13133,Urban Company,Tier 3,31415.35,0.629,15.67,29,0.979,4.62,0.208,0.55,0.133,24,1,606,70000,High Risk,0.1691
GIG-13134,Uber,Tier 1,19750.99,0.721,17.08,38,0.936,3.7,0.316,0.324,0.277,4,3,543,39000,Very High Risk,0.4011
GIG-13135,Urban Company,Tier 1,22436.48,0.575,-6.14,42,0.909,4.94,0.301,0.431,0.136,56,0,619,51000,High Risk,0.3263
GIG-13136,Urban Company,Tier 3,29301.42,0.16,-8.73,32,0.793,4.92,0.361,0.604,0.02,30,0,545,59000,Very High Risk,0.4214
GIG-13137,Swiggy,Tier 3,37131.3,0.914,4.16,58,0.931,3.6,0.332,0.354,0.255,6,0,710,97000,Moderate Risk,0.0662
GIG-13138,Blinkit,Tier 2,26857.83,0.544,5.57,41,0.81,4.38,0.252,0.39,0.298,43,0,675,66000,Moderate Risk,0.1121
GIG-13139,Blinkit,Tier 1,38355.27,0.727,-14.62,45,0.849,3.66,0.25,0.556,0.091,6,0,634,89000,High Risk,0.2658
GIG-13140,Swiggy,Tier 2,22394.04,0.316,-11.41,51,0.938,3.78,0.394,0.466,0.089,22,0,560,46000,High Risk,0.2708
GIG-13141,Zomato,Tier 2,17935.27,0.667,22.51,49,0.804,4.53,0.289,0.687,0.02,24,0,664,44000,Moderate Risk,0.0708
GIG-13142,Ola,Tier 3,44083.98,0.554,9.82,41,0.782,3.55,0.309,0.689,0.02,40,0,658,106000,Moderate Risk,0.0657
GIG-13143,Ola,Tier 2,22720.51,0.355,-2.13,48,0.877,4.91,0.199,0.337,0.36,22,0,605,50000,High Risk,0.2327
GIG-13144,Urban Company,Tier 3,29475.34,0.351,12.06,36,0.967,4.19,0.166,0.617,0.105,53,1,586,63000,High Risk,0.3155
GIG-13145,Uber,Tier 3,18886.52,0.327,6.24,47,0.798,3.81,0.284,0.353,0.288,27,2,490,34000,Very High Risk,0.597
GIG-13146,Ola,Tier 1,33787.51,0.936,17.01,31,0.908,4.6,0.281,0.587,0.04,23,1,665,82000,Moderate Risk,0.1068
GIG-13147,Ola,Tier 2,29275.89,0.351,10.0,42,0.792,3.85,0.296,0.319,0.335,32,0,643,69000,Moderate Risk,0.0963
GIG-13148,Swiggy,Tier 1,24183.26,0.492,-3.08,39,0.958,3.66,0.277,0.379,0.273,48,0,583,52000,High Risk,0.2419
GIG-13149,Zepto,Tier 2,36717.4,0.933,11.4,51,0.783,4.62,0.376,0.542,0.02,8,1,675,91000,Moderate Risk,0.1005
GIG-13150,Swiggy,Tier 1,32278.49,0.776,13.19,33,0.879,3.89,0.297,0.614,0.02,30,0,648,77000,Moderate Risk,0.1138
GIG-13151,Uber,Tier 2,11842.22,0.736,-8.13,45,0.932,4.18,0.186,0.35,0.4,16,0,654,28000,Moderate Risk,0.1042
GIG-13152,Porter,Tier 1,27974.48,0.292,-8.97,32,0.915,4.32,0.336,0.677,0.02,26,0,547,56000,Very High Risk,0.6181
GIG-13153,Zepto,Tier 3,39912.47,0.835,-2.87,46,0.937,4.01,0.26,0.536,0.147,38,0,688,101000,Moderate Risk,0.1021
GIG-13154,Zepto,Tier 2,39445.16,0.782,3.14,35,0.826,4.72,0.237,0.53,0.128,40,0,720,104000,Moderate Risk,0.0656
GIG-13155,Porter,Tier 3,24798.39,0.384,13.21,52,0.868,4.03,0.329,0.505,0.082,30,0,600,55000,High Risk,0.1833
GIG-13156,Porter,Tier 3,30051.9,0.682,-12.83,51,0.911,4.0,0.337,0.395,0.196,34,0,624,69000,High Risk,0.2286
GIG-13157,Zepto,Tier 1,26603.78,0.307,12.2,35,0.858,4.85,0.342,0.604,0.02,12,0,615,60000,High Risk,0.2517
GIG-13158,Uber,Tier 2,35036.49,0.622,19.21,53,0.98,4.66,0.165,0.45,0.317,48,0,720,92000,Moderate Risk,0.1219
GIG-13159,Porter,Tier 1,11000.0,0.343,10.85,32,0.99,3.92,0.286,0.522,0.097,48,0,574,23000,High Risk,0.2631
GIG-13160,Swiggy,Tier 3,26272.84,0.363,10.24,38,0.808,4.58,0.291,0.323,0.333,16,0,635,61000,High Risk,0.2803
GIG-13161,Porter,Tier 2,27291.41,0.501,19.58,48,0.941,3.78,0.268,0.459,0.202,5,0,638,64000,High Risk,0.1975
GIG-13162,Uber,Tier 3,13336.73,0.134,-3.48,45,0.924,4.64,0.131,0.515,0.269,26,0,538,26000,Very High Risk,0.4565
GIG-13163,Swiggy,Tier 3,32941.78,0.735,7.12,45,0.985,4.55,0.212,0.568,0.166,57,0,684,83000,Moderate Risk,0.079
GIG-13164,Zepto,Tier 1,31176.98,0.682,-0.33,38,0.867,4.46,0.166,0.666,0.04,10,0,645,74000,Moderate Risk,0.1067
GIG-13165,Blinkit,Tier 3,46542.57,0.748,-5.12,66,0.783,3.66,0.147,0.45,0.291,21,4,519,89000,Very High Risk,0.4464
GIG-13166,Zomato,Tier 3,26033.47,0.19,0.97,44,0.857,4.54,0.268,0.308,0.346,12,2,501,48000,Very High Risk,0.5339
GIG-13167,Swiggy,Tier 2,24594.4,0.523,-2.39,66,0.914,4.49,0.334,0.502,0.057,22,0,599,54000,High Risk,0.1833
GIG-13168,Blinkit,Tier 2,41490.29,0.752,22.63,42,0.906,3.61,0.164,0.55,0.235,21,0,730,111000,Moderate Risk,0.1111
GIG-13169,Porter,Tier 1,33008.33,0.844,7.02,47,0.925,3.83,0.397,0.549,0.02,53,0,680,82000,Moderate Risk,0.0613
GIG-13170,Uber,Tier 1,16986.83,0.432,-0.03,47,0.863,4.84,0.259,0.501,0.097,53,0,583,36000,High Risk,0.2504
GIG-13171,Zepto,Tier 1,39135.14,0.857,26.61,41,0.828,4.34,0.401,0.577,0.02,60,3,606,87000,High Risk,0.2185
GIG-13172,Urban Company,Tier 2,35958.32,0.823,20.2,58,0.916,3.79,0.196,0.495,0.186,16,1,654,86000,Moderate Risk,0.0669
GIG-13173,Uber,Tier 3,28026.29,0.148,14.84,39,0.824,4.6,0.192,0.632,0.086,34,0,598,61000,High Risk,0.3237
GIG-13174,Zomato,Tier 1,23147.32,0.51,6.79,47,0.804,4.81,0.253,0.696,0.02,38,0,638,54000,High Risk,0.1846
GIG-13175,Blinkit,Tier 1,17825.26,0.493,-4.85,44,0.912,4.48,0.346,0.604,0.02,58,1,525,34000,Very High Risk,0.6401
GIG-13176,Zomato,Tier 2,44687.74,0.887,-6.29,49,0.832,4.26,0.395,0.462,0.071,33,0,664,109000,Moderate Risk,0.1302
GIG-13177,Urban Company,Tier 3,21612.95,0.281,11.9,43,0.802,4.63,0.148,0.379,0.361,31,0,649,51000,Moderate Risk,0.1238
GIG-13178,Blinkit,Tier 2,30218.42,0.87,17.99,47,0.871,4.34,0.247,0.506,0.109,33,0,730,81000,Moderate Risk,0.1321
GIG-13179,Uber,Tier 1,33909.0,0.952,9.72,53,0.934,4.7,0.197,0.598,0.078,35,1,697,87000,Moderate Risk,0.0679
GIG-13180,Porter,Tier 2,11000.0,0.263,0.08,46,0.974,4.78,0.178,0.538,0.174,45,1,513,21000,Very High Risk,0.555
GIG-13181,Porter,Tier 1,25270.57,0.156,-2.56,51,0.963,3.7,0.153,0.44,0.268,58,0,560,52000,High Risk,0.2927
GIG-13182,Blinkit,Tier 1,25290.86,0.405,-4.29,53,0.982,3.53,0.192,0.5,0.25,54,0,557,52000,High Risk,0.2421
GIG-13183,Zepto,Tier 2,26753.49,0.261,14.11,32,0.839,4.01,0.39,0.515,0.02,17,1,541,53000,Very High Risk,0.3939
GIG-13184,Zepto,Tier 2,22046.55,0.114,21.18,41,0.971,3.94,0.127,0.658,0.067,37,0,563,46000,High Risk,0.2451
GIG-13185,Zomato,Tier 3,26862.55,0.494,9.6,44,0.887,4.85,0.133,0.348,0.375,59,0,677,67000,Moderate Risk,0.0925
GIG-13186,Porter,Tier 3,41263.98,0.721,-5.28,57,0.931,3.71,0.257,0.373,0.286,20,0,698,106000,Moderate Risk,0.0997
GIG-13187,Swiggy,Tier 1,19353.87,0.47,-0.24,43,0.807,4.67,0.317,0.414,0.18,48,1,588,42000,High Risk,0.209
GIG-13188,Zomato,Tier 3,23961.63,0.168,-11.47,20,0.836,4.96,0.392,0.511,0.044,43,0,556,49000,High Risk,0.2746
GIG-13189,Urban Company,Tier 3,22211.26,0.6,6.62,53,0.89,4.55,0.417,0.369,0.151,44,0,632,51000,High Risk,0.3087
GIG-13190,Swiggy,Tier 3,34810.16,0.918,8.46,28,0.944,4.89,0.205,0.597,0.059,38,0,746,95000,Low Risk,0.0209
GIG-13191,Swiggy,Tier 1,38966.06,0.521,-1.56,43,0.864,4.98,0.198,0.406,0.329,42,0,700,100000,Moderate Risk,0.1086
GIG-13192,Zomato,Tier 3,28625.93,0.226,4.52,59,0.787,3.92,0.227,0.613,0.067,36,1,532,56000,Very High Risk,0.6894
GIG-13193,Ola,Tier 2,28752.12,0.4,15.2,42,0.914,3.95,0.313,0.625,0.02,35,0,599,63000,High Risk,0.2901
GIG-13194,Zomato,Tier 1,28165.31,0.729,10.48,43,0.809,3.6,0.354,0.461,0.088,45,2,586,61000,High Risk,0.1539
GIG-13195,Uber,Tier 1,35837.99,0.372,8.18,45,0.947,4.58,0.297,0.465,0.183,20,0,666,88000,Moderate Risk,0.1075
GIG-13196,Ola,Tier 1,19630.96,0.455,7.26,51,0.961,3.59,0.15,0.524,0.191,56,0,605,44000,High Risk,0.3473
GIG-13197,Porter,Tier 1,28193.39,0.152,-1.96,44,0.85,3.82,0.215,0.679,0.02,54,0,574,59000,High Risk,0.3468
GIG-13198,Blinkit,Tier 2,36557.58,0.814,-13.77,28,0.868,4.53,0.242,0.682,0.02,40,0,630,84000,High Risk,0.2211
GIG-13199,Zomato,Tier 2,38548.34,0.667,2.15,53,0.973,4.96,0.351,0.549,0.035,58,2,574,81000,High Risk,0.2437
GIG-13200,Zomato,Tier 2,35627.46,0.827,-7.06,56,0.979,4.65,0.269,0.667,0.02,30,0,672,88000,Moderate Risk,0.1292
GIG-13201,Uber,Tier 2,18331.95,0.28,4.08,42,0.974,4.52,0.314,0.563,0.041,4,0,547,37000,Very High Risk,0.6304
GIG-13202,Blinkit,Tier 2,35757.59,0.722,3.27,53,0.799,3.79,0.283,0.371,0.29,19,0,695,91000,Moderate Risk,0.1275
GIG-13203,Swiggy,Tier 1,31221.27,0.905,-0.8,43,0.798,3.58,0.408,0.638,0.02,9,0,652,75000,Moderate Risk,0.108
GIG-13204,Uber,Tier 2,22010.65,0.458,-1.64,40,0.956,4.53,0.243,0.448,0.176,12,0,622,50000,High Risk,0.2748
GIG-13205,Uber,Tier 2,33058.07,0.789,-2.57,39,0.808,3.55,0.188,0.341,0.416,52,0,691,84000,Moderate Risk,0.1067
GIG-13206,Swiggy,Tier 1,17326.42,0.281,13.65,55,0.84,4.33,0.301,0.441,0.141,22,1,532,34000,Very High Risk,0.4129
GIG-13207,Zepto,Tier 3,25419.83,0.226,2.25,45,0.802,4.67,0.237,0.318,0.312,13,0,619,58000,High Risk,0.1531
GIG-13208,Zomato,Tier 3,27413.98,0.586,17.71,59,0.949,4.15,0.198,0.405,0.314,23,0,685,69000,Moderate Risk,0.0923
GIG-13209,Uber,Tier 1,37997.23,0.516,8.06,36,0.797,3.73,0.307,0.475,0.112,48,3,531,74000,Very High Risk,0.4892
GIG-13210,Zomato,Tier 2,42059.39,0.643,-5.72,60,0.868,4.24,0.348,0.307,0.25,27,0,683,105000,Moderate Risk,0.0664
GIG-13211,Swiggy,Tier 2,12008.98,0.529,14.03,46,0.811,4.17,0.299,0.649,0.02,12,0,590,26000,High Risk,0.2493
GIG-13212,Zepto,Tier 2,18910.89,0.215,-14.07,53,0.801,4.9,0.145,0.571,0.143,19,0,556,39000,High Risk,0.2089
GIG-13213,Zepto,Tier 1,16007.46,0.146,1.02,41,0.921,3.52,0.362,0.519,0.02,6,0,494,29000,Very High Risk,0.4563
GIG-13214,Ola,Tier 1,29310.74,0.707,-1.04,53,0.898,4.02,0.177,0.622,0.052,51,0,649,70000,Moderate Risk,0.1053
GIG-13215,Ola,Tier 2,33521.14,0.569,9.4,73,0.926,3.78,0.226,0.466,0.239,35,2,567,70000,High Risk,0.2926
GIG-13216,Zepto,Tier 1,30183.32,0.505,19.95,41,0.953,4.67,0.254,0.6,0.024,20,0,662,73000,Moderate Risk,0.1142
GIG-13217,Zomato,Tier 2,19129.91,0.116,15.11,45,0.786,4.77,0.263,0.613,0.073,32,1,509,36000,Very High Risk,0.4781
GIG-13218,Zepto,Tier 1,32227.7,0.896,0.47,42,0.863,3.71,0.37,0.5,0.02,33,0,669,79000,Moderate Risk,0.0628
GIG-13219,Zomato,Tier 2,27830.65,0.164,13.24,49,0.797,4.47,0.263,0.539,0.097,43,0,595,61000,High Risk,0.1879
GIG-13220,Ola,Tier 1,16457.94,0.432,3.9,37,0.986,3.51,0.23,0.569,0.135,20,0,568,34000,High Risk,0.329
GIG-13221,Swiggy,Tier 1,22173.88,0.493,-5.08,32,0.915,4.6,0.273,0.544,0.052,51,4,430,35000,Very High Risk,0.5267
GIG-13222,Uber,Tier 2,27425.66,0.277,1.74,63,0.96,4.97,0.193,0.49,0.259,39,0,629,63000,High Risk,0.229
GIG-13223,Zepto,Tier 2,34116.81,0.532,-7.63,48,0.809,3.97,0.378,0.315,0.174,8,0,627,78000,High Risk,0.2352
GIG-13224,Ola,Tier 1,24169.59,0.655,10.87,34,0.835,4.19,0.364,0.617,0.02,26,0,645,57000,Moderate Risk,0.0634
GIG-13225,Uber,Tier 1,29333.41,0.189,5.17,53,0.958,3.57,0.246,0.476,0.174,37,0,615,66000,High Risk,0.1662
GIG-13226,Zepto,Tier 3,15220.72,0.608,-2.99,33,0.9,3.62,0.362,0.493,0.02,31,0,568,32000,High Risk,0.1914
GIG-13227,Zomato,Tier 1,20887.21,0.417,5.56,28,0.875,4.58,0.34,0.529,0.022,55,1,547,42000,Very High Risk,0.4324
GIG-13228,Porter,Tier 3,27814.41,0.432,8.29,60,0.827,4.62,0.32,0.377,0.155,21,0,648,66000,Moderate Risk,0.1323
GIG-13229,Uber,Tier 1,37819.81,0.805,7.58,45,0.827,4.72,0.398,0.471,0.02,6,0,692,96000,Moderate Risk,0.1023
GIG-13230,Porter,Tier 2,22005.8,0.415,17.72,32,0.782,4.48,0.394,0.442,0.083,41,0,603,49000,High Risk,0.2046
GIG-13231,Urban Company,Tier 3,14589.92,0.766,4.41,46,0.927,4.33,0.221,0.361,0.331,27,2,565,30000,High Risk,0.2595
GIG-13232,Blinkit,Tier 3,36248.04,0.97,-0.73,37,0.899,4.53,0.272,0.548,0.051,16,0,702,93000,Moderate Risk,0.1025
GIG-13233,Urban Company,Tier 1,29977.57,0.156,10.94,45,0.972,4.48,0.315,0.438,0.12,13,0,605,67000,High Risk,0.2612
GIG-13234,Swiggy,Tier 2,39800.66,0.882,8.69,55,0.862,4.91,0.227,0.337,0.29,8,0,783,114000,Low Risk,0.0237
GIG-13235,Zepto,Tier 3,30800.63,0.69,20.83,49,0.972,4.93,0.356,0.64,0.02,10,0,693,78000,Moderate Risk,0.1321
GIG-13236,Uber,Tier 3,33681.84,0.867,17.02,33,0.909,4.15,0.344,0.684,0.02,38,0,708,87000,Moderate Risk,0.095
GIG-13237,Urban Company,Tier 2,24273.49,0.668,18.37,58,0.966,3.77,0.138,0.455,0.301,16,0,676,60000,Moderate Risk,0.1233
GIG-13238,Blinkit,Tier 3,29717.82,0.158,11.46,50,0.848,4.93,0.335,0.326,0.241,24,0,617,67000,High Risk,0.3326
GIG-13239,Urban Company,Tier 3,29200.06,0.584,-11.19,40,0.889,4.36,0.309,0.542,0.037,31,0,585,63000,High Risk,0.1817
GIG-13240,Urban Company,Tier 1,32071.17,0.665,0.1,33,0.858,3.67,0.194,0.302,0.419,45,1,651,77000,Moderate Risk,0.0679
GIG-13241,Blinkit,Tier 2,17429.77,0.433,-1.42,54,0.826,4.69,0.132,0.414,0.378,16,0,629,40000,High Risk,0.2391
GIG-13242,Porter,Tier 3,36391.29,0.155,3.22,43,0.973,3.57,0.389,0.576,0.02,24,0,572,76000,High Risk,0.2814
GIG-13243,Zomato,Tier 3,12531.79,0.135,-3.05,45,0.795,4.1,0.34,0.499,0.048,11,1,465,21000,Very High Risk,0.644
GIG-13244,Zomato,Tier 3,26982.77,0.404,-4.84,36,0.908,4.59,0.239,0.46,0.156,33,0,602,60000,High Risk,0.2806
GIG-13245,Zomato,Tier 1,14558.64,0.635,-1.91,54,0.793,3.76,0.121,0.633,0.133,46,0,624,33000,High Risk,0.2631
GIG-13246,Uber,Tier 2,38426.64,0.532,2.85,31,0.955,4.73,0.127,0.389,0.392,38,0,693,98000,Moderate Risk,0.0772
GIG-13247,Porter,Tier 2,21012.71,0.649,18.0,47,0.863,3.83,0.387,0.633,0.02,37,0,622,48000,High Risk,0.2024
GIG-13248,Swiggy,Tier 3,25615.58,0.7,7.3,40,0.83,3.61,0.247,0.583,0.09,44,0,636,60000,High Risk,0.2218
GIG-13249,Swiggy,Tier 3,17416.35,0.603,-0.35,41,0.833,3.54,0.225,0.385,0.251,4,1,566,36000,High Risk,0.3412
GIG-13250,Porter,Tier 3,12843.34,0.571,3.39,44,0.802,4.35,0.279,0.419,0.227,10,0,632,30000,High Risk,0.2925
GIG-13251,Blinkit,Tier 2,14828.35,0.177,8.49,48,0.9,4.43,0.227,0.637,0.06,55,0,558,30000,High Risk,0.2346
GIG-13252,Blinkit,Tier 2,29419.25,0.612,16.88,45,0.846,4.77,0.252,0.301,0.324,14,1,614,66000,High Risk,0.3111
GIG-13253,Zomato,Tier 1,19995.16,0.825,28.8,32,0.855,3.78,0.14,0.544,0.228,32,1,646,47000,Moderate Risk,0.1376
GIG-13254,Blinkit,Tier 1,19656.33,0.045,14.5,46,0.8,4.08,0.363,0.454,0.04,31,0,530,38000,Very High Risk,0.5936
GIG-13255,Zomato,Tier 1,13255.23,0.707,16.88,48,0.972,4.34,0.206,0.499,0.16,50,0,638,31000,High Risk,0.2856
GIG-13256,Zomato,Tier 2,11147.25,0.535,16.58,59,0.94,4.53,0.185,0.416,0.332,46,2,564,23000,High Risk,0.2399
GIG-13257,Blinkit,Tier 1,28160.16,0.579,-0.47,42,0.949,4.67,0.144,0.403,0.358,8,0,682,70000,Moderate Risk,0.1211
GIG-13258,Urban Company,Tier 3,28136.21,0.419,-0.89,57,0.883,4.29,0.201,0.429,0.242,17,1,586,60000,High Risk,0.2767
GIG-13259,Ola,Tier 2,24445.57,0.389,18.15,39,0.958,3.89,0.296,0.372,0.197,26,0,635,57000,High Risk,0.2519
GIG-13260,Zomato,Tier 2,17698.34,0.518,17.31,48,0.812,4.4,0.122,0.629,0.176,34,0,635,41000,High Risk,0.1866
GIG-13261,Ola,Tier 1,29003.5,0.534,1.23,40,0.952,4.03,0.298,0.642,0.02,15,0,603,64000,High Risk,0.2458
GIG-13262,Zepto,Tier 1,27261.38,0.349,12.6,53,0.84,4.08,0.173,0.665,0.024,58,0,585,58000,High Risk,0.3079
GIG-13263,Urban Company,Tier 3,28550.66,0.416,-1.19,46,0.84,4.5,0.135,0.432,0.348,35,0,639,67000,High Risk,0.2594
GIG-13264,Porter,Tier 1,11115.6,0.382,-3.88,25,0.817,3.85,0.275,0.444,0.183,38,0,554,23000,High Risk,0.2258
GIG-13265,Ola,Tier 3,19407.87,0.612,-1.99,41,0.898,3.74,0.399,0.473,0.02,50,0,601,43000,High Risk,0.2299
GIG-13266,Uber,Tier 1,38792.96,0.58,-9.12,42,0.856,4.41,0.274,0.554,0.056,40,0,658,94000,Moderate Risk,0.112
GIG-13267,Uber,Tier 3,21395.52,0.426,-0.37,47,0.907,3.52,0.318,0.592,0.02,7,0,582,46000,High Risk,0.2672
GIG-13268,Uber,Tier 2,32227.95,0.642,17.28,33,0.916,4.39,0.175,0.418,0.258,39,0,697,82000,Moderate Risk,0.0822
GIG-13269,Ola,Tier 3,18506.12,0.314,3.81,40,0.862,4.96,0.364,0.643,0.02,49,0,611,41000,High Risk,0.2957
GIG-13270,Urban Company,Tier 1,30184.32,0.73,11.73,68,0.912,4.81,0.284,0.365,0.257,57,2,607,67000,High Risk,0.2928
GIG-13271,Zomato,Tier 3,32429.17,0.862,6.07,57,0.816,3.87,0.158,0.368,0.336,46,0,712,85000,Moderate Risk,0.136
GIG-13272,Urban Company,Tier 3,24084.09,0.585,1.86,46,0.873,4.83,0.351,0.434,0.11,38,0,612,54000,High Risk,0.1977
GIG-13273,Porter,Tier 1,19791.41,0.183,0.39,38,0.852,3.88,0.296,0.54,0.109,30,0,544,39000,Very High Risk,0.4775
GIG-13274,Zomato,Tier 2,24044.09,0.2,16.17,50,0.907,3.8,0.219,0.622,0.066,30,0,585,52000,High Risk,0.3111
GIG-13275,Zepto,Tier 2,32739.26,0.95,-5.91,58,0.925,4.08,0.261,0.354,0.27,10,0,706,85000,Moderate Risk,0.1048
GIG-13276,Porter,Tier 2,38062.53,0.873,11.47,45,0.858,3.96,0.311,0.631,0.02,26,2,602,84000,High Risk,0.1569
GIG-13277,Zomato,Tier 3,33754.55,0.741,5.6,44,0.893,4.68,0.363,0.491,0.02,17,0,688,85000,Moderate Risk,0.114
GIG-13278,Zomato,Tier 2,24412.05,0.395,22.23,50,0.96,4.29,0.244,0.449,0.257,29,0,671,60000,Moderate Risk,0.0705
GIG-13279,Porter,Tier 2,17304.77,0.331,2.72,45,0.908,4.4,0.129,0.478,0.257,3,0,625,40000,High Risk,0.2371
GIG-13280,Zepto,Tier 1,11000.0,0.479,-0.29,46,0.987,4.61,0.196,0.497,0.252,24,0,598,24000,High Risk,0.1699
GIG-13281,Swiggy,Tier 3,35677.84,0.668,10.41,45,0.938,4.67,0.393,0.392,0.091,54,1,629,82000,High Risk,0.3173
GIG-13282,Zomato,Tier 3,42212.74,0.875,12.02,35,0.873,4.12,0.345,0.567,0.02,17,0,718,111000,Moderate Risk,0.081
GIG-13283,Zepto,Tier 1,21969.7,0.197,2.99,54,0.828,3.99,0.389,0.363,0.114,18,0,575,46000,High Risk,0.2463
GIG-13284,Ola,Tier 1,11000.0,0.259,-4.05,55,0.956,3.75,0.316,0.541,0.065,24,0,528,21000,Very High Risk,0.4569
GIG-13285,Urban Company,Tier 1,39133.46,0.771,22.9,35,0.96,3.77,0.167,0.613,0.083,43,0,753,108000,Low Risk,0.0406
GIG-13286,Swiggy,Tier 1,41695.58,0.524,2.86,51,0.985,3.82,0.14,0.432,0.329,33,0,685,105000,Moderate Risk,0.0713
GIG-13287,Zepto,Tier 1,40031.07,0.873,7.55,46,0.979,3.68,0.271,0.575,0.054,40,2,592,87000,High Risk,0.1833
GIG-13288,Blinkit,Tier 2,27457.01,0.444,-0.22,42,0.98,4.41,0.269,0.444,0.185,18,0,604,61000,High Risk,0.3145
GIG-13289,Swiggy,Tier 2,37274.76,0.708,1.41,60,0.936,4.54,0.327,0.506,0.024,18,1,621,85000,High Risk,0.2159
GIG-13290,Blinkit,Tier 1,29161.07,0.202,11.21,34,0.867,3.94,0.383,0.503,0.02,55,0,580,62000,High Risk,0.3098
GIG-13291,Blinkit,Tier 3,38116.8,0.758,-4.77,50,0.865,4.78,0.188,0.699,0.027,53,0,656,92000,Moderate Risk,0.0706
GIG-13292,Ola,Tier 1,32051.97,0.795,-10.67,43,0.841,3.73,0.391,0.315,0.204,52,0,615,72000,High Risk,0.2118
GIG-13293,Porter,Tier 1,44381.71,0.46,-14.25,34,0.978,3.52,0.277,0.61,0.02,43,0,605,98000,High Risk,0.257
GIG-13294,Porter,Tier 3,28106.86,0.518,14.39,57,0.863,4.04,0.331,0.696,0.02,10,2,553,57000,High Risk,0.1934
GIG-13295,Swiggy,Tier 1,29934.57,0.424,7.15,25,0.843,4.01,0.21,0.414,0.257,5,0,652,72000,Moderate Risk,0.0833
GIG-13296,Zepto,Tier 2,20054.49,0.625,9.72,32,0.824,3.75,0.236,0.616,0.08,59,0,621,46000,High Risk,0.2064
GIG-13297,Swiggy,Tier 1,24494.61,0.592,-4.52,59,0.97,4.85,0.236,0.389,0.282,6,3,510,46000,Very High Risk,0.629
GIG-13298,Porter,Tier 1,34277.22,0.831,8.39,18,0.918,4.53,0.413,0.605,0.02,22,0,714,90000,Moderate Risk,0.112
GIG-13299,Zepto,Tier 1,25813.47,0.297,-0.76,20,0.974,4.31,0.36,0.674,0.02,9,0,579,55000,High Risk,0.173
GIG-13300,Zomato,Tier 3,31608.62,0.259,24.09,31,0.889,4.91,0.408,0.333,0.179,6,0,674,78000,Moderate Risk,0.0977
GIG-13301,Urban Company,Tier 2,20726.31,0.621,7.84,41,0.96,3.91,0.246,0.333,0.348,28,1,630,48000,High Risk,0.3392
GIG-13302,Swiggy,Tier 3,14899.23,0.158,0.48,47,0.793,3.66,0.193,0.551,0.12,51,4,346,19000,Very High Risk,0.4544
GIG-13303,Zepto,Tier 1,31581.16,0.785,-27.68,55,0.977,4.57,0.258,0.433,0.25,58,1,608,70000,High Risk,0.2775
GIG-13304,Zomato,Tier 2,17735.16,0.301,-8.13,43,0.986,4.67,0.294,0.581,0.059,27,3,441,29000,Very High Risk,0.5864
GIG-13305,Porter,Tier 2,36106.77,0.988,-12.29,39,0.945,4.11,0.286,0.362,0.255,59,1,689,91000,Moderate Risk,0.1161
GIG-13306,Swiggy,Tier 2,12997.66,0.229,11.58,61,0.84,3.89,0.168,0.319,0.42,44,0,601,29000,High Risk,0.1647
GIG-13307,Zomato,Tier 2,28172.65,0.338,5.9,46,0.799,3.83,0.394,0.392,0.129,36,0,611,63000,High Risk,0.3424
GIG-13308,Blinkit,Tier 3,44053.83,0.588,-16.85,59,0.794,4.48,0.24,0.401,0.221,15,0,688,111000,Moderate Risk,0.1279
GIG-13309,Swiggy,Tier 1,28587.31,0.139,-0.07,46,0.905,4.65,0.3,0.631,0.02,3,0,580,61000,High Risk,0.2503
GIG-13310,Swiggy,Tier 3,32325.18,0.519,3.53,30,0.811,3.77,0.385,0.346,0.197,53,4,482,57000,Very High Risk,0.6473
GIG-13311,Ola,Tier 3,40874.94,0.532,1.15,51,0.835,3.98,0.299,0.411,0.151,11,3,535,80000,Very High Risk,0.5907
GIG-13312,Urban Company,Tier 2,23317.74,0.391,8.28,54,0.932,3.89,0.342,0.542,0.044,29,2,520,44000,Very High Risk,0.5387
GIG-13313,Porter,Tier 3,28507.49,0.3,18.25,43,0.878,4.33,0.397,0.603,0.02,42,0,625,65000,High Risk,0.1989
GIG-13314,Porter,Tier 1,20945.35,0.302,5.45,47,0.886,4.51,0.32,0.51,0.046,18,0,548,42000,Very High Risk,0.6219
GIG-13315,Uber,Tier 1,18704.96,0.562,-17.31,60,0.938,4.46,0.382,0.593,0.02,6,0,568,39000,High Risk,0.2324
GIG-13316,Uber,Tier 2,24082.32,0.291,5.43,51,0.929,4.46,0.211,0.66,0.02,40,0,602,53000,High Risk,0.1618
GIG-13317,Zepto,Tier 3,28572.29,0.623,-8.1,40,0.908,4.73,0.26,0.359,0.3,44,3,514,54000,Very High Risk,0.4418
GIG-13318,Blinkit,Tier 2,31729.7,0.906,12.39,40,0.947,4.45,0.146,0.653,0.098,40,0,736,86000,Moderate Risk,0.0651
GIG-13319,Uber,Tier 1,30179.63,0.751,-1.4,59,0.866,3.59,0.177,0.652,0.039,33,0,627,69000,High Risk,0.2192
GIG-13320,Urban Company,Tier 3,11530.75,0.238,11.05,50,0.843,4.45,0.302,0.49,0.111,24,0,571,24000,High Risk,0.1565
GIG-13321,Urban Company,Tier 2,12984.5,0.344,4.37,45,0.923,3.61,0.317,0.462,0.105,3,0,549,26000,Very High Risk,0.4999
GIG-13322,Uber,Tier 1,24067.7,0.355,9.84,45,0.872,3.99,0.328,0.465,0.095,18,2,442,39000,Very High Risk,0.6236
GIG-13323,Zomato,Tier 2,12733.84,0.574,-7.25,34,0.931,3.99,0.195,0.692,0.02,25,1,542,25000,Very High Risk,0.6672
GIG-13324,Ola,Tier 1,34539.83,0.846,10.9,48,0.8,3.69,0.168,0.358,0.415,43,0,752,95000,Low Risk,0.0147
GIG-13325,Ola,Tier 1,27278.16,0.279,12.01,53,0.974,3.82,0.244,0.418,0.262,24,0,616,62000,High Risk,0.2793
GIG-13326,Ola,Tier 3,18038.49,0.401,13.58,49,0.783,3.51,0.166,0.498,0.229,33,0,612,40000,High Risk,0.1959
GIG-13327,Porter,Tier 3,27871.13,0.495,-0.89,38,0.92,4.27,0.3,0.308,0.303,47,0,647,66000,Moderate Risk,0.0944
GIG-13328,Blinkit,Tier 3,31830.89,0.668,10.81,61,0.843,4.05,0.147,0.429,0.277,39,0,726,85000,Moderate Risk,0.0988
GIG-13329,Blinkit,Tier 3,24388.12,0.258,9.23,46,0.87,4.12,0.223,0.357,0.332,22,0,637,57000,High Risk,0.2142
GIG-13330,Zepto,Tier 2,28258.95,0.585,7.0,56,0.85,4.78,0.307,0.546,0.047,13,0,637,66000,High Risk,0.1987
GIG-13331,Swiggy,Tier 2,25916.19,0.363,-4.91,50,0.89,4.25,0.37,0.544,0.02,59,0,573,54000,High Risk,0.2898
GIG-13332,Zomato,Tier 2,25691.11,0.261,13.27,56,0.898,4.15,0.382,0.311,0.216,17,0,609,57000,High Risk,0.2928
GIG-13333,Zomato,Tier 3,22216.07,0.427,-6.63,56,0.961,3.96,0.277,0.565,0.045,17,0,583,47000,High Risk,0.3039
GIG-13334,Ola,Tier 2,26624.78,0.915,-2.51,55,0.823,4.62,0.354,0.531,0.028,42,0,645,63000,Moderate Risk,0.0697
GIG-13335,Ola,Tier 1,31362.71,0.797,6.17,33,0.883,3.82,0.273,0.312,0.327,33,0,707,81000,Moderate Risk,0.0833
GIG-13336,Blinkit,Tier 3,38220.07,0.766,-8.92,56,0.9,4.43,0.356,0.349,0.187,27,0,678,95000,Moderate Risk,0.0808
GIG-13337,Ola,Tier 2,30639.96,0.506,0.03,37,0.856,3.65,0.261,0.46,0.167,14,1,565,63000,High Risk,0.2095
GIG-13338,Zomato,Tier 2,11000.0,0.451,16.11,36,0.95,4.63,0.239,0.363,0.309,3,1,570,23000,High Risk,0.2405
GIG-13339,Swiggy,Tier 2,20761.03,0.234,1.3,60,0.842,3.71,0.409,0.525,0.02,4,0,518,39000,Very High Risk,0.4142
GIG-13340,Swiggy,Tier 1,34368.75,0.558,-16.46,46,0.957,3.63,0.246,0.688,0.02,21,0,585,74000,High Risk,0.207
GIG-13341,Porter,Tier 1,12019.4,0.168,-6.55,28,0.833,4.53,0.41,0.648,0.02,43,0,532,23000,Very High Risk,0.5962
GIG-13342,Blinkit,Tier 1,41404.87,0.608,-1.88,48,0.889,4.72,0.32,0.521,0.02,4,0,669,102000,Moderate Risk,0.1394
GIG-13343,Ola,Tier 1,27444.28,0.114,-8.86,43,0.837,4.78,0.349,0.569,0.02,21,1,507,51000,Very High Risk,0.4827
GIG-13344,Uber,Tier 1,32090.68,0.7,20.74,31,0.93,4.35,0.303,0.639,0.02,59,0,663,78000,Moderate Risk,0.061
GIG-13345,Urban Company,Tier 3,33298.67,0.835,6.63,39,0.868,4.09,0.378,0.442,0.125,14,0,695,85000,Moderate Risk,0.0772
GIG-13346,Blinkit,Tier 3,39501.61,0.904,2.66,40,0.874,4.67,0.349,0.375,0.184,18,1,701,102000,Moderate Risk,0.0965
GIG-13347,Uber,Tier 1,17845.62,0.615,-6.5,46,0.912,4.52,0.279,0.608,0.02,4,0,612,40000,High Risk,0.167
GIG-13348,Uber,Tier 2,35971.04,0.756,4.79,42,0.97,4.58,0.344,0.335,0.209,9,0,716,94000,Moderate Risk,0.1135
GIG-13349,Zomato,Tier 3,20338.35,0.242,2.36,63,0.92,4.97,0.226,0.575,0.132,11,1,542,40000,Very High Risk,0.6273
GIG-13350,Zepto,Tier 3,23204.96,0.473,10.45,44,0.906,4.39,0.315,0.53,0.064,53,0,632,54000,High Risk,0.3243
GIG-13351,Swiggy,Tier 2,30950.99,0.842,18.0,27,0.875,4.73,0.394,0.382,0.128,16,0,718,81000,Moderate Risk,0.0991
GIG-13352,Urban Company,Tier 2,28136.45,0.584,8.09,57,0.796,3.86,0.351,0.448,0.06,18,0,638,66000,High Risk,0.1502
GIG-13353,Blinkit,Tier 2,29036.72,0.637,-6.68,52,0.969,4.42,0.353,0.382,0.208,45,0,629,67000,High Risk,0.2918
GIG-13354,Uber,Tier 3,29920.69,0.247,1.05,40,0.812,3.74,0.415,0.549,0.02,54,0,581,64000,High Risk,0.2244
GIG-13355,Zepto,Tier 3,33941.65,0.915,-7.08,49,0.807,3.89,0.327,0.621,0.02,7,0,678,84000,Moderate Risk,0.1028
GIG-13356,Swiggy,Tier 1,36492.59,0.886,17.42,46,0.8,4.85,0.306,0.696,0.02,59,0,710,95000,Moderate Risk,0.1372
GIG-13357,Uber,Tier 1,23408.96,0.461,-1.47,44,0.82,3.94,0.266,0.499,0.183,15,2,510,44000,Very High Risk,0.5985
GIG-13358,Zepto,Tier 3,28270.62,0.469,-4.15,40,0.799,3.61,0.363,0.587,0.02,26,0,573,59000,High Risk,0.1862
GIG-13359,Blinkit,Tier 3,36055.97,0.744,-6.09,39,0.953,3.66,0.391,0.54,0.02,30,1,574,76000,High Risk,0.2199
GIG-13360,Ola,Tier 1,36470.6,0.898,6.9,43,0.927,4.82,0.146,0.619,0.097,51,0,718,96000,Moderate Risk,0.0607
GIG-13361,Ola,Tier 3,17052.91,0.257,-1.71,52,0.931,3.67,0.331,0.668,0.02,21,0,524,33000,Very High Risk,0.4237
GIG-13362,Uber,Tier 2,28599.14,0.612,22.47,46,0.979,4.25,0.227,0.403,0.257,18,2,591,62000,High Risk,0.3287
GIG-13363,Zomato,Tier 3,33184.37,0.612,-14.13,44,0.798,4.64,0.369,0.393,0.164,53,0,627,76000,High Risk,0.2039
GIG-13364,Urban Company,Tier 1,28764.86,0.402,6.43,26,0.964,3.87,0.353,0.533,0.02,57,1,552,58000,High Risk,0.2994
GIG-13365,Porter,Tier 1,24347.73,0.302,0.91,44,0.801,4.42,0.415,0.636,0.02,49,0,590,53000,High Risk,0.2365
GIG-13366,Swiggy,Tier 2,21648.89,0.405,10.74,46,0.808,4.57,0.131,0.399,0.388,53,0,649,52000,Moderate Risk,0.0939
GIG-13367,Swiggy,Tier 1,23922.35,0.564,-12.38,46,0.908,3.92,0.264,0.627,0.056,35,0,588,52000,High Risk,0.2107
GIG-13368,Zepto,Tier 3,32594.77,0.789,-12.76,52,0.935,3.73,0.299,0.3,0.326,51,0,674,81000,Moderate Risk,0.1332
GIG-13369,Blinkit,Tier 2,25206.82,0.293,15.4,37,0.833,4.94,0.359,0.7,0.02,36,0,618,57000,High Risk,0.3448
GIG-13370,Porter,Tier 1,15706.8,0.475,-11.25,44,0.929,4.75,0.261,0.586,0.085,23,2,487,28000,Very High Risk,0.458
GIG-13371,Blinkit,Tier 3,26133.53,0.515,10.2,50,0.849,4.18,0.175,0.629,0.05,47,0,621,60000,High Risk,0.1505
GIG-13372,Porter,Tier 3,37527.68,0.294,4.11,51,0.881,4.09,0.209,0.555,0.103,34,0,609,84000,High Risk,0.3081
GIG-13373,Porter,Tier 2,28059.0,0.515,8.17,48,0.797,4.51,0.406,0.348,0.193,40,1,619,64000,High Risk,0.3429
GIG-13374,Zepto,Tier 3,38597.67,0.464,-0.09,26,0.835,4.86,0.124,0.535,0.214,53,0,657,93000,Moderate Risk,0.1335
GIG-13375,Zomato,Tier 1,42122.71,0.902,-10.19,58,0.97,3.57,0.25,0.603,0.02,17,0,656,101000,Moderate Risk,0.0668
GIG-13376,Ola,Tier 2,26078.31,0.335,-2.9,43,0.979,3.61,0.297,0.497,0.072,58,0,586,56000,High Risk,0.3428
GIG-13377,Ola,Tier 2,27328.45,0.027,12.52,27,0.812,4.44,0.37,0.375,0.173,16,0,586,59000,High Risk,0.2134
GIG-13378,Urban Company,Tier 2,33719.16,0.911,12.84,64,0.909,4.81,0.38,0.36,0.151,59,0,736,91000,Moderate Risk,0.1009
GIG-13379,Zepto,Tier 3,16681.17,0.322,8.45,47,0.903,4.41,0.134,0.502,0.261,13,0,599,37000,High Risk,0.2947
GIG-13380,Blinkit,Tier 2,35243.65,0.346,4.2,57,0.889,4.11,0.417,0.621,0.02,38,1,573,74000,High Risk,0.1562
GIG-13381,Swiggy,Tier 1,26561.69,0.549,15.02,35,0.796,3.8,0.346,0.65,0.02,51,0,619,60000,High Risk,0.1601
GIG-13382,Swiggy,Tier 2,20496.84,0.196,5.45,58,0.857,4.45,0.357,0.476,0.094,31,2,488,37000,Very High Risk,0.3642
GIG-13383,Blinkit,Tier 1,36540.2,0.996,-1.5,42,0.841,3.62,0.346,0.568,0.02,40,0,688,92000,Moderate Risk,0.1117
GIG-13384,Zomato,Tier 2,38959.36,0.811,2.19,39,0.904,4.46,0.334,0.412,0.139,35,0,711,102000,Moderate Risk,0.0807
GIG-13385,Blinkit,Tier 2,39663.81,0.76,4.31,52,0.879,3.62,0.183,0.363,0.347,31,0,713,104000,Moderate Risk,0.1135
GIG-13386,Porter,Tier 2,21462.73,0.437,-7.2,62,0.875,3.94,0.158,0.461,0.3,29,3,476,37000,Very High Risk,0.6673
GIG-13387,Blinkit,Tier 2,32019.93,0.456,2.68,45,0.955,4.36,0.138,0.649,0.075,23,1,599,70000,High Risk,0.2294
GIG-13388,Urban Company,Tier 2,36748.79,0.809,-9.0,48,0.82,4.56,0.122,0.36,0.425,4,0,725,98000,Moderate Risk,0.0946
GIG-13389,Uber,Tier 2,30103.82,0.843,24.25,42,0.821,4.42,0.192,0.379,0.328,17,0,748,83000,Low Risk,0.0257
GIG-13390,Urban Company,Tier 3,29018.98,0.272,19.19,30,0.919,3.64,0.329,0.66,0.02,7,0,618,66000,High Risk,0.2272
GIG-13391,Blinkit,Tier 1,34183.65,0.556,3.65,47,0.805,4.29,0.133,0.57,0.223,21,0,667,84000,Moderate Risk,0.0789
GIG-13392,Swiggy,Tier 2,45144.18,0.698,-13.12,32,0.814,4.69,0.234,0.577,0.109,17,1,640,106000,Moderate Risk,0.1246
GIG-13393,Swiggy,Tier 1,21376.59,0.452,6.23,45,0.894,4.57,0.325,0.7,0.02,7,0,596,47000,High Risk,0.2001
GIG-13394,Blinkit,Tier 1,21229.91,0.225,9.49,50,0.81,3.53,0.158,0.596,0.155,37,0,566,44000,High Risk,0.2678
GIG-13395,Ola,Tier 2,32970.23,0.589,-4.98,38,0.886,4.76,0.404,0.689,0.02,15,0,616,74000,High Risk,0.1804
GIG-13396,Blinkit,Tier 2,47439.64,0.831,11.14,58,0.79,4.42,0.306,0.476,0.102,22,1,684,119000,Moderate Risk,0.081
GIG-13397,Urban Company,Tier 1,40895.03,0.794,-0.7,49,0.9,4.69,0.288,0.462,0.168,48,0,713,107000,Moderate Risk,0.1259
GIG-13398,Uber,Tier 3,30938.25,0.877,-20.52,48,0.803,3.56,0.303,0.425,0.22,50,0,659,75000,Moderate Risk,0.1344
GIG-13399,Urban Company,Tier 1,14065.25,0.434,12.5,50,0.948,4.97,0.363,0.565,0.02,52,0,591,30000,High Risk,0.1561
GIG-13400,Urban Company,Tier 2,33650.25,0.771,-2.95,46,0.983,4.41,0.315,0.641,0.02,55,0,666,82000,Moderate Risk,0.0705
GIG-13401,Blinkit,Tier 2,28600.45,0.278,3.42,31,0.97,3.51,0.266,0.654,0.02,28,0,564,59000,High Risk,0.2072
GIG-13402,Zomato,Tier 2,35615.37,0.829,2.21,40,0.823,4.9,0.41,0.301,0.222,44,1,674,88000,Moderate Risk,0.1211
GIG-13403,Uber,Tier 2,11000.0,0.348,15.22,49,0.978,3.84,0.225,0.388,0.331,17,0,595,24000,High Risk,0.1859
GIG-13404,Ola,Tier 3,26612.29,0.416,-7.63,45,0.918,3.98,0.134,0.331,0.443,50,1,607,59000,High Risk,0.1611
GIG-13405,Ola,Tier 2,21950.29,0.238,17.67,44,0.892,4.31,0.254,0.458,0.235,17,0,624,50000,High Risk,0.2749
GIG-13406,Porter,Tier 3,33281.23,0.578,10.62,56,0.91,4.86,0.168,0.368,0.395,55,0,739,90000,Moderate Risk,0.1318
GIG-13407,Porter,Tier 2,35989.4,0.48,-8.73,53,0.864,4.2,0.164,0.481,0.289,53,0,647,85000,Moderate Risk,0.0626
GIG-13408,Swiggy,Tier 2,15010.39,0.649,4.94,44,0.931,4.87,0.268,0.636,0.02,57,0,625,34000,High Risk,0.1708
GIG-13409,Ola,Tier 2,35073.18,0.876,-1.8,32,0.81,3.69,0.368,0.6,0.02,52,0,634,82000,High Risk,0.3056
GIG-13410,Zepto,Tier 1,24487.47,0.514,4.71,46,0.936,4.66,0.214,0.386,0.322,31,1,621,56000,High Risk,0.2382
GIG-13411,Porter,Tier 3,34715.86,0.915,-6.73,32,0.944,4.13,0.292,0.469,0.165,4,0,677,86000,Moderate Risk,0.0806
GIG-13412,Blinkit,Tier 1,23688.83,0.435,2.79,44,0.856,4.71,0.222,0.417,0.219,39,0,644,56000,Moderate Risk,0.078
GIG-13413,Uber,Tier 2,41189.11,0.438,7.66,26,0.878,4.01,0.262,0.598,0.044,50,0,656,99000,Moderate Risk,0.1021
GIG-13414,Zomato,Tier 2,31911.06,0.651,20.37,36,0.9,3.58,0.333,0.616,0.02,54,0,671,79000,Moderate Risk,0.0815
GIG-13415,Blinkit,Tier 2,28067.15,0.365,1.92,60,0.831,4.85,0.259,0.526,0.143,17,0,610,63000,High Risk,0.2512
GIG-13416,Zepto,Tier 2,37872.87,0.7,11.67,42,0.988,4.41,0.275,0.476,0.197,46,1,676,94000,Moderate Risk,0.1247
GIG-13417,Zepto,Tier 3,38714.45,0.614,14.13,49,0.827,3.97,0.237,0.427,0.198,37,0,689,98000,Moderate Risk,0.063
GIG-13418,Urban Company,Tier 2,30362.32,0.775,17.48,39,0.806,3.62,0.282,0.579,0.02,40,0,682,76000,Moderate Risk,0.1249
GIG-13419,Zomato,Tier 3,24363.41,0.185,0.41,48,0.855,4.95,0.243,0.357,0.281,53,1,573,51000,High Risk,0.2043
GIG-13420,Zomato,Tier 1,23132.05,0.211,13.68,58,0.959,3.77,0.318,0.351,0.233,12,0,585,50000,High Risk,0.2192
GIG-13421,Blinkit,Tier 3,34374.03,0.49,4.19,51,0.824,4.2,0.15,0.459,0.334,43,0,676,85000,Moderate Risk,0.0611
GIG-13422,Zepto,Tier 2,13772.14,0.357,2.14,37,0.79,4.29,0.157,0.489,0.273,16,1,569,29000,High Risk,0.3383
GIG-13423,Zepto,Tier 1,27510.99,0.174,4.27,33,0.905,3.6,0.379,0.426,0.079,37,2,478,48000,Very High Risk,0.3836
GIG-13424,Zepto,Tier 1,30723.53,0.915,-4.25,49,0.794,4.19,0.3,0.683,0.02,33,0,659,74000,Moderate Risk,0.1086
GIG-13425,Swiggy,Tier 2,24707.94,0.671,11.03,49,0.853,3.81,0.407,0.604,0.02,39,0,617,56000,High Risk,0.1719
GIG-13426,Porter,Tier 3,26999.55,0.404,10.82,47,0.832,3.71,0.193,0.653,0.037,60,0,598,59000,High Risk,0.1978
GIG-13427,Urban Company,Tier 1,33349.12,0.798,-6.11,44,0.937,4.35,0.274,0.649,0.02,13,0,631,77000,High Risk,0.3104
GIG-13428,Swiggy,Tier 3,21696.56,0.17,8.87,39,0.804,4.51,0.337,0.565,0.02,38,0,567,45000,High Risk,0.2516
GIG-13429,Uber,Tier 1,35316.1,0.801,1.78,42,0.98,3.69,0.326,0.47,0.07,55,1,618,80000,High Risk,0.1555
GIG-13430,Porter,Tier 1,18777.41,0.741,-4.73,44,0.989,4.98,0.276,0.527,0.054,14,1,595,41000,High Risk,0.1962
GIG-13431,Ola,Tier 1,23803.58,0.919,5.92,57,0.919,4.56,0.263,0.403,0.236,27,2,609,53000,High Risk,0.1951
GIG-13432,Urban Company,Tier 1,37900.66,0.642,-3.1,56,0.907,4.34,0.33,0.515,0.042,17,0,635,88000,High Risk,0.2284
GIG-13433,Urban Company,Tier 3,32586.67,0.849,2.76,36,0.839,4.09,0.314,0.377,0.209,36,1,661,79000,Moderate Risk,0.1279
GIG-13434,Swiggy,Tier 2,35577.43,0.89,-5.58,39,0.889,3.77,0.413,0.64,0.02,6,1,611,80000,High Risk,0.2496
GIG-13435,Blinkit,Tier 3,31820.3,0.927,5.71,26,0.793,4.57,0.255,0.659,0.02,3,0,712,83000,Moderate Risk,0.0615
GIG-13436,Uber,Tier 2,31485.27,0.66,1.08,58,0.856,4.9,0.33,0.636,0.02,58,2,559,65000,High Risk,0.3034
GIG-13437,Zepto,Tier 2,29082.21,0.812,12.18,48,0.859,4.31,0.172,0.487,0.276,13,0,725,77000,Moderate Risk,0.0875
GIG-13438,Swiggy,Tier 1,24671.75,0.708,4.85,60,0.823,3.55,0.26,0.597,0.058,37,0,637,58000,High Risk,0.2346
GIG-13439,Zepto,Tier 2,27134.06,0.741,17.18,47,0.825,4.86,0.293,0.507,0.054,50,0,695,69000,Moderate Risk,0.0991
GIG-13440,Swiggy,Tier 2,32576.44,0.77,7.21,61,0.912,3.65,0.149,0.64,0.156,60,0,680,81000,Moderate Risk,0.114
GIG-13441,Ola,Tier 1,33714.47,0.81,5.84,50,0.8,4.04,0.193,0.402,0.304,58,0,687,85000,Moderate Risk,0.0821
GIG-13442,Ola,Tier 2,32394.89,0.733,6.84,43,0.958,4.04,0.208,0.526,0.189,30,0,683,81000,Moderate Risk,0.0978
GIG-13443,Porter,Tier 1,33017.08,0.882,-6.2,40,0.855,4.77,0.191,0.312,0.393,41,0,743,90000,Low Risk,0.0115
GIG-13444,Urban Company,Tier 3,16894.42,0.266,-4.08,44,0.801,4.5,0.241,0.371,0.315,15,0,587,36000,High Risk,0.2221
GIG-13445,Porter,Tier 2,22716.48,0.398,19.28,58,0.85,4.8,0.415,0.426,0.029,15,0,583,49000,High Risk,0.2084
GIG-13446,Zomato,Tier 1,22152.54,0.373,-4.76,54,0.817,4.74,0.363,0.699,0.02,31,0,587,48000,High Risk,0.2921
GIG-13447,Swiggy,Tier 2,41503.52,0.831,3.86,36,0.981,4.24,0.16,0.417,0.31,41,0,736,112000,Moderate Risk,0.1163
GIG-13448,Ola,Tier 3,31741.17,0.785,1.32,52,0.853,3.65,0.417,0.631,0.02,24,1,607,71000,High Risk,0.1848
GIG-13449,Porter,Tier 2,37357.0,0.547,6.25,49,0.9,4.75,0.234,0.426,0.24,32,0,698,96000,Moderate Risk,0.1242
GIG-13450,Zomato,Tier 3,19477.72,0.538,21.35,40,0.823,3.62,0.272,0.549,0.091,8,0,621,44000,High Risk,0.1671
GIG-13451,Urban Company,Tier 3,20202.0,0.489,6.24,35,0.905,4.73,0.288,0.366,0.23,59,0,628,47000,High Risk,0.3176
GIG-13452,Porter,Tier 2,29366.78,0.528,3.58,44,0.853,3.73,0.363,0.308,0.245,47,0,658,71000,Moderate Risk,0.0703
GIG-13453,Urban Company,Tier 2,27803.55,0.068,6.42,49,0.801,4.56,0.287,0.599,0.028,42,0,537,55000,Very High Risk,0.6346
GIG-13454,Uber,Tier 2,22155.9,0.076,6.81,55,0.884,3.96,0.419,0.326,0.184,18,1,514,42000,Very High Risk,0.4611
GIG-13455,Uber,Tier 3,23772.65,0.607,24.48,52,0.932,4.85,0.387,0.611,0.02,49,0,665,58000,Moderate Risk,0.1185
GIG-13456,Zepto,Tier 2,22952.09,0.471,3.13,19,0.911,4.63,0.351,0.589,0.02,27,0,613,52000,High Risk,0.3132
GIG-13457,Uber,Tier 3,38495.48,0.784,3.89,46,0.883,4.16,0.261,0.557,0.035,39,1,618,87000,High Risk,0.325
GIG-13458,Swiggy,Tier 2,32270.06,0.605,-11.25,50,0.971,4.12,0.417,0.344,0.17,47,0,621,73000,High Risk,0.3175
GIG-13459,Zomato,Tier 1,35174.37,0.845,-4.03,37,0.868,4.0,0.356,0.599,0.02,59,4,455,59000,Very High Risk,0.4664
GIG-13460,Uber,Tier 2,41300.08,0.781,-4.96,58,0.888,4.04,0.127,0.651,0.157,59,0,690,104000,Moderate Risk,0.093
GIG-13461,Urban Company,Tier 3,31004.35,0.698,4.88,40,0.8,4.82,0.315,0.323,0.229,7,0,676,77000,Moderate Risk,0.1078
GIG-13462,Ola,Tier 2,21421.85,0.4,8.31,42,0.916,3.58,0.322,0.628,0.02,29,0,585,46000,High Risk,0.2828
GIG-13463,Swiggy,Tier 2,18578.09,0.499,26.08,55,0.87,4.83,0.219,0.327,0.337,7,0,666,45000,Moderate Risk,0.1289
GIG-13464,Swiggy,Tier 3,11000.0,0.682,1.89,32,0.797,4.86,0.307,0.685,0.02,52,0,631,25000,High Risk,0.2159
GIG-13465,Blinkit,Tier 2,16337.95,0.186,32.84,48,0.793,4.87,0.356,0.477,0.062,31,0,560,34000,High Risk,0.2249
GIG-13466,Uber,Tier 2,27383.52,0.244,-13.34,49,0.939,4.19,0.37,0.459,0.038,16,0,556,56000,High Risk,0.2473
GIG-13467,Zomato,Tier 2,31634.66,0.893,2.02,55,0.808,4.46,0.387,0.644,0.02,4,0,689,80000,Moderate Risk,0.0768
GIG-13468,Swiggy,Tier 3,40518.86,0.699,15.78,42,0.833,3.66,0.158,0.462,0.287,47,0,730,108000,Moderate Risk,0.1399
GIG-13469,Porter,Tier 2,19852.33,0.324,-11.5,50,0.972,4.75,0.145,0.675,0.093,24,0,555,40000,High Risk,0.2532
GIG-13470,Zepto,Tier 1,18963.76,0.042,14.99,55,0.869,4.93,0.12,0.331,0.419,28,0,626,44000,High Risk,0.2564
GIG-13471,Zomato,Tier 1,15605.32,0.501,8.57,65,0.845,4.44,0.307,0.661,0.02,19,0,611,35000,High Risk,0.2402
GIG-13472,Swiggy,Tier 3,24892.46,0.302,2.99,44,0.791,4.38,0.19,0.371,0.332,11,0,637,58000,High Risk,0.2961
GIG-13473,Blinkit,Tier 3,37511.61,0.71,-10.06,50,0.901,4.43,0.184,0.538,0.179,50,0,690,95000,Moderate Risk,0.131
GIG-13474,Porter,Tier 2,38874.5,0.708,5.38,41,0.932,4.07,0.408,0.316,0.186,32,0,638,91000,High Risk,0.2359
GIG-13475,Swiggy,Tier 1,23569.34,0.395,10.67,56,0.862,3.61,0.306,0.468,0.133,38,0,631,55000,High Risk,0.1999
GIG-13476,Ola,Tier 3,27149.67,0.334,2.44,37,0.788,4.78,0.318,0.612,0.02,31,0,595,59000,High Risk,0.2388
GIG-13477,Uber,Tier 2,31658.92,0.874,-7.2,30,0.867,4.62,0.16,0.532,0.161,55,0,691,80000,Moderate Risk,0.0635
GIG-13478,Urban Company,Tier 1,24318.32,0.348,11.69,47,0.874,3.6,0.339,0.45,0.131,13,0,606,54000,High Risk,0.1515
GIG-13479,Zomato,Tier 3,22861.45,0.287,-9.1,39,0.916,3.66,0.305,0.354,0.197,9,0,558,47000,High Risk,0.1753
GIG-13480,Uber,Tier 2,27164.02,0.287,0.52,48,0.99,3.6,0.359,0.328,0.232,10,0,591,59000,High Risk,0.2395
GIG-13481,Zepto,Tier 1,31891.29,0.558,-11.8,67,0.93,4.83,0.205,0.661,0.02,7,0,611,71000,High Risk,0.2261
GIG-13482,Zomato,Tier 3,11000.0,0.499,6.51,44,0.794,4.32,0.298,0.655,0.02,20,0,596,24000,High Risk,0.2626
GIG-13483,Uber,Tier 2,27419.31,0.351,14.35,59,0.963,3.51,0.268,0.551,0.115,25,0,566,57000,High Risk,0.257
GIG-13484,Uber,Tier 1,12268.21,0.458,-14.1,44,0.891,4.63,0.255,0.411,0.224,48,0,575,26000,High Risk,0.1967
GIG-13485,Zomato,Tier 3,28627.01,0.392,10.92,49,0.943,4.55,0.291,0.563,0.079,37,0,663,70000,Moderate Risk,0.1345
GIG-13486,Ola,Tier 2,19823.22,0.458,17.31,55,0.975,4.82,0.333,0.38,0.143,47,0,656,48000,Moderate Risk,0.0898
GIG-13487,Zomato,Tier 3,24119.08,0.603,2.11,43,0.983,4.37,0.172,0.551,0.223,54,0,632,56000,High Risk,0.215
GIG-13488,Swiggy,Tier 2,41586.6,0.757,17.85,55,0.943,3.95,0.154,0.573,0.211,47,0,718,109000,Moderate Risk,0.0976
GIG-13489,Urban Company,Tier 2,18846.59,0.348,-9.49,45,0.891,3.78,0.23,0.622,0.032,6,0,536,37000,Very High Risk,0.6926
GIG-13490,Zomato,Tier 1,20515.64,0.812,15.67,50,0.937,4.7,0.342,0.478,0.04,52,2,568,43000,High Risk,0.2471
GIG-13491,Zepto,Tier 1,11000.0,0.32,16.72,46,0.936,4.02,0.176,0.527,0.153,18,1,552,22000,High Risk,0.2556
GIG-13492,Blinkit,Tier 1,34110.37,0.815,-0.7,57,0.804,4.66,0.329,0.401,0.122,15,0,695,87000,Moderate Risk,0.0725
GIG-13493,Swiggy,Tier 1,30126.02,0.67,7.57,48,0.94,3.74,0.177,0.519,0.196,29,2,548,61000,Very High Risk,0.4249
GIG-13494,Zomato,Tier 1,25601.02,0.141,2.88,55,0.905,4.28,0.416,0.619,0.02,24,0,565,53000,High Risk,0.3466
GIG-13495,Ola,Tier 3,20846.2,0.598,-2.43,49,0.911,4.78,0.13,0.311,0.41,45,0,661,51000,Moderate Risk,0.1388
GIG-13496,Swiggy,Tier 1,21646.43,0.643,3.71,25,0.911,3.54,0.243,0.438,0.266,59,0,635,50000,High Risk,0.2671
GIG-13497,Swiggy,Tier 3,30304.1,0.728,13.95,30,0.979,3.6,0.335,0.301,0.314,13,0,679,75000,Moderate Risk,0.1178
GIG-13498,Uber,Tier 1,27775.62,0.461,-10.75,50,0.825,4.71,0.22,0.626,0.082,29,0,607,62000,High Risk,0.2263
GIG-13499,Swiggy,Tier 2,20330.74,0.411,24.65,44,0.952,3.58,0.221,0.31,0.414,23,0,612,46000,High Risk,0.1622
GIG-13500,Ola,Tier 3,18243.8,0.333,-5.4,57,0.946,4.12,0.277,0.358,0.292,16,0,611,41000,High Risk,0.1832
GIG-13501,Zepto,Tier 2,24877.2,0.259,-9.48,50,0.931,4.75,0.381,0.312,0.195,10,3,428,39000,Very High Risk,0.6584
GIG-13502,Ola,Tier 1,30539.59,0.669,13.0,47,0.928,4.75,0.244,0.427,0.22,9,0,671,75000,Moderate Risk,0.0896
GIG-13503,Blinkit,Tier 2,31760.09,0.713,-1.94,50,0.897,4.87,0.184,0.438,0.289,14,0,671,78000,Moderate Risk,0.1139
GIG-13504,Zomato,Tier 2,40196.99,0.609,-1.84,45,0.973,4.87,0.229,0.348,0.296,44,0,708,104000,Moderate Risk,0.1072
GIG-13505,Blinkit,Tier 1,29981.75,0.257,9.14,42,0.897,4.68,0.361,0.559,0.02,27,0,610,67000,High Risk,0.3043
GIG-13506,Ola,Tier 2,30021.13,0.869,-0.17,39,0.864,3.58,0.266,0.593,0.038,17,3,516,57000,Very High Risk,0.5198
GIG-13507,Swiggy,Tier 3,27806.42,0.665,18.48,41,0.896,3.62,0.236,0.433,0.2,55,0,663,68000,Moderate Risk,0.1153
GIG-13508,Urban Company,Tier 3,38201.07,0.889,4.94,54,0.909,4.96,0.277,0.613,0.02,42,0,713,100000,Moderate Risk,0.0939
GIG-13509,Blinkit,Tier 1,11000.0,0.313,6.84,41,0.895,4.91,0.359,0.578,0.02,7,0,578,23000,High Risk,0.1703
GIG-13510,Ola,Tier 2,24942.86,0.383,16.59,42,0.892,4.17,0.216,0.363,0.272,22,0,659,60000,Moderate Risk,0.1016
GIG-13511,Porter,Tier 1,22063.41,0.082,17.28,43,0.987,4.07,0.161,0.527,0.168,48,0,559,45000,High Risk,0.2713
GIG-13512,Uber,Tier 2,34915.09,0.57,-0.52,22,0.8,4.0,0.368,0.46,0.025,9,0,607,78000,High Risk,0.2871
GIG-13513,Blinkit,Tier 3,22254.27,0.497,10.13,31,0.955,3.75,0.295,0.358,0.241,47,0,642,52000,Moderate Risk,0.0634
GIG-13514,Zepto,Tier 3,49652.01,0.549,7.01,62,0.974,4.9,0.338,0.665,0.02,52,0,696,127000,Moderate Risk,0.1377
GIG-13515,Uber,Tier 2,16660.38,0.529,0.75,34,0.93,4.56,0.212,0.422,0.284,14,1,570,35000,High Risk,0.3465
GIG-13516,Blinkit,Tier 3,15163.94,0.34,10.43,44,0.8,4.67,0.177,0.503,0.193,33,0,616,34000,High Risk,0.2111
GIG-13517,Swiggy,Tier 2,32484.03,0.871,-7.57,55,0.883,4.63,0.364,0.437,0.116,4,0,678,81000,Moderate Risk,0.0936
GIG-13518,Porter,Tier 2,43835.44,0.704,11.53,38,0.942,4.55,0.391,0.356,0.177,35,0,715,115000,Moderate Risk,0.0802
GIG-13519,Ola,Tier 3,40029.25,0.487,5.34,31,0.882,4.75,0.165,0.481,0.24,40,2,599,88000,High Risk,0.2713
GIG-13520,Zomato,Tier 1,35501.64,0.683,-3.41,28,0.922,3.95,0.217,0.46,0.177,4,0,665,87000,Moderate Risk,0.1117
GIG-13521,Swiggy,Tier 2,32851.1,0.947,11.92,42,0.92,4.73,0.236,0.301,0.396,18,2,670,81000,Moderate Risk,0.0927
GIG-13522,Zepto,Tier 1,24572.83,0.173,7.52,39,0.804,3.89,0.317,0.345,0.197,42,0,581,52000,High Risk,0.2157
GIG-13523,Swiggy,Tier 1,24665.47,0.071,4.98,31,0.867,4.5,0.135,0.512,0.255,11,3,446,40000,Very High Risk,0.5331
GIG-13524,Blinkit,Tier 2,31714.71,0.527,3.82,44,0.933,4.4,0.201,0.552,0.166,21,0,665,77000,Moderate Risk,0.1101
GIG-13525,Ola,Tier 1,32853.65,0.48,13.26,37,0.855,4.49,0.286,0.627,0.02,27,0,654,79000,Moderate Risk,0.0923
GIG-13526,Ola,Tier 3,24851.95,0.143,0.41,50,0.856,3.64,0.296,0.677,0.02,5,0,563,51000,High Risk,0.345
GIG-13527,Ola,Tier 3,24147.63,0.242,-0.91,54,0.977,3.66,0.217,0.561,0.072,41,0,564,50000,High Risk,0.2634
GIG-13528,Porter,Tier 3,25758.91,0.494,3.94,45,0.882,3.74,0.346,0.563,0.02,59,0,615,58000,High Risk,0.2927
GIG-13529,Blinkit,Tier 1,28300.23,0.272,-11.63,46,0.86,4.52,0.314,0.344,0.193,20,0,594,62000,High Risk,0.1781
GIG-13530,Blinkit,Tier 3,27854.25,0.58,2.23,49,0.831,4.03,0.246,0.344,0.337,53,1,590,60000,High Risk,0.3387
GIG-13531,Zomato,Tier 3,31762.56,0.472,-6.39,56,0.824,3.88,0.145,0.488,0.276,53,0,642,75000,Moderate Risk,0.0957
GIG-13532,Zepto,Tier 3,34728.61,0.861,1.22,39,0.839,4.93,0.354,0.324,0.193,55,0,689,88000,Moderate Risk,0.0818
GIG-13533,Urban Company,Tier 1,19304.8,0.691,6.89,36,0.961,3.62,0.31,0.505,0.102,17,0,604,43000,High Risk,0.2178
GIG-13534,Blinkit,Tier 2,36795.86,0.74,2.12,45,0.953,3.92,0.22,0.575,0.076,18,0,676,91000,Moderate Risk,0.131
GIG-13535,Ola,Tier 3,28937.69,0.419,36.97,75,0.782,3.54,0.344,0.522,0.02,6,2,536,57000,Very High Risk,0.573
GIG-13536,Ola,Tier 3,27204.97,0.563,-4.38,41,0.83,4.51,0.263,0.516,0.139,47,1,574,57000,High Risk,0.2985
GIG-13537,Ola,Tier 3,32301.86,0.954,3.6,42,0.898,4.77,0.293,0.386,0.185,58,0,724,86000,Moderate Risk,0.114
GIG-13538,Zepto,Tier 3,15935.57,0.448,1.07,45,0.937,4.94,0.212,0.543,0.118,23,0,604,35000,High Risk,0.2564
GIG-13539,Uber,Tier 2,34512.16,0.801,-14.84,37,0.893,4.92,0.409,0.431,0.042,43,0,643,81000,Moderate Risk,0.1032
GIG-13540,Zomato,Tier 1,30524.0,0.557,10.13,38,0.856,4.52,0.268,0.489,0.105,58,0,649,73000,Moderate Risk,0.1347
GIG-13541,Porter,Tier 1,25782.16,0.584,7.34,46,0.806,3.6,0.375,0.5,0.02,15,0,585,55000,High Risk,0.2626
GIG-13542,Zomato,Tier 3,22171.71,0.602,-11.37,54,0.855,4.47,0.334,0.365,0.151,12,0,621,50000,High Risk,0.2682
GIG-13543,Ola,Tier 1,46825.97,0.657,-9.59,46,0.818,3.58,0.304,0.491,0.113,8,0,687,118000,Moderate Risk,0.1377
GIG-13544,Uber,Tier 3,31229.66,0.563,8.66,27,0.912,4.11,0.238,0.635,0.045,38,0,630,72000,High Risk,0.3247
GIG-13545,Ola,Tier 1,26876.37,0.661,16.54,52,0.817,4.81,0.226,0.46,0.242,35,0,680,67000,Moderate Risk,0.1144
GIG-13546,Swiggy,Tier 2,36655.1,0.873,-5.02,61,0.887,3.62,0.415,0.334,0.185,49,0,667,90000,Moderate Risk,0.1356
GIG-13547,Porter,Tier 2,32590.7,0.326,-5.59,31,0.975,3.66,0.327,0.654,0.02,13,0,580,69000,High Risk,0.2166
GIG-13548,Ola,Tier 1,33445.33,0.653,-0.11,38,0.82,3.69,0.229,0.359,0.312,30,0,654,80000,Moderate Risk,0.0945
GIG-13549,Uber,Tier 3,27030.15,0.325,-1.63,57,0.835,4.21,0.139,0.37,0.42,18,0,627,62000,High Risk,0.3142
GIG-13550,Urban Company,Tier 2,17963.24,0.203,-11.69,45,0.966,4.12,0.315,0.534,0.067,39,0,524,35000,Very High Risk,0.4347
GIG-13551,Porter,Tier 3,39824.21,0.835,14.74,51,0.867,4.26,0.255,0.483,0.191,15,0,730,107000,Moderate Risk,0.0998
GIG-13552,Urban Company,Tier 2,23083.37,0.65,20.51,41,0.85,4.72,0.417,0.387,0.057,8,0,684,58000,Moderate Risk,0.0958
GIG-13553,Blinkit,Tier 2,21316.05,0.155,-7.63,64,0.875,3.66,0.197,0.367,0.311,27,0,571,45000,High Risk,0.1757
GIG-13554,Uber,Tier 2,35743.96,0.92,1.42,53,0.92,4.77,0.412,0.384,0.142,31,0,713,93000,Moderate Risk,0.1026
GIG-13555,Zepto,Tier 3,17718.64,0.579,-14.55,51,0.847,3.53,0.3,0.689,0.02,42,0,544,35000,Very High Risk,0.6162
GIG-13556,Zepto,Tier 1,36441.8,0.551,10.05,32,0.841,3.55,0.279,0.65,0.02,55,0,632,84000,High Risk,0.2162
GIG-13557,Porter,Tier 1,18645.29,0.219,11.63,35,0.903,4.53,0.293,0.532,0.032,51,2,481,33000,Very High Risk,0.5336
GIG-13558,Zepto,Tier 2,24087.77,0.32,8.34,31,0.861,4.02,0.381,0.689,0.02,57,0,567,50000,High Risk,0.1582
GIG-13559,Swiggy,Tier 2,28841.23,0.162,2.78,41,0.96,4.11,0.295,0.319,0.244,41,0,585,62000,High Risk,0.2495
GIG-13560,Uber,Tier 3,24572.16,0.197,25.8,45,0.949,4.6,0.142,0.485,0.315,49,0,653,59000,Moderate Risk,0.1168
GIG-13561,Uber,Tier 2,26686.08,0.458,14.51,41,0.933,4.3,0.406,0.679,0.02,27,0,620,61000,High Risk,0.2296
GIG-13562,Porter,Tier 2,27168.33,0.36,16.06,42,0.883,4.52,0.347,0.348,0.239,32,0,639,64000,High Risk,0.3336
GIG-13563,Urban Company,Tier 2,24424.23,0.506,-1.07,41,0.988,3.76,0.177,0.637,0.056,38,3,498,45000,Very High Risk,0.3729
GIG-13564,Porter,Tier 1,18250.36,0.608,4.17,46,0.966,4.87,0.267,0.465,0.19,24,1,604,40000,High Risk,0.2634
GIG-13565,Uber,Tier 3,18330.04,0.15,12.64,33,0.814,4.82,0.153,0.693,0.02,33,1,535,36000,Very High Risk,0.5152
GIG-13566,Ola,Tier 1,11000.0,0.463,12.51,47,0.842,4.9,0.205,0.626,0.091,15,0,605,24000,High Risk,0.2281
GIG-13567,Zomato,Tier 1,38692.58,0.951,-0.41,44,0.915,4.72,0.338,0.488,0.067,58,0,712,101000,Moderate Risk,0.0853
GIG-13568,Blinkit,Tier 2,34776.03,0.934,22.14,36,0.843,4.25,0.196,0.329,0.386,28,0,779,99000,Low Risk,0.0368
GIG-13569,Zepto,Tier 2,21825.9,0.47,-12.08,49,0.973,4.83,0.343,0.351,0.186,50,0,610,49000,High Risk,0.3419
GIG-13570,Blinkit,Tier 2,22356.84,0.405,-2.88,40,0.944,4.2,0.197,0.553,0.179,34,0,610,50000,High Risk,0.2142
GIG-13571,Urban Company,Tier 3,22345.54,0.685,3.64,48,0.796,3.87,0.214,0.481,0.202,40,0,644,53000,Moderate Risk,0.1197
GIG-13572,Swiggy,Tier 2,35425.04,0.826,-6.29,37,0.838,3.93,0.145,0.353,0.431,59,0,715,93000,Moderate Risk,0.1095
GIG-13573,Zomato,Tier 1,26443.71,0.286,9.63,36,0.829,4.64,0.332,0.599,0.02,27,0,625,61000,High Risk,0.2552
GIG-13574,Uber,Tier 1,32059.63,0.782,1.79,50,0.791,4.13,0.365,0.459,0.1,51,0,688,81000,Moderate Risk,0.124
GIG-13575,Zepto,Tier 2,31468.07,0.81,-5.16,44,0.797,4.54,0.157,0.474,0.245,52,2,612,71000,High Risk,0.2867
GIG-13576,Blinkit,Tier 3,26366.86,0.452,2.04,49,0.788,4.63,0.308,0.476,0.081,48,1,585,57000,High Risk,0.219
GIG-13577,Porter,Tier 3,24152.83,0.135,-2.74,41,0.881,4.26,0.168,0.37,0.409,47,0,584,52000,High Risk,0.3338
GIG-13578,Blinkit,Tier 3,24895.12,0.197,-1.66,45,0.878,3.56,0.226,0.445,0.197,6,0,562,51000,High Risk,0.3151
GIG-13579,Zepto,Tier 2,28221.09,0.295,0.2,48,0.897,4.68,0.342,0.674,0.02,50,0,583,60000,High Risk,0.3135
GIG-13580,Ola,Tier 1,27237.63,0.222,-3.54,32,0.98,3.6,0.354,0.587,0.02,33,0,538,54000,Very High Risk,0.3774
GIG-13581,Zomato,Tier 2,26026.17,0.204,12.49,30,0.946,4.16,0.268,0.561,0.109,43,1,549,52000,Very High Risk,0.4238
GIG-13582,Zomato,Tier 3,37884.8,0.631,8.37,43,0.869,4.67,0.311,0.426,0.201,45,1,639,89000,High Risk,0.1998
GIG-13583,Uber,Tier 2,32086.27,0.652,5.03,38,0.797,4.67,0.232,0.665,0.048,41,0,640,75000,Moderate Risk,0.1014
GIG-13584,Porter,Tier 3,22735.63,0.057,6.66,37,0.929,3.61,0.318,0.622,0.02,12,0,545,45000,Very High Risk,0.4949
GIG-13585,Urban Company,Tier 1,33149.4,0.473,1.22,34,0.843,3.85,0.265,0.635,0.026,41,0,605,74000,High Risk,0.3387
GIG-13586,Uber,Tier 1,24597.37,0.209,1.96,49,0.949,3.79,0.287,0.665,0.02,10,0,536,48000,Very High Risk,0.6076
GIG-13587,Swiggy,Tier 3,29623.35,0.055,2.63,51,0.94,3.88,0.334,0.313,0.273,48,0,544,59000,Very High Risk,0.4821
GIG-13588,Zepto,Tier 2,15037.5,0.191,-9.4,56,0.951,4.93,0.188,0.351,0.379,48,0,561,31000,High Risk,0.2315
GIG-13589,Swiggy,Tier 3,20385.74,0.628,-4.99,33,0.926,4.34,0.266,0.381,0.215,15,1,578,43000,High Risk,0.2584
GIG-13590,Zepto,Tier 1,20251.79,0.086,-12.03,42,0.798,4.19,0.171,0.403,0.325,56,3,404,30000,Very High Risk,0.49
GIG-13591,Zepto,Tier 2,35640.37,0.67,25.31,47,0.904,4.95,0.158,0.695,0.05,47,0,713,93000,Moderate Risk,0.0878
GIG-13592,Urban Company,Tier 3,33480.23,0.808,-1.58,39,0.866,3.85,0.329,0.396,0.141,37,1,638,78000,High Risk,0.3215
GIG-13593,Zepto,Tier 3,21389.77,0.05,-4.97,32,0.814,4.09,0.146,0.428,0.339,22,0,566,44000,High Risk,0.323
GIG-13594,Zepto,Tier 3,20420.55,0.256,-5.93,45,0.929,3.73,0.138,0.402,0.393,58,0,617,46000,High Risk,0.2523
GIG-13595,Swiggy,Tier 1,27016.41,0.908,6.63,45,0.869,4.13,0.134,0.656,0.067,43,1,640,63000,Moderate Risk,0.1
GIG-13596,Blinkit,Tier 1,24728.87,0.38,20.11,43,0.794,4.16,0.129,0.666,0.059,20,0,596,54000,High Risk,0.2185
GIG-13597,Ola,Tier 3,30983.51,0.648,5.53,42,0.847,4.73,0.3,0.583,0.056,28,0,672,76000,Moderate Risk,0.0626
GIG-13598,Urban Company,Tier 1,25324.76,0.12,4.11,40,0.946,4.91,0.307,0.456,0.11,13,0,563,52000,High Risk,0.3092
GIG-13599,Porter,Tier 1,24314.43,0.482,1.79,61,0.797,4.26,0.38,0.642,0.02,9,0,611,54000,High Risk,0.274
GIG-13600,Swiggy,Tier 3,34364.61,0.275,16.1,41,0.956,4.64,0.131,0.359,0.429,29,1,651,82000,Moderate Risk,0.08
GIG-13601,Zepto,Tier 3,24464.79,0.324,-6.04,30,0.966,3.99,0.321,0.488,0.047,21,0,549,49000,Very High Risk,0.5566
GIG-13602,Zepto,Tier 1,26450.62,0.285,-20.9,43,0.883,3.52,0.365,0.433,0.08,14,0,547,53000,Very High Risk,0.4954
GIG-13603,Blinkit,Tier 1,28416.02,0.245,-23.13,32,0.793,4.29,0.322,0.597,0.02,48,1,483,50000,Very High Risk,0.4965
GIG-13604,Uber,Tier 1,32899.57,0.498,-1.87,29,0.907,3.64,0.37,0.437,0.077,34,4,407,49000,Very High Risk,0.4336
GIG-13605,Uber,Tier 3,26969.93,0.296,-9.7,62,0.85,4.22,0.214,0.648,0.081,10,0,557,55000,High Risk,0.2987
GIG-13606,Porter,Tier 3,25269.65,0.238,10.96,27,0.961,4.05,0.216,0.613,0.119,55,0,628,58000,High Risk,0.1812
GIG-13607,Ola,Tier 1,19587.13,0.89,-6.34,60,0.793,3.58,0.378,0.571,0.02,15,2,539,39000,Very High Risk,0.583
GIG-13608,Zomato,Tier 3,36602.64,0.517,17.79,42,0.867,4.69,0.368,0.643,0.02,14,0,657,88000,Moderate Risk,0.1026
GIG-13609,Ola,Tier 2,25821.96,0.423,8.41,54,0.915,4.1,0.244,0.421,0.242,60,0,623,59000,High Risk,0.249
GIG-13610,Zepto,Tier 2,21774.25,0.644,9.11,44,0.954,3.82,0.204,0.333,0.345,43,0,686,55000,Moderate Risk,0.1269
GIG-13611,Swiggy,Tier 3,29695.15,0.268,1.72,48,0.972,4.22,0.171,0.514,0.178,13,0,613,67000,High Risk,0.3169
GIG-13612,Swiggy,Tier 2,17999.63,0.4,-9.01,54,0.935,4.35,0.378,0.491,0.063,8,0,576,38000,High Risk,0.2859
GIG-13613,Zepto,Tier 1,34475.37,0.859,14.71,50,0.838,3.8,0.385,0.302,0.237,20,0,717,91000,Moderate Risk,0.0893
GIG-13614,Swiggy,Tier 2,26844.12,0.178,-1.85,41,0.89,4.15,0.189,0.662,0.039,4,0,558,55000,High Risk,0.1979
GIG-13615,Ola,Tier 2,32521.95,0.87,14.54,32,0.967,4.49,0.2,0.503,0.182,34,0,699,83000,Moderate Risk,0.0869
GIG-13616,Swiggy,Tier 1,48263.52,0.68,-7.18,46,0.895,3.55,0.165,0.368,0.354,6,0,702,124000,Moderate Risk,0.098
GIG-13617,Urban Company,Tier 1,39349.04,0.864,10.74,38,0.921,4.55,0.165,0.568,0.148,45,0,723,104000,Moderate Risk,0.1145
GIG-13618,Zomato,Tier 1,25927.79,0.38,11.78,47,0.967,3.62,0.207,0.508,0.232,16,0,655,62000,Moderate Risk,0.1336
GIG-13619,Zomato,Tier 2,17760.42,0.748,9.33,46,0.961,4.45,0.258,0.47,0.143,41,0,656,43000,Moderate Risk,0.1119
GIG-13620,Urban Company,Tier 2,49068.65,0.893,24.16,39,0.969,3.68,0.123,0.366,0.362,33,1,730,131000,Moderate Risk,0.0933
GIG-13621,Blinkit,Tier 3,30441.05,0.741,1.83,34,0.964,4.46,0.363,0.663,0.02,30,0,661,74000,Moderate Risk,0.1218
GIG-13622,Blinkit,Tier 2,42402.15,0.827,10.47,60,0.879,4.94,0.314,0.636,0.02,46,0,737,115000,Moderate Risk,0.0959
GIG-13623,Blinkit,Tier 2,35056.66,0.726,15.04,42,0.985,4.35,0.164,0.471,0.255,55,0,708,91000,Moderate Risk,0.0979
GIG-13624,Ola,Tier 2,22516.3,0.369,3.47,41,0.892,3.59,0.325,0.454,0.131,45,0,595,49000,High Risk,0.3077
GIG-13625,Zepto,Tier 2,24810.9,0.363,11.67,47,0.795,4.16,0.165,0.624,0.1,42,1,567,52000,High Risk,0.1812
GIG-13626,Zomato,Tier 2,25258.25,0.377,6.53,54,0.813,3.62,0.268,0.606,0.02,58,0,582,54000,High Risk,0.2601
GIG-13627,Blinkit,Tier 1,23490.89,0.663,-8.65,35,0.866,4.18,0.219,0.403,0.266,3,0,650,56000,Moderate Risk,0.1179
GIG-13628,Porter,Tier 3,22114.67,0.287,14.1,32,0.82,4.43,0.372,0.516,0.02,28,4,410,33000,Very High Risk,0.5443
GIG-13629,Uber,Tier 1,33306.48,0.388,2.42,24,0.863,4.27,0.179,0.374,0.362,41,0,671,82000,Moderate Risk,0.0848
GIG-13630,Swiggy,Tier 3,13275.05,0.466,19.51,45,0.963,4.55,0.151,0.301,0.479,20,0,667,32000,Moderate Risk,0.1016
GIG-13631,Ola,Tier 2,17227.8,0.167,25.84,42,0.86,4.61,0.325,0.56,0.062,31,1,527,33000,Very High Risk,0.6169
GIG-13632,Porter,Tier 3,25372.61,0.292,13.08,53,0.801,4.41,0.228,0.519,0.194,29,0,608,57000,High Risk,0.2232
GIG-13633,Ola,Tier 1,24293.33,0.418,31.25,36,0.818,3.99,0.393,0.418,0.075,43,0,614,55000,High Risk,0.1963
GIG-13634,Blinkit,Tier 1,35459.16,0.661,8.63,42,0.929,4.36,0.363,0.344,0.217,43,0,704,92000,Moderate Risk,0.1345
GIG-13635,Blinkit,Tier 1,38069.27,0.829,5.83,42,0.831,4.58,0.352,0.605,0.02,54,0,713,100000,Moderate Risk,0.133
GIG-13636,Blinkit,Tier 3,31205.39,0.604,24.94,49,0.813,3.51,0.41,0.624,0.02,31,0,652,75000,Moderate Risk,0.0982
GIG-13637,Ola,Tier 3,35911.63,0.672,-5.21,48,0.86,3.89,0.314,0.668,0.02,34,0,621,82000,High Risk,0.2936
GIG-13638,Zepto,Tier 3,45833.81,0.955,13.51,51,0.849,4.42,0.174,0.616,0.132,42,0,757,127000,Low Risk,0.0357
GIG-13639,Swiggy,Tier 2,33288.36,0.649,8.5,51,0.9,3.98,0.164,0.477,0.231,30,0,681,83000,Moderate Risk,0.0754
GIG-13640,Porter,Tier 3,30902.9,0.838,12.94,57,0.983,4.31,0.41,0.416,0.038,57,0,702,80000,Moderate Risk,0.1367
GIG-13641,Swiggy,Tier 3,34145.6,0.98,7.98,54,0.935,3.52,0.222,0.608,0.08,27,0,701,88000,Moderate Risk,0.0754
GIG-13642,Urban Company,Tier 3,32903.4,0.24,-0.26,23,0.838,4.92,0.331,0.457,0.144,15,0,571,69000,High Risk,0.2336
GIG-13643,Uber,Tier 3,13564.16,0.248,-0.99,39,0.839,3.5,0.402,0.472,0.068,59,0,532,26000,Very High Risk,0.5993
GIG-13644,Zomato,Tier 1,12649.36,0.423,-5.34,29,0.893,4.17,0.198,0.699,0.02,34,0,560,26000,High Risk,0.1525
GIG-13645,Swiggy,Tier 2,35300.47,0.733,-18.71,41,0.811,4.08,0.211,0.464,0.258,56,0,659,85000,Moderate Risk,0.1316
GIG-13646,Porter,Tier 1,24073.81,0.421,3.43,48,0.863,4.37,0.148,0.68,0.075,60,0,593,52000,High Risk,0.2191
GIG-13647,Porter,Tier 1,16087.55,0.106,-2.12,55,0.783,4.04,0.203,0.664,0.035,33,0,535,32000,Very High Risk,0.5172
GIG-13648,Ola,Tier 1,37857.72,0.84,-8.27,36,0.866,3.68,0.14,0.517,0.248,16,0,684,95000,Moderate Risk,0.0755
GIG-13649,Uber,Tier 3,12819.69,0.191,-7.54,43,0.968,3.84,0.398,0.348,0.12,47,0,519,24000,Very High Risk,0.4246
GIG-13650,Swiggy,Tier 1,33406.97,0.531,-4.38,57,0.977,4.33,0.143,0.327,0.406,30,1,614,75000,High Risk,0.1952
GIG-13651,Zomato,Tier 1,35640.64,0.528,-3.38,30,0.856,4.18,0.322,0.613,0.02,23,0,627,82000,High Risk,0.334
GIG-13652,Zepto,Tier 2,35193.13,0.651,2.41,43,0.875,4.52,0.413,0.509,0.02,17,1,587,76000,High Risk,0.3196
GIG-13653,Urban Company,Tier 3,29296.35,0.566,-0.3,36,0.84,4.74,0.299,0.333,0.279,33,0,651,70000,Moderate Risk,0.1324
GIG-13654,Swiggy,Tier 3,11000.0,0.274,-3.76,35,0.781,3.62,0.174,0.556,0.199,11,0,570,23000,High Risk,0.1619
GIG-13655,Porter,Tier 1,37542.88,0.589,5.23,42,0.814,3.99,0.16,0.567,0.183,53,3,548,75000,Very High Risk,0.4419
GIG-13656,Blinkit,Tier 1,29893.05,0.397,3.79,54,0.89,4.98,0.381,0.662,0.02,39,2,540,59000,Very High Risk,0.6051
GIG-13657,Swiggy,Tier 3,32441.69,0.615,-5.34,54,0.913,4.28,0.39,0.569,0.02,24,0,628,75000,High Risk,0.1879
GIG-13658,Zepto,Tier 3,33891.35,0.603,2.58,50,0.797,4.33,0.265,0.588,0.043,50,0,647,80000,Moderate Risk,0.0697
GIG-13659,Zepto,Tier 3,26635.82,0.255,9.76,47,0.968,3.73,0.419,0.363,0.084,44,0,592,58000,High Risk,0.3239
GIG-13660,Zepto,Tier 1,41001.32,0.763,1.29,48,0.888,4.48,0.318,0.568,0.032,17,3,558,84000,High Risk,0.2415
GIG-13661,Urban Company,Tier 1,41254.19,0.774,22.04,46,0.891,3.64,0.375,0.648,0.02,21,1,635,96000,High Risk,0.2296
GIG-13662,Swiggy,Tier 1,28253.52,0.358,16.22,59,0.807,4.57,0.225,0.483,0.23,8,0,672,70000,Moderate Risk,0.0942
GIG-13663,Blinkit,Tier 3,16975.09,0.428,10.08,32,0.838,4.14,0.137,0.611,0.193,40,1,558,35000,High Risk,0.2591
GIG-13664,Ola,Tier 3,27085.01,0.517,-5.4,69,0.895,4.29,0.394,0.658,0.02,10,0,609,60000,High Risk,0.2762
GIG-13665,Blinkit,Tier 1,36864.22,0.769,0.34,38,0.859,4.19,0.269,0.661,0.02,57,0,675,91000,Moderate Risk,0.1376
GIG-13666,Blinkit,Tier 2,22697.49,0.364,8.78,53,0.824,4.19,0.146,0.508,0.206,39,0,599,50000,High Risk,0.3481
GIG-13667,Zomato,Tier 2,32632.13,0.837,3.12,34,0.819,4.68,0.225,0.375,0.277,6,1,637,76000,High Risk,0.2764
GIG-13668,Ola,Tier 2,22445.16,0.433,-0.5,32,0.84,4.88,0.369,0.625,0.02,30,0,633,52000,High Risk,0.2213
GIG-13669,Blinkit,Tier 2,37573.47,0.821,23.07,42,0.969,3.58,0.152,0.574,0.186,54,0,730,101000,Moderate Risk,0.0878
GIG-13670,Uber,Tier 3,17922.13,0.487,1.34,37,0.802,4.93,0.325,0.308,0.269,45,0,608,40000,High Risk,0.1614
GIG-13671,Ola,Tier 1,29301.34,0.297,10.79,27,0.795,4.48,0.164,0.412,0.346,28,0,649,70000,Moderate Risk,0.0825
GIG-13672,Zomato,Tier 3,30524.02,0.87,-4.17,51,0.782,4.68,0.331,0.434,0.177,57,0,695,78000,Moderate Risk,0.0881
GIG-13673,Porter,Tier 2,28275.57,0.132,-3.69,60,0.901,4.38,0.333,0.382,0.182,12,0,573,59000,High Risk,0.3404
GIG-13674,Urban Company,Tier 1,13419.51,0.733,19.52,32,0.816,3.74,0.37,0.317,0.183,34,0,685,34000,Moderate Risk,0.1214
GIG-13675,Porter,Tier 1,19090.28,0.385,0.1,45,0.831,4.04,0.216,0.338,0.391,41,0,613,43000,High Risk,0.245
GIG-13676,Urban Company,Tier 1,24824.34,0.406,-10.54,54,0.806,4.08,0.248,0.445,0.18,50,1,542,49000,Very High Risk,0.5032
GIG-13677,Zomato,Tier 3,25863.69,0.222,18.94,40,0.894,4.41,0.409,0.57,0.02,23,4,407,39000,Very High Risk,0.4869
GIG-13678,Urban Company,Tier 3,31058.91,0.641,12.75,48,0.857,4.04,0.304,0.389,0.242,47,0,664,76000,Moderate Risk,0.0604
GIG-13679,Swiggy,Tier 2,16496.84,0.298,16.78,37,0.896,4.58,0.196,0.433,0.249,57,0,607,37000,High Risk,0.1915
GIG-13680,Porter,Tier 3,35667.53,0.766,-6.03,62,0.799,4.73,0.301,0.37,0.241,56,0,695,91000,Moderate Risk,0.1222
GIG-13681,Ola,Tier 2,27461.44,0.725,4.57,42,0.982,3.89,0.265,0.655,0.02,21,0,637,64000,High Risk,0.1838
GIG-13682,Zepto,Tier 1,28417.98,0.088,0.33,48,0.947,3.57,0.386,0.551,0.02,54,0,524,55000,Very High Risk,0.4864
GIG-13683,Blinkit,Tier 1,37393.22,0.73,0.61,51,0.897,4.32,0.292,0.35,0.273,55,0,687,94000,Moderate Risk,0.0798
GIG-13684,Ola,Tier 3,51503.34,0.807,-10.67,50,0.817,4.76,0.266,0.689,0.02,54,0,695,131000,Moderate Risk,0.1156
GIG-13685,Ola,Tier 3,23697.85,0.656,-6.65,32,0.827,3.64,0.258,0.538,0.096,50,3,476,41000,Very High Risk,0.4606
GIG-13686,Zomato,Tier 1,34337.93,0.944,-13.06,59,0.788,3.87,0.147,0.482,0.236,57,0,692,87000,Moderate Risk,0.1016
GIG-13687,Porter,Tier 3,23383.49,0.264,6.19,48,0.81,3.87,0.266,0.509,0.12,28,0,579,50000,High Risk,0.3354
GIG-13688,Urban Company,Tier 3,19706.89,0.579,14.08,41,0.867,4.47,0.204,0.68,0.044,57,1,581,42000,High Risk,0.2229
GIG-13689,Uber,Tier 1,27702.02,0.095,10.23,32,0.844,3.98,0.167,0.424,0.268,38,0,591,60000,High Risk,0.2049
GIG-13690,Zepto,Tier 2,31550.24,0.627,-2.58,43,0.928,4.94,0.146,0.447,0.308,30,0,674,78000,Moderate Risk,0.0965
GIG-13691,Porter,Tier 2,30352.7,0.815,20.45,45,0.813,4.9,0.412,0.653,0.02,51,0,706,79000,Moderate Risk,0.0926
GIG-13692,Zepto,Tier 2,28856.45,0.321,8.41,52,0.799,4.89,0.167,0.483,0.202,7,3,493,52000,Very High Risk,0.6238
GIG-13693,Urban Company,Tier 2,29507.14,0.474,30.79,51,0.8,4.35,0.219,0.505,0.165,47,1,640,69000,Moderate Risk,0.0626
GIG-13694,Ola,Tier 3,34271.36,0.773,24.02,52,0.959,4.91,0.344,0.322,0.282,57,0,751,94000,Low Risk,0.0122
GIG-13695,Zepto,Tier 1,21552.06,0.36,3.51,40,0.955,3.73,0.361,0.541,0.03,11,1,524,41000,Very High Risk,0.5145
GIG-13696,Blinkit,Tier 3,35297.01,0.38,9.02,45,0.834,3.85,0.3,0.373,0.222,58,0,600,78000,High Risk,0.1897
GIG-13697,Zomato,Tier 3,22018.99,0.504,5.01,38,0.908,3.96,0.15,0.613,0.145,22,0,629,51000,High Risk,0.1857
GIG-13698,Porter,Tier 3,44424.45,0.381,-0.02,27,0.935,4.57,0.221,0.504,0.202,13,1,627,102000,High Risk,0.3374
GIG-13699,Uber,Tier 2,24075.18,0.55,6.44,40,0.892,4.86,0.259,0.557,0.094,47,1,593,52000,High Risk,0.1665
GIG-13700,Porter,Tier 2,34049.73,0.873,13.31,55,0.951,4.62,0.31,0.302,0.286,60,0,736,92000,Moderate Risk,0.106
GIG-13701,Uber,Tier 1,30689.86,0.618,3.51,41,0.916,4.78,0.363,0.418,0.164,16,0,647,73000,Moderate Risk,0.1047
GIG-13702,Ola,Tier 3,16278.19,0.416,-5.3,50,0.812,3.96,0.151,0.395,0.395,44,0,593,35000,High Risk,0.1507
GIG-13703,Zomato,Tier 2,36035.65,0.799,-4.5,44,0.915,4.59,0.331,0.431,0.104,49,2,573,76000,High Risk,0.2908
GIG-13704,Swiggy,Tier 3,20863.88,0.203,-0.35,44,0.791,3.58,0.268,0.536,0.146,53,0,530,41000,Very High Risk,0.3651
GIG-13705,Uber,Tier 2,27540.95,0.632,19.34,40,0.815,4.2,0.276,0.608,0.02,30,0,646,65000,Moderate Risk,0.084
GIG-13706,Uber,Tier 1,24843.26,0.283,18.03,54,0.897,4.32,0.126,0.608,0.125,9,0,623,57000,High Risk,0.2071
GIG-13707,Blinkit,Tier 2,39447.72,0.826,-1.25,49,0.825,4.98,0.191,0.516,0.213,14,1,697,101000,Moderate Risk,0.1258
GIG-13708,Zomato,Tier 1,31198.12,0.625,5.18,46,0.821,3.56,0.403,0.493,0.02,35,0,618,71000,High Risk,0.2383
GIG-13709,Blinkit,Tier 3,32190.93,0.632,9.55,41,0.796,3.77,0.382,0.66,0.02,30,0,628,74000,High Risk,0.3391
GIG-13710,Uber,Tier 3,28360.15,0.777,-5.45,44,0.912,4.68,0.13,0.545,0.193,49,0,662,69000,Moderate Risk,0.1397
GIG-13711,Zepto,Tier 1,22195.69,0.482,5.93,51,0.919,4.02,0.302,0.421,0.152,5,0,624,51000,High Risk,0.2027
GIG-13712,Swiggy,Tier 1,49198.02,0.843,10.24,42,0.971,3.53,0.315,0.33,0.245,28,1,684,123000,Moderate Risk,0.1366
GIG-13713,Porter,Tier 2,45059.91,0.507,-6.71,56,0.953,4.75,0.406,0.338,0.164,47,0,660,109000,Moderate Risk,0.0657
GIG-13714,Uber,Tier 3,31021.53,0.918,5.41,44,0.919,4.1,0.291,0.607,0.026,50,2,603,69000,High Risk,0.1666
GIG-13715,Zepto,Tier 3,37843.85,0.64,7.75,43,0.909,4.48,0.394,0.511,0.02,53,0,653,91000,Moderate Risk,0.0744
GIG-13716,Swiggy,Tier 2,28687.95,0.634,0.58,58,0.801,3.65,0.25,0.323,0.32,58,0,643,68000,Moderate Risk,0.1074
GIG-13717,Zepto,Tier 2,32669.85,0.878,4.68,55,0.82,4.81,0.228,0.592,0.098,43,0,689,83000,Moderate Risk,0.1294
GIG-13718,Porter,Tier 2,31324.82,0.724,7.08,55,0.842,4.28,0.371,0.426,0.114,3,0,670,77000,Moderate Risk,0.0766
GIG-13719,Swiggy,Tier 1,35568.04,0.497,16.86,49,0.793,3.94,0.153,0.404,0.316,8,0,705,92000,Moderate Risk,0.1253
GIG-13720,Swiggy,Tier 2,33823.13,0.615,-4.63,45,0.971,4.15,0.382,0.584,0.02,44,1,578,72000,High Risk,0.2333
GIG-13721,Ola,Tier 1,31245.4,0.769,-6.47,35,0.857,3.77,0.321,0.511,0.041,40,0,615,70000,High Risk,0.257
GIG-13722,Porter,Tier 2,23607.74,0.086,-9.35,44,0.895,4.38,0.126,0.382,0.418,47,0,574,50000,High Risk,0.2025
GIG-13723,Swiggy,Tier 3,20717.88,0.237,5.38,50,0.908,4.59,0.22,0.688,0.027,14,0,580,44000,High Risk,0.1715
GIG-13724,Zepto,Tier 2,24346.72,0.2,18.35,55,0.967,4.8,0.413,0.402,0.108,44,0,569,51000,High Risk,0.2981
GIG-13725,Zepto,Tier 2,32939.77,0.74,5.37,52,0.936,3.8,0.285,0.432,0.136,39,0,677,82000,Moderate Risk,0.0675
GIG-13726,Uber,Tier 1,39448.54,0.627,8.36,54,0.788,4.55,0.392,0.573,0.02,23,0,674,97000,Moderate Risk,0.1001
GIG-13727,Swiggy,Tier 3,18643.9,0.509,15.64,53,0.856,3.51,0.186,0.602,0.102,58,0,606,41000,High Risk,0.307
GIG-13728,Uber,Tier 2,26428.49,0.78,29.14,38,0.953,4.52,0.362,0.509,0.036,55,0,694,67000,Moderate Risk,0.1084
GIG-13729,Zomato,Tier 2,35325.41,0.961,-8.41,48,0.902,3.94,0.146,0.63,0.167,38,0,708,92000,Moderate Risk,0.0678
GIG-13730,Porter,Tier 1,21943.15,0.595,11.29,23,0.962,4.3,0.32,0.572,0.02,36,1,570,46000,High Risk,0.3448
GIG-13731,Swiggy,Tier 1,34760.15,0.698,-3.59,51,0.795,4.32,0.345,0.519,0.02,45,0,654,83000,Moderate Risk,0.0719
GIG-13732,Swiggy,Tier 1,23117.15,0.003,8.64,40,0.981,4.7,0.249,0.301,0.396,58,0,612,52000,High Risk,0.2699
GIG-13733,Uber,Tier 1,32367.77,0.672,17.77,33,0.906,4.05,0.154,0.437,0.355,38,0,698,83000,Moderate Risk,0.106
GIG-13734,Porter,Tier 2,15802.43,0.449,3.67,58,0.893,4.96,0.174,0.591,0.138,10,1,543,31000,Very High Risk,0.4306
GIG-13735,Zomato,Tier 1,21636.18,0.363,-4.29,68,0.957,4.4,0.409,0.642,0.02,39,1,522,41000,Very High Risk,0.501
GIG-13736,Ola,Tier 3,21848.51,0.262,5.54,42,0.889,4.38,0.143,0.322,0.467,13,1,575,46000,High Risk,0.228
GIG-13737,Swiggy,Tier 3,12394.51,0.136,9.1,47,0.791,4.7,0.14,0.432,0.376,19,2,490,22000,Very High Risk,0.4883
GIG-13738,Zomato,Tier 1,39428.28,0.621,11.52,36,0.827,3.63,0.39,0.661,0.02,10,0,621,90000,High Risk,0.3014
GIG-13739,Urban Company,Tier 2,37925.45,0.718,-2.74,47,0.896,4.57,0.242,0.318,0.301,37,0,707,98000,Moderate Risk,0.1326
GIG-13740,Uber,Tier 2,29325.18,0.71,9.55,50,0.922,4.42,0.397,0.377,0.157,45,3,523,56000,Very High Risk,0.6492
GIG-13741,Zomato,Tier 1,50622.39,0.656,-1.68,51,0.957,4.21,0.261,0.694,0.02,22,0,670,124000,Moderate Risk,0.1367
GIG-13742,Zomato,Tier 3,18154.1,0.583,-4.63,51,0.831,4.96,0.231,0.592,0.043,60,0,629,42000,High Risk,0.2714
GIG-13743,Urban Company,Tier 3,22841.64,0.708,10.96,47,0.961,3.83,0.384,0.624,0.02,37,0,635,53000,High Risk,0.3138
GIG-13744,Porter,Tier 1,30368.96,0.848,11.5,38,0.852,4.09,0.233,0.385,0.238,39,1,655,73000,Moderate Risk,0.0898
GIG-13745,Porter,Tier 3,25737.31,0.39,17.31,50,0.832,4.93,0.126,0.559,0.257,23,1,619,58000,High Risk,0.3214
GIG-13746,Blinkit,Tier 3,31446.39,0.717,17.07,50,0.823,3.63,0.186,0.419,0.317,37,0,720,83000,Moderate Risk,0.068
GIG-13747,Ola,Tier 3,27119.28,0.249,6.92,44,0.798,4.28,0.196,0.463,0.246,9,2,552,55000,High Risk,0.3404
GIG-13748,Zomato,Tier 1,23739.9,0.377,11.21,50,0.976,3.9,0.151,0.38,0.356,5,0,633,55000,High Risk,0.2777
GIG-13749,Ola,Tier 1,33241.4,0.968,4.66,60,0.98,3.61,0.359,0.407,0.102,22,0,688,84000,Moderate Risk,0.0692
GIG-13750,Ola,Tier 1,34875.9,0.62,11.01,43,0.968,3.6,0.385,0.569,0.02,41,0,656,84000,Moderate Risk,0.1151
GIG-13751,Ola,Tier 3,40351.68,0.935,2.33,32,0.961,3.65,0.417,0.544,0.02,25,1,648,96000,Moderate Risk,0.1148
GIG-13752,Urban Company,Tier 1,19381.67,0.512,12.05,54,0.811,3.65,0.138,0.552,0.228,49,0,604,43000,High Risk,0.162
GIG-13753,Zepto,Tier 1,34914.54,0.636,11.65,27,0.791,3.93,0.325,0.671,0.02,38,0,654,84000,Moderate Risk,0.0983
GIG-13754,Urban Company,Tier 2,25681.42,0.303,-0.35,42,0.861,4.42,0.264,0.582,0.042,27,0,616,58000,High Risk,0.3414
GIG-13755,Uber,Tier 2,30913.26,0.713,11.29,36,0.87,4.89,0.218,0.362,0.355,32,0,726,82000,Moderate Risk,0.078
GIG-13756,Swiggy,Tier 2,41345.11,0.637,1.14,48,0.784,3.83,0.301,0.394,0.25,46,0,679,103000,Moderate Risk,0.1047
GIG-13757,Zepto,Tier 3,42058.48,0.439,4.96,62,0.988,4.38,0.378,0.633,0.02,12,0,647,100000,Moderate Risk,0.077
GIG-13758,Ola,Tier 1,35824.93,0.535,-7.33,56,0.902,3.69,0.147,0.656,0.054,43,2,507,67000,Very High Risk,0.4949
GIG-13759,Urban Company,Tier 3,29994.17,0.445,15.17,49,0.906,4.62,0.35,0.396,0.165,47,1,629,69000,High Risk,0.2023
GIG-13760,Ola,Tier 3,25493.71,0.473,-4.18,36,0.898,4.31,0.247,0.355,0.255,26,0,614,57000,High Risk,0.1747
GIG-13761,Uber,Tier 2,35378.31,0.418,-1.82,30,0.883,4.83,0.123,0.495,0.256,55,0,652,85000,Moderate Risk,0.0998
GIG-13762,Uber,Tier 2,44901.43,0.776,-17.1,40,0.973,4.48,0.257,0.67,0.02,53,0,659,108000,Moderate Risk,0.1051
GIG-13763,Zepto,Tier 2,25751.3,0.402,14.73,51,0.899,4.09,0.129,0.377,0.383,4,0,638,60000,High Risk,0.2328
GIG-13764,Ola,Tier 1,25798.97,0.078,1.05,55,0.963,3.98,0.227,0.632,0.02,20,0,535,51000,Very High Risk,0.6282
GIG-13765,Swiggy,Tier 3,14231.87,0.67,2.23,47,0.814,4.46,0.392,0.404,0.119,10,1,561,29000,High Risk,0.2971
GIG-13766,Zepto,Tier 1,36858.91,0.795,4.43,36,0.801,3.92,0.123,0.586,0.226,24,0,716,97000,Moderate Risk,0.0788
GIG-13767,Swiggy,Tier 2,28121.72,0.502,19.15,45,0.949,3.95,0.334,0.34,0.187,24,0,660,68000,Moderate Risk,0.0842
GIG-13768,Urban Company,Tier 1,32035.06,0.691,8.43,46,0.912,4.29,0.287,0.557,0.033,58,0,661,78000,Moderate Risk,0.0705
GIG-13769,Ola,Tier 2,26321.35,0.066,11.11,57,0.847,4.14,0.205,0.315,0.423,3,0,616,59000,High Risk,0.2554
GIG-13770,Swiggy,Tier 2,15854.21,0.566,1.56,18,0.812,4.02,0.408,0.436,0.047,17,0,615,36000,High Risk,0.1628
GIG-13771,Zepto,Tier 1,43070.15,0.477,-2.68,48,0.879,3.8,0.373,0.502,0.02,53,0,627,99000,High Risk,0.2361
GIG-13772,Swiggy,Tier 1,19007.37,0.264,21.75,40,0.795,3.72,0.358,0.326,0.243,36,0,605,42000,High Risk,0.2795
GIG-13773,Urban Company,Tier 3,17721.76,0.199,11.73,53,0.878,3.7,0.349,0.329,0.182,55,1,540,35000,Very High Risk,0.6119
GIG-13774,Porter,Tier 1,42506.12,0.818,12.13,51,0.89,4.09,0.411,0.466,0.02,36,0,708,110000,Moderate Risk,0.0848
GIG-13775,Blinkit,Tier 3,37088.08,0.894,5.6,53,0.813,4.55,0.21,0.403,0.332,39,0,737,100000,Moderate Risk,0.0913
GIG-13776,Urban Company,Tier 3,39107.67,0.67,6.39,31,0.952,4.72,0.325,0.489,0.096,20,1,636,91000,High Risk,0.2634
GIG-13777,Swiggy,Tier 1,16336.95,0.195,9.56,50,0.952,3.59,0.266,0.354,0.263,13,0,554,33000,High Risk,0.2616
GIG-13778,Blinkit,Tier 2,28300.0,0.089,13.44,48,0.934,4.82,0.399,0.48,0.02,14,0,581,60000,High Risk,0.3005
GIG-13779,Blinkit,Tier 3,34413.64,0.779,-3.21,26,0.898,3.66,0.151,0.684,0.081,46,0,633,80000,High Risk,0.2349
GIG-13780,Zepto,Tier 2,21381.16,0.366,7.72,55,0.805,4.1,0.31,0.325,0.313,40,2,517,41000,Very High Risk,0.5113
GIG-13781,Uber,Tier 2,31786.38,0.942,-2.04,33,0.889,3.78,0.37,0.367,0.184,3,0,688,80000,Moderate Risk,0.1355
GIG-13782,Uber,Tier 3,20698.14,0.463,16.88,32,0.889,4.2,0.15,0.569,0.158,11,0,642,49000,Moderate Risk,0.074
GIG-13783,Uber,Tier 2,30617.62,0.83,6.39,43,0.846,3.56,0.192,0.502,0.245,39,2,596,67000,High Risk,0.3464
GIG-13784,Urban Company,Tier 1,41509.98,0.83,7.8,36,0.979,4.17,0.256,0.498,0.154,49,0,717,109000,Moderate Risk,0.0693
GIG-13785,Blinkit,Tier 3,27959.9,0.303,5.61,53,0.968,4.01,0.165,0.377,0.361,52,0,643,66000,Moderate Risk,0.1162
GIG-13786,Ola,Tier 3,33117.99,0.606,5.52,31,0.894,4.63,0.224,0.337,0.329,41,1,657,80000,Moderate Risk,0.0612
GIG-13787,Zepto,Tier 3,39904.64,0.67,2.32,52,0.883,3.67,0.135,0.324,0.434,32,0,738,108000,Moderate Risk,0.1326
GIG-13788,Uber,Tier 2,40373.81,0.678,4.72,41,0.917,4.68,0.254,0.676,0.02,25,0,683,101000,Moderate Risk,0.0928
GIG-13789,Porter,Tier 3,27894.08,0.198,-2.6,44,0.956,4.91,0.209,0.514,0.197,21,0,624,64000,High Risk,0.1794
GIG-13790,Urban Company,Tier 2,27056.37,0.377,2.33,31,0.924,4.16,0.392,0.608,0.02,36,0,583,58000,High Risk,0.2265
GIG-13791,Ola,Tier 2,34993.58,0.889,16.92,43,0.788,3.95,0.123,0.366,0.389,43,0,715,92000,Moderate Risk,0.0698
GIG-13792,Swiggy,Tier 2,33441.33,0.683,7.08,38,0.984,3.83,0.203,0.53,0.139,29,0,662,81000,Moderate Risk,0.1299
GIG-13793,Blinkit,Tier 1,33119.81,0.935,4.88,22,0.957,4.62,0.255,0.413,0.197,43,1,703,85000,Moderate Risk,0.0895
GIG-13794,Swiggy,Tier 1,24486.64,0.439,-12.77,43,0.924,3.86,0.29,0.585,0.02,49,0,565,51000,High Risk,0.2698
GIG-13795,Ola,Tier 1,27409.72,0.33,25.8,69,0.983,3.9,0.291,0.453,0.164,13,0,619,62000,High Risk,0.2437
GIG-13796,Zomato,Tier 1,32858.58,0.971,-0.98,44,0.831,4.66,0.373,0.586,0.02,50,1,646,78000,Moderate Risk,0.0693
GIG-13797,Urban Company,Tier 3,19359.7,0.232,1.98,18,0.786,4.27,0.323,0.393,0.135,34,3,447,32000,Very High Risk,0.3702
GIG-13798,Zomato,Tier 2,19946.47,0.376,1.67,65,0.91,4.58,0.413,0.349,0.157,46,1,573,42000,High Risk,0.1766
GIG-13799,Uber,Tier 2,20764.95,0.392,8.73,39,0.874,3.99,0.384,0.524,0.02,34,1,552,42000,High Risk,0.1706
GIG-13800,Swiggy,Tier 2,29339.44,0.226,12.94,36,0.918,3.84,0.201,0.34,0.368,3,0,635,68000,High Risk,0.3205
GIG-13801,Ola,Tier 3,26131.38,0.405,6.72,39,0.785,4.87,0.226,0.56,0.146,3,0,633,61000,High Risk,0.3417
GIG-13802,Zepto,Tier 3,22661.54,0.352,11.25,48,0.817,4.25,0.229,0.433,0.267,37,1,604,50000,High Risk,0.2053
GIG-13803,Blinkit,Tier 1,11000.0,0.344,27.37,60,0.969,4.55,0.4,0.492,0.02,50,0,579,23000,High Risk,0.2723
GIG-13804,Zomato,Tier 3,29844.25,0.175,4.75,50,0.807,3.54,0.352,0.519,0.079,31,0,567,62000,High Risk,0.2876
GIG-13805,Uber,Tier 3,27487.13,0.521,6.53,37,0.938,4.34,0.124,0.384,0.346,59,0,687,69000,Moderate Risk,0.0702
GIG-13806,Ola,Tier 1,38224.84,0.746,-0.76,36,0.796,4.09,0.197,0.405,0.323,7,0,711,100000,Moderate Risk,0.095
GIG-13807,Blinkit,Tier 1,12320.14,0.473,3.57,48,0.783,3.87,0.141,0.527,0.25,35,1,553,25000,High Risk,0.2621
GIG-13808,Blinkit,Tier 1,41788.03,0.437,2.17,38,0.896,4.3,0.156,0.303,0.482,30,0,676,104000,Moderate Risk,0.0793
GIG-13809,Porter,Tier 2,16187.61,0.52,-3.35,43,0.957,4.5,0.235,0.36,0.336,13,0,621,37000,High Risk,0.1991
GIG-13810,Blinkit,Tier 1,18632.58,0.463,-7.2,56,0.942,3.52,0.233,0.658,0.033,24,0,542,37000,Very High Risk,0.6136
GIG-13811,Ola,Tier 3,15060.31,0.694,11.0,51,0.865,3.56,0.178,0.495,0.184,57,0,660,36000,Moderate Risk,0.0722
GIG-13812,Swiggy,Tier 2,29917.21,0.458,-4.62,60,0.896,3.95,0.322,0.468,0.148,22,0,633,69000,High Risk,0.1692
GIG-13813,Porter,Tier 2,35014.4,0.713,6.07,44,0.836,3.77,0.312,0.446,0.099,19,0,704,90000,Moderate Risk,0.0909
GIG-13814,Ola,Tier 1,45810.52,0.553,3.22,48,0.836,4.59,0.353,0.474,0.04,50,0,652,110000,Moderate Risk,0.085
GIG-13815,Zepto,Tier 1,14283.94,0.443,-0.13,63,0.848,4.14,0.401,0.541,0.02,22,0,588,31000,High Risk,0.3048
GIG-13816,Zomato,Tier 2,26135.56,0.43,-5.18,50,0.923,4.26,0.228,0.399,0.277,60,0,596,57000,High Risk,0.2393
GIG-13817,Porter,Tier 1,37484.01,0.566,10.85,34,0.871,4.24,0.356,0.697,0.02,25,0,647,89000,Moderate Risk,0.1175
GIG-13818,Zomato,Tier 3,16768.83,0.541,12.14,36,0.878,3.52,0.352,0.445,0.127,32,0,622,38000,High Risk,0.2335
GIG-13819,Blinkit,Tier 2,37319.42,0.789,8.28,39,0.794,4.24,0.278,0.611,0.06,25,1,643,88000,Moderate Risk,0.0728
GIG-13820,Swiggy,Tier 1,28434.27,0.605,2.31,25,0.889,4.62,0.248,0.519,0.142,25,1,627,65000,High Risk,0.1607
GIG-13821,Uber,Tier 2,29718.95,0.295,-6.7,42,0.835,3.77,0.144,0.532,0.25,25,4,387,42000,Very High Risk,0.6705
GIG-13822,Zomato,Tier 1,29956.68,0.185,12.65,55,0.858,4.19,0.276,0.469,0.194,30,2,514,56000,Very High Risk,0.5537
GIG-13823,Porter,Tier 1,44138.39,0.927,-22.96,30,0.94,4.61,0.345,0.398,0.145,8,1,670,108000,Moderate Risk,0.1284
GIG-13824,Uber,Tier 2,30592.09,0.827,2.79,31,0.846,4.7,0.211,0.365,0.281,10,0,697,78000,Moderate Risk,0.0743
GIG-13825,Porter,Tier 1,36082.99,0.889,9.43,40,0.898,4.59,0.184,0.458,0.228,12,2,655,87000,Moderate Risk,0.0687
GIG-13826,Urban Company,Tier 1,22877.48,0.52,1.01,41,0.881,3.64,0.227,0.307,0.39,33,2,535,45000,Very High Risk,0.5799
GIG-13827,Zepto,Tier 2,27230.27,0.299,22.98,36,0.873,4.92,0.271,0.654,0.02,22,0,639,64000,High Risk,0.2794
GIG-13828,Blinkit,Tier 2,26400.89,0.213,-7.9,46,0.832,4.15,0.32,0.362,0.24,60,0,582,56000,High Risk,0.2437
GIG-13829,Uber,Tier 3,35318.73,0.649,-0.78,33,0.887,3.73,0.126,0.431,0.311,54,0,681,88000,Moderate Risk,0.0845
GIG-13830,Urban Company,Tier 1,26974.76,0.28,6.97,49,0.942,3.51,0.346,0.489,0.07,31,0,589,58000,High Risk,0.2091
GIG-13831,Porter,Tier 1,19362.07,0.172,1.81,40,0.827,3.98,0.136,0.674,0.128,11,0,597,42000,High Risk,0.1711
GIG-13832,Blinkit,Tier 3,40725.28,0.878,-17.2,60,0.949,4.61,0.215,0.625,0.058,30,0,682,102000,Moderate Risk,0.1205
GIG-13833,Zomato,Tier 2,36880.01,0.324,-0.62,46,0.813,4.39,0.212,0.405,0.237,59,0,658,89000,Moderate Risk,0.065
GIG-13834,Ola,Tier 1,47601.33,0.457,11.5,41,0.816,3.82,0.182,0.656,0.042,15,1,579,101000,High Risk,0.3158
GIG-13835,Urban Company,Tier 1,13987.79,0.731,9.91,23,0.882,4.76,0.163,0.579,0.153,11,0,650,33000,Moderate Risk,0.0623
GIG-13836,Zepto,Tier 2,11222.95,0.473,-0.87,46,0.935,3.82,0.34,0.474,0.131,50,0,591,24000,High Risk,0.1766
GIG-13837,Blinkit,Tier 1,24037.76,0.331,6.25,47,0.943,3.74,0.2,0.505,0.244,13,1,584,51000,High Risk,0.1857
GIG-13838,Ola,Tier 2,27121.73,0.206,10.93,60,0.831,3.68,0.258,0.461,0.164,45,0,617,61000,High Risk,0.2098
GIG-13839,Urban Company,Tier 1,32646.06,0.478,-2.61,40,0.898,4.9,0.389,0.43,0.045,29,2,543,65000,Very High Risk,0.6991
GIG-13840,Porter,Tier 3,25763.59,0.176,1.53,54,0.981,4.78,0.391,0.538,0.02,34,1,520,49000,Very High Risk,0.5409
GIG-13841,Uber,Tier 2,29907.49,0.293,-1.04,54,0.805,3.9,0.319,0.304,0.308,51,0,611,67000,High Risk,0.1856
GIG-13842,Zepto,Tier 3,23007.73,0.333,1.1,48,0.921,4.71,0.287,0.52,0.127,49,0,594,50000,High Risk,0.2454
GIG-13843,Zepto,Tier 1,28946.83,0.219,22.42,32,0.857,4.06,0.373,0.424,0.087,10,1,564,60000,High Risk,0.3155
GIG-13844,Swiggy,Tier 1,38206.41,0.84,7.64,57,0.908,4.01,0.18,0.482,0.222,11,4,534,75000,Very High Risk,0.6127
GIG-13845,Uber,Tier 2,38320.65,0.829,3.05,34,0.962,4.21,0.219,0.604,0.085,35,0,711,100000,Moderate Risk,0.1171
GIG-13846,Zomato,Tier 3,33621.09,0.729,6.15,50,0.864,4.13,0.198,0.39,0.351,18,0,698,86000,Moderate Risk,0.1053
GIG-13847,Zomato,Tier 3,36202.53,0.832,10.67,45,0.984,4.08,0.347,0.344,0.174,56,0,714,95000,Moderate Risk,0.0655
GIG-13848,Blinkit,Tier 2,29029.11,0.171,10.29,43,0.826,4.45,0.157,0.384,0.332,41,0,635,68000,High Risk,0.2802
GIG-13849,Zomato,Tier 2,29103.67,0.606,-7.55,50,0.911,4.84,0.199,0.531,0.217,33,1,622,66000,High Risk,0.2395
GIG-13850,Urban Company,Tier 2,23638.3,0.483,-1.92,56,0.903,4.16,0.254,0.414,0.244,34,0,587,51000,High Risk,0.2695
GIG-13851,Swiggy,Tier 2,30892.32,0.748,-13.5,68,0.924,4.17,0.178,0.664,0.034,18,0,640,72000,Moderate Risk,0.0959
GIG-13852,Uber,Tier 3,38556.2,0.929,15.83,46,0.96,4.23,0.145,0.315,0.428,35,0,762,108000,Low Risk,0.0129
GIG-13853,Uber,Tier 1,16920.17,0.65,3.43,26,0.797,4.51,0.296,0.385,0.211,20,2,549,34000,Very High Risk,0.6852
GIG-13854,Swiggy,Tier 2,20603.0,0.408,1.08,69,0.813,3.52,0.418,0.435,0.069,47,0,542,41000,Very High Risk,0.6134
GIG-13855,Ola,Tier 3,29287.53,0.22,4.3,50,0.906,3.77,0.265,0.566,0.082,55,0,581,62000,High Risk,0.1825
GIG-13856,Zepto,Tier 1,29395.91,0.443,-11.17,55,0.798,3.69,0.136,0.681,0.068,33,1,576,62000,High Risk,0.2583
GIG-13857,Swiggy,Tier 3,31922.39,0.902,-7.51,34,0.951,4.44,0.281,0.6,0.054,49,2,588,69000,High Risk,0.2041
GIG-13858,Uber,Tier 1,34228.81,0.761,14.62,52,0.815,4.83,0.231,0.489,0.228,57,3,574,72000,High Risk,0.3126
GIG-13859,Uber,Tier 1,34464.65,0.927,6.95,39,0.971,3.92,0.372,0.674,0.02,10,0,656,83000,Moderate Risk,0.1051
GIG-13860,Uber,Tier 2,29675.72,0.758,13.81,54,0.89,3.81,0.305,0.59,0.054,5,0,689,75000,Moderate Risk,0.1266
GIG-13861,Urban Company,Tier 1,38761.54,0.699,10.69,64,0.814,4.12,0.291,0.362,0.27,12,0,708,101000,Moderate Risk,0.118
GIG-13862,Zepto,Tier 1,39132.17,0.76,8.65,45,0.788,3.79,0.363,0.631,0.02,42,1,628,90000,High Risk,0.2345
GIG-13863,Ola,Tier 1,28731.89,0.655,15.39,44,0.986,4.15,0.373,0.687,0.02,58,0,674,71000,Moderate Risk,0.0878
GIG-13864,Zomato,Tier 2,18517.44,0.344,5.85,53,0.903,4.96,0.395,0.371,0.117,29,0,586,40000,High Risk,0.1722
GIG-13865,Urban Company,Tier 3,29142.25,0.488,7.73,53,0.844,4.79,0.237,0.531,0.153,43,1,603,64000,High Risk,0.3187
GIG-13866,Ola,Tier 1,32108.36,0.773,6.17,44,0.958,4.56,0.366,0.584,0.02,24,0,672,79000,Moderate Risk,0.1346
GIG-13867,Zepto,Tier 2,32591.69,0.728,1.61,53,0.895,3.93,0.206,0.329,0.361,6,0,678,81000,Moderate Risk,0.0832
GIG-13868,Zepto,Tier 3,45305.95,0.846,6.34,37,0.957,3.67,0.313,0.323,0.298,6,0,731,121000,Moderate Risk,0.0637
GIG-13869,Urban Company,Tier 1,25184.71,0.337,9.63,41,0.926,3.56,0.286,0.356,0.241,20,1,561,52000,High Risk,0.3412
GIG-13870,Blinkit,Tier 2,47109.91,0.715,2.06,51,0.825,4.61,0.163,0.585,0.202,25,2,645,111000,Moderate Risk,0.1262
GIG-13871,Zepto,Tier 1,23016.32,0.382,12.48,47,0.89,3.72,0.318,0.62,0.02,23,1,535,45000,Very High Risk,0.3916
GIG-13872,Zomato,Tier 1,38500.78,0.957,22.3,29,0.833,4.78,0.167,0.349,0.424,5,0,790,112000,Low Risk,0.0106
GIG-13873,Zomato,Tier 1,24819.2,0.147,8.35,25,0.913,4.83,0.308,0.324,0.261,45,0,633,58000,High Risk,0.2404
GIG-13874,Blinkit,Tier 1,42787.25,0.613,4.16,50,0.904,4.56,0.32,0.38,0.166,21,1,612,96000,High Risk,0.2309
GIG-13875,Porter,Tier 2,30311.5,0.784,16.22,48,0.798,4.52,0.346,0.394,0.113,41,0,708,79000,Moderate Risk,0.1352
GIG-13876,Swiggy,Tier 2,34529.55,0.479,1.13,61,0.851,4.75,0.298,0.458,0.161,14,0,659,83000,Moderate Risk,0.1112
GIG-13877,Urban Company,Tier 2,16608.22,0.141,1.3,41,0.854,4.97,0.241,0.562,0.116,26,0,569,35000,High Risk,0.2695
GIG-13878,Blinkit,Tier 2,27590.27,0.423,4.33,45,0.82,4.88,0.212,0.337,0.317,10,0,640,65000,Moderate Risk,0.1256
GIG-13879,Swiggy,Tier 3,28003.19,0.28,17.33,36,0.924,4.56,0.345,0.488,0.117,3,1,601,62000,High Risk,0.3318
GIG-13880,Uber,Tier 2,30752.85,0.874,10.1,53,0.916,4.2,0.293,0.592,0.02,26,0,695,78000,Moderate Risk,0.0822
GIG-13881,Blinkit,Tier 3,41216.44,0.676,16.53,34,0.863,4.61,0.341,0.609,0.02,52,0,697,105000,Moderate Risk,0.1265
GIG-13882,Blinkit,Tier 1,32365.91,0.806,-1.33,49,0.831,3.96,0.387,0.382,0.093,44,0,654,78000,Moderate Risk,0.1329
GIG-13883,Urban Company,Tier 1,19092.1,0.42,-0.26,53,0.952,4.62,0.122,0.471,0.34,40,0,639,45000,High Risk,0.2972
GIG-13884,Zepto,Tier 1,32535.04,0.636,4.56,47,0.806,3.61,0.179,0.615,0.063,59,0,628,75000,High Risk,0.345
GIG-13885,Swiggy,Tier 1,23373.98,0.735,-4.96,32,0.849,4.48,0.166,0.579,0.134,43,0,651,56000,Moderate Risk,0.0918
GIG-13886,Swiggy,Tier 1,28669.95,0.436,9.74,44,0.872,4.95,0.148,0.429,0.291,40,0,655,69000,Moderate Risk,0.1049
GIG-13887,Ola,Tier 1,26096.42,0.315,-4.58,37,0.936,3.84,0.263,0.626,0.02,48,0,536,51000,Very High Risk,0.507
GIG-13888,Porter,Tier 1,26087.88,0.667,4.67,46,0.862,4.08,0.305,0.528,0.088,7,0,638,61000,High Risk,0.2165
GIG-13889,Blinkit,Tier 2,23429.63,0.529,-3.63,45,0.943,4.32,0.415,0.371,0.104,49,1,559,48000,High Risk,0.2757
GIG-13890,Porter,Tier 1,29758.09,0.621,-2.52,42,0.912,4.09,0.362,0.38,0.149,37,0,653,71000,Moderate Risk,0.0923
GIG-13891,Uber,Tier 1,24490.53,0.7,-0.87,51,0.864,4.89,0.243,0.44,0.253,11,0,685,62000,Moderate Risk,0.088
GIG-13892,Ola,Tier 2,27348.78,0.607,-20.91,40,0.899,4.38,0.186,0.46,0.247,38,1,573,57000,High Risk,0.214
GIG-13893,Urban Company,Tier 3,35464.61,0.704,9.54,47,0.84,3.65,0.305,0.503,0.093,25,0,649,84000,Moderate Risk,0.0898
GIG-13894,Blinkit,Tier 2,21388.19,0.525,31.61,35,0.829,4.91,0.395,0.518,0.02,43,2,547,43000,Very High Risk,0.6148
GIG-13895,Swiggy,Tier 2,27908.59,0.289,4.95,42,0.881,4.52,0.262,0.326,0.288,7,0,649,66000,Moderate Risk,0.0989
GIG-13896,Porter,Tier 2,27204.87,0.594,12.62,56,0.87,3.92,0.279,0.446,0.14,36,0,677,68000,Moderate Risk,0.1024
GIG-13897,Zomato,Tier 1,27216.83,0.35,4.25,53,0.827,4.33,0.283,0.333,0.241,41,0,623,62000,High Risk,0.3276
GIG-13898,Urban Company,Tier 3,27874.51,0.399,5.59,43,0.796,3.83,0.149,0.495,0.279,11,0,618,63000,High Risk,0.1678
GIG-13899,Urban Company,Tier 1,19241.84,0.298,1.22,44,0.846,4.94,0.235,0.304,0.329,39,0,624,44000,High Risk,0.2936
GIG-13900,Zomato,Tier 3,21907.09,0.511,16.65,54,0.863,4.83,0.403,0.378,0.078,15,0,647,52000,Moderate Risk,0.1311
GIG-13901,Zepto,Tier 2,42738.48,0.56,20.2,50,0.941,4.77,0.36,0.423,0.069,46,0,724,113000,Moderate Risk,0.0859
GIG-13902,Swiggy,Tier 1,16897.59,0.397,3.77,59,0.862,3.79,0.351,0.664,0.02,31,1,516,32000,Very High Risk,0.5089
GIG-13903,Zepto,Tier 3,23069.34,0.141,-2.89,38,0.789,4.19,0.223,0.611,0.062,52,2,468,40000,Very High Risk,0.3808
GIG-13904,Zepto,Tier 2,18411.26,0.129,5.93,44,0.813,3.7,0.336,0.61,0.02,41,0,519,35000,Very High Risk,0.6969
GIG-13905,Urban Company,Tier 1,18342.8,0.238,8.31,46,0.943,3.61,0.326,0.341,0.199,14,0,545,37000,Very High Risk,0.6965
GIG-13906,Zomato,Tier 1,27855.34,0.783,6.1,49,0.844,3.83,0.211,0.583,0.103,39,0,658,67000,Moderate Risk,0.071
GIG-13907,Ola,Tier 3,15829.43,0.354,7.99,48,0.958,4.66,0.357,0.404,0.09,47,0,576,33000,High Risk,0.3142
GIG-13908,Zomato,Tier 3,25859.85,0.317,-0.69,58,0.799,3.56,0.353,0.511,0.033,32,3,441,42000,Very High Risk,0.5088
GIG-13909,Urban Company,Tier 2,32815.88,0.33,5.24,40,0.816,4.21,0.239,0.637,0.063,57,0,611,74000,High Risk,0.1674
GIG-13910,Ola,Tier 2,35145.98,0.843,-7.24,38,0.802,4.79,0.278,0.656,0.02,48,0,703,91000,Moderate Risk,0.0846
GIG-13911,Urban Company,Tier 3,42652.17,0.723,-0.85,43,0.897,4.77,0.154,0.343,0.421,10,0,708,111000,Moderate Risk,0.0899
GIG-13912,Uber,Tier 1,36478.04,0.607,12.33,49,0.905,4.5,0.335,0.665,0.02,5,0,656,88000,Moderate Risk,0.0666
GIG-13913,Ola,Tier 2,41771.32,0.891,1.01,47,0.909,4.31,0.405,0.391,0.112,5,0,710,109000,Moderate Risk,0.0935
GIG-13914,Uber,Tier 2,32225.3,0.647,11.17,46,0.905,3.52,0.33,0.322,0.279,11,0,677,80000,Moderate Risk,0.0903
GIG-13915,Urban Company,Tier 1,33239.1,0.829,19.13,51,0.934,3.78,0.131,0.418,0.322,44,2,632,77000,High Risk,0.2646
GIG-13916,Ola,Tier 1,28036.61,0.127,8.98,39,0.973,4.83,0.332,0.515,0.025,37,0,564,58000,High Risk,0.2581
GIG-13917,Swiggy,Tier 1,21190.81,0.944,15.69,50,0.904,4.62,0.171,0.348,0.413,44,1,668,52000,Moderate Risk,0.121
GIG-13918,Blinkit,Tier 3,45443.29,0.767,24.48,59,0.918,4.09,0.414,0.689,0.02,41,0,705,117000,Moderate Risk,0.0631
GIG-13919,Blinkit,Tier 2,45302.96,0.781,-7.01,44,0.966,3.7,0.298,0.427,0.183,8,0,696,116000,Moderate Risk,0.1205
GIG-13920,Urban Company,Tier 3,35327.34,0.538,-2.68,49,0.944,3.53,0.374,0.615,0.02,11,0,611,79000,High Risk,0.31
GIG-13921,Zepto,Tier 3,30617.23,0.362,-6.43,46,0.899,4.42,0.253,0.363,0.291,21,1,549,62000,Very High Risk,0.5741
GIG-13922,Blinkit,Tier 1,23631.32,0.22,-9.38,34,0.874,3.93,0.224,0.609,0.066,43,1,501,43000,Very High Risk,0.5419
GIG-13923,Zomato,Tier 2,14674.08,0.278,24.29,53,0.822,4.33,0.279,0.548,0.038,17,1,557,30000,High Risk,0.2217
GIG-13924,Urban Company,Tier 1,28913.23,0.72,7.93,36,0.82,3.7,0.175,0.575,0.186,19,3,525,56000,Very High Risk,0.5617
GIG-13925,Zomato,Tier 3,39256.38,0.734,16.69,47,0.943,4.0,0.381,0.456,0.063,45,0,692,100000,Moderate Risk,0.1062
GIG-13926,Swiggy,Tier 3,22414.96,0.224,11.05,63,0.809,4.01,0.139,0.596,0.127,50,0,629,52000,High Risk,0.2378
GIG-13927,Zepto,Tier 3,36046.9,0.854,-2.72,45,0.98,3.72,0.355,0.511,0.02,19,0,658,87000,Moderate Risk,0.1097
GIG-13928,Ola,Tier 2,23464.48,0.423,7.56,53,0.881,4.77,0.192,0.459,0.248,17,0,627,54000,High Risk,0.2166
GIG-13929,Blinkit,Tier 2,32667.62,0.942,-5.57,52,0.815,4.68,0.132,0.66,0.089,16,0,706,85000,Moderate Risk,0.1095
GIG-13930,Zepto,Tier 1,26838.25,0.486,9.56,36,0.966,3.94,0.271,0.697,0.02,31,0,609,60000,High Risk,0.2519
GIG-13931,Ola,Tier 3,27270.19,0.356,0.84,41,0.854,3.68,0.316,0.587,0.031,49,0,577,58000,High Risk,0.2071
GIG-13932,Zepto,Tier 2,24922.64,0.877,-0.33,42,0.868,4.31,0.286,0.617,0.043,12,3,539,49000,Very High Risk,0.4869
GIG-13933,Porter,Tier 1,14013.42,0.067,23.45,27,0.984,4.45,0.149,0.428,0.331,34,0,629,32000,High Risk,0.3179
GIG-13934,Uber,Tier 2,22704.2,0.486,4.17,46,0.87,3.89,0.218,0.432,0.213,14,0,628,52000,High Risk,0.303
GIG-13935,Uber,Tier 1,17883.13,0.338,6.44,41,0.951,3.98,0.328,0.375,0.234,39,2,517,34000,Very High Risk,0.5411
GIG-13936,Porter,Tier 3,31958.03,0.858,-1.66,37,0.835,3.65,0.374,0.364,0.129,14,0,635,74000,High Risk,0.2926
GIG-13937,Urban Company,Tier 1,11000.0,0.349,39.06,51,0.83,4.32,0.26,0.489,0.189,22,0,622,25000,High Risk,0.2475
GIG-13938,Uber,Tier 1,39498.92,0.487,6.97,72,0.951,4.51,0.366,0.673,0.02,55,0,637,92000,High Risk,0.2293
GIG-13939,Zepto,Tier 3,21055.96,0.388,1.61,38,0.803,4.71,0.273,0.399,0.276,41,0,633,49000,High Risk,0.1929
GIG-13940,Ola,Tier 1,34118.88,0.732,4.81,34,0.938,4.11,0.38,0.491,0.02,12,0,648,81000,Moderate Risk,0.0751
GIG-13941,Swiggy,Tier 2,37223.29,0.671,-4.12,62,0.784,4.6,0.246,0.564,0.093,18,0,686,94000,Moderate Risk,0.0725
GIG-13942,Porter,Tier 3,32584.26,0.99,14.82,54,0.974,4.78,0.416,0.538,0.02,28,0,707,84000,Moderate Risk,0.1181
GIG-13943,Swiggy,Tier 3,24407.96,0.096,1.32,40,0.966,4.65,0.181,0.399,0.306,36,1,553,49000,High Risk,0.3281
GIG-13944,Uber,Tier 3,12199.77,0.413,7.68,36,0.844,4.54,0.163,0.566,0.15,51,1,557,25000,High Risk,0.3068
GIG-13945,Zomato,Tier 3,43687.48,0.927,2.52,39,0.801,4.0,0.158,0.476,0.238,9,0,730,117000,Moderate Risk,0.1308
GIG-13946,Zepto,Tier 2,28628.85,0.279,-7.1,37,0.939,4.14,0.396,0.69,0.02,4,0,578,61000,High Risk,0.2882
GIG-13947,Swiggy,Tier 1,28876.74,0.508,-6.34,42,0.894,3.51,0.258,0.418,0.254,51,0,624,66000,High Risk,0.182
GIG-13948,Zomato,Tier 1,35413.16,0.797,-4.01,55,0.962,3.58,0.417,0.607,0.02,18,1,595,77000,High Risk,0.1513
GIG-13949,Swiggy,Tier 2,33582.42,0.789,-9.9,56,0.911,4.14,0.135,0.38,0.433,12,0,692,85000,Moderate Risk,0.1022
GIG-13950,Zomato,Tier 1,32930.87,0.517,-14.6,37,0.895,4.26,0.176,0.601,0.157,53,0,636,77000,High Risk,0.2364
GIG-13951,Swiggy,Tier 3,36368.84,0.666,1.24,35,0.927,4.79,0.217,0.524,0.208,50,0,706,94000,Moderate Risk,0.0659
GIG-13952,Blinkit,Tier 3,24324.04,0.48,-3.78,45,0.79,3.56,0.237,0.646,0.02,8,0,592,53000,High Risk,0.2466
GIG-13953,Ola,Tier 1,34384.06,0.668,7.25,58,0.822,3.64,0.269,0.567,0.032,33,1,602,76000,High Risk,0.3231
GIG-13954,Porter,Tier 1,38244.92,0.636,21.19,33,0.918,3.83,0.215,0.538,0.189,22,0,706,99000,Moderate Risk,0.0921
GIG-13955,Blinkit,Tier 2,25578.61,0.688,3.18,57,0.812,4.68,0.16,0.687,0.059,12,0,635,60000,High Risk,0.3016
GIG-13956,Ola,Tier 1,26353.74,0.736,18.28,43,0.909,3.6,0.34,0.532,0.02,37,0,620,60000,High Risk,0.1663
GIG-13957,Urban Company,Tier 3,35250.29,0.648,-6.64,52,0.924,3.99,0.167,0.663,0.11,37,1,609,79000,High Risk,0.1721
GIG-13958,Swiggy,Tier 1,22763.64,0.141,16.14,43,0.871,4.11,0.256,0.644,0.02,55,0,574,48000,High Risk,0.3175
GIG-13959,Zomato,Tier 1,29028.4,0.275,7.19,47,0.917,3.59,0.215,0.594,0.116,37,0,568,60000,High Risk,0.3369
GIG-13960,Urban Company,Tier 1,30421.66,0.813,9.58,50,0.955,4.44,0.333,0.663,0.02,35,0,656,73000,Moderate Risk,0.0713
GIG-13961,Zepto,Tier 1,29967.03,0.634,6.55,63,0.933,4.22,0.265,0.35,0.244,3,0,650,71000,Moderate Risk,0.0895
GIG-13962,Ola,Tier 1,31054.01,0.646,12.29,71,0.817,4.52,0.392,0.38,0.111,17,0,683,78000,Moderate Risk,0.0768
GIG-13963,Zepto,Tier 2,15650.3,0.059,12.92,41,0.933,3.66,0.151,0.627,0.125,12,0,541,31000,Very High Risk,0.6644
GIG-13964,Blinkit,Tier 3,21115.41,0.372,-6.93,47,0.943,3.96,0.306,0.445,0.191,21,0,572,44000,High Risk,0.1897
GIG-13965,Ola,Tier 3,26371.39,0.209,2.34,36,0.808,4.89,0.264,0.344,0.265,27,1,571,55000,High Risk,0.1609
GIG-13966,Swiggy,Tier 2,32580.66,0.304,-3.11,50,0.872,4.14,0.414,0.308,0.146,13,0,592,71000,High Risk,0.2902
GIG-13967,Swiggy,Tier 1,23370.67,0.369,19.04,58,0.917,4.38,0.186,0.666,0.02,9,0,640,55000,Moderate Risk,0.0687
GIG-13968,Urban Company,Tier 2,11000.0,0.426,-11.38,49,0.805,4.78,0.396,0.498,0.047,7,0,534,22000,Very High Risk,0.6725
GIG-13969,Blinkit,Tier 1,24784.75,0.682,-2.01,48,0.874,3.88,0.334,0.518,0.064,26,0,616,56000,High Risk,0.2927
GIG-13970,Swiggy,Tier 1,25412.47,0.061,11.26,51,0.958,4.76,0.324,0.6,0.02,41,0,558,52000,High Risk,0.1879
GIG-13971,Uber,Tier 1,25499.15,0.465,12.42,41,0.948,4.96,0.368,0.459,0.112,30,1,610,57000,High Risk,0.2274
GIG-13972,Blinkit,Tier 3,29748.84,0.211,18.64,47,0.833,4.11,0.339,0.667,0.02,14,0,598,65000,High Risk,0.3286
GIG-13973,Zepto,Tier 1,31431.89,0.538,1.96,39,0.799,3.75,0.136,0.467,0.265,60,1,612,71000,High Risk,0.1989
GIG-13974,Urban Company,Tier 3,31188.87,0.71,6.56,37,0.881,4.69,0.158,0.385,0.351,55,2,624,71000,High Risk,0.1911
GIG-13975,Urban Company,Tier 2,25403.72,0.483,3.59,67,0.84,3.93,0.351,0.346,0.238,59,0,602,56000,High Risk,0.1552
GIG-13976,Swiggy,Tier 2,32672.42,0.547,21.96,47,0.869,3.77,0.26,0.415,0.245,34,0,676,81000,Moderate Risk,0.1037
GIG-13977,Blinkit,Tier 2,21470.5,0.29,9.2,53,0.97,3.89,0.24,0.561,0.13,54,1,508,40000,Very High Risk,0.5865
GIG-13978,Swiggy,Tier 1,38558.88,0.899,0.1,51,0.917,4.68,0.252,0.571,0.124,58,1,676,96000,Moderate Risk,0.1148
GIG-13979,Uber,Tier 3,30908.74,0.658,-1.45,39,0.948,4.22,0.196,0.541,0.206,12,0,659,75000,Moderate Risk,0.1001
GIG-13980,Blinkit,Tier 1,22099.01,0.459,7.91,31,0.809,4.98,0.164,0.426,0.272,27,0,638,52000,High Risk,0.2439
GIG-13981,Porter,Tier 3,24205.21,0.271,-5.26,49,0.809,4.71,0.345,0.518,0.05,53,2,453,40000,Very High Risk,0.5757
GIG-13982,Porter,Tier 1,35035.61,0.699,7.95,45,0.829,3.71,0.352,0.624,0.02,10,0,645,83000,Moderate Risk,0.0828
GIG-13983,Zepto,Tier 3,39201.32,0.422,10.48,37,0.87,4.14,0.303,0.451,0.172,20,0,658,95000,Moderate Risk,0.0707
GIG-13984,Uber,Tier 1,35228.57,0.985,10.2,43,0.866,3.74,0.321,0.523,0.02,23,0,710,92000,Moderate Risk,0.0831
GIG-13985,Uber,Tier 1,30391.98,0.793,-3.55,48,0.95,3.76,0.392,0.323,0.198,52,0,673,75000,Moderate Risk,0.0747
GIG-13986,Zepto,Tier 2,22290.48,0.645,19.98,45,0.896,4.71,0.352,0.607,0.02,23,1,573,47000,High Risk,0.2855
GIG-13987,Porter,Tier 2,29339.13,0.698,10.15,43,0.908,3.55,0.35,0.524,0.02,33,0,644,69000,Moderate Risk,0.1248
GIG-13988,Zepto,Tier 3,34764.92,0.692,6.46,43,0.866,4.01,0.398,0.602,0.02,53,2,584,74000,High Risk,0.2198
GIG-13989,Blinkit,Tier 1,39649.14,0.971,-8.94,45,0.816,3.61,0.409,0.681,0.02,54,1,612,89000,High Risk,0.3245
GIG-13990,Ola,Tier 2,15860.38,0.305,0.91,48,0.863,3.68,0.22,0.636,0.02,29,0,575,33000,High Risk,0.1781
GIG-13991,Porter,Tier 3,21904.93,0.338,13.04,47,0.958,4.67,0.192,0.652,0.099,37,0,610,49000,High Risk,0.2426
GIG-13992,Porter,Tier 3,29042.98,0.144,0.36,38,0.848,4.28,0.331,0.34,0.199,37,2,494,53000,Very High Risk,0.4556
GIG-13993,Ola,Tier 2,22700.78,0.559,17.55,57,0.803,3.54,0.363,0.407,0.144,8,0,631,53000,High Risk,0.1693
GIG-13994,Zepto,Tier 3,35795.84,0.988,-4.27,48,0.781,3.65,0.249,0.641,0.036,39,1,645,85000,Moderate Risk,0.0688
GIG-13995,Ola,Tier 3,26941.07,0.137,-4.98,32,0.929,3.71,0.294,0.488,0.132,8,0,571,56000,High Risk,0.1737
GIG-13996,Ola,Tier 2,37288.85,0.619,-7.38,36,0.935,3.92,0.32,0.364,0.225,3,0,633,87000,High Risk,0.242
GIG-13997,Ola,Tier 1,27560.79,0.309,-4.72,44,0.916,3.59,0.23,0.336,0.348,26,0,597,60000,High Risk,0.2175
GIG-13998,Porter,Tier 1,42455.31,0.938,-15.76,39,0.96,3.99,0.337,0.654,0.02,10,0,680,106000,Moderate Risk,0.0805
GIG-13999,Zomato,Tier 2,18335.96,0.334,11.57,35,0.924,4.22,0.273,0.639,0.02,26,0,583,39000,High Risk,0.221
GIG-14000,Uber,Tier 2,11861.27,0.139,15.36,45,0.819,4.47,0.418,0.556,0.02,32,0,541,24000,Very High Risk,0.6475
GIG-14001,Uber,Tier 3,27411.16,0.531,8.08,60,0.812,4.69,0.244,0.5,0.142,29,0,668,67000,Moderate Risk,0.086
GIG-14002,Ola,Tier 1,11659.25,0.621,3.35,45,0.928,3.78,0.159,0.346,0.346,55,1,580,25000,High Risk,0.2125
GIG-14003,Ola,Tier 1,37676.34,0.602,4.49,43,0.793,3.68,0.244,0.42,0.279,50,0,680,94000,Moderate Risk,0.0763
GIG-14004,Uber,Tier 1,29563.22,0.362,13.89,57,0.831,3.88,0.164,0.695,0.02,47,0,605,66000,High Risk,0.193
GIG-14005,Uber,Tier 2,31665.28,0.879,13.27,46,0.924,4.11,0.317,0.52,0.081,49,0,708,82000,Moderate Risk,0.1121
GIG-14006,Zomato,Tier 3,37940.88,0.887,0.9,38,0.856,3.6,0.342,0.467,0.118,30,0,690,96000,Moderate Risk,0.0634
GIG-14007,Blinkit,Tier 1,22130.27,0.167,-13.13,32,0.805,3.62,0.178,0.493,0.255,47,0,564,46000,High Risk,0.1559
GIG-14008,Swiggy,Tier 3,35198.01,0.852,-5.6,47,0.981,4.15,0.384,0.627,0.02,40,0,668,86000,Moderate Risk,0.1122
GIG-14009,Swiggy,Tier 2,40140.91,0.859,6.28,37,0.856,4.83,0.392,0.573,0.02,56,0,731,108000,Moderate Risk,0.0947
GIG-14010,Uber,Tier 1,24955.96,0.759,-11.68,50,0.96,4.16,0.333,0.361,0.181,12,0,634,58000,High Risk,0.2945
GIG-14011,Blinkit,Tier 1,18050.74,0.32,8.6,29,0.961,4.91,0.137,0.59,0.213,8,1,585,39000,High Risk,0.1749
GIG-14012,Ola,Tier 1,23050.89,0.175,-11.05,54,0.805,4.8,0.182,0.652,0.064,3,0,523,44000,Very High Risk,0.4475
GIG-14013,Zepto,Tier 1,27589.57,0.306,-15.19,56,0.79,3.5,0.276,0.631,0.02,51,0,549,56000,Very High Risk,0.4074
GIG-14014,Uber,Tier 2,28202.84,0.577,3.55,35,0.846,4.26,0.27,0.487,0.141,50,0,660,68000,Moderate Risk,0.0979
GIG-14015,Uber,Tier 3,35890.58,0.502,-1.57,41,0.939,3.88,0.316,0.385,0.247,36,1,615,81000,High Risk,0.3212
GIG-14016,Urban Company,Tier 2,33082.29,0.986,-2.83,42,0.843,3.69,0.322,0.334,0.288,29,0,722,88000,Moderate Risk,0.1155
GIG-14017,Blinkit,Tier 2,33341.72,0.926,-17.76,28,0.848,4.4,0.323,0.364,0.206,53,0,644,79000,Moderate Risk,0.1226
GIG-14018,Zomato,Tier 2,11000.0,0.514,4.84,45,0.907,4.85,0.155,0.509,0.271,10,0,623,25000,High Risk,0.3099
GIG-14019,Uber,Tier 1,29623.85,0.318,25.85,42,0.872,4.4,0.35,0.605,0.02,59,0,631,69000,High Risk,0.3323
GIG-14020,Zomato,Tier 3,35403.97,0.8,20.06,49,0.785,3.8,0.206,0.446,0.24,51,0,736,96000,Moderate Risk,0.126
GIG-14021,Uber,Tier 3,30279.24,0.121,-4.39,48,0.801,3.53,0.171,0.604,0.137,13,1,545,61000,Very High Risk,0.5306
GIG-14022,Zomato,Tier 2,33389.18,0.384,15.51,27,0.92,4.58,0.293,0.499,0.136,56,0,658,81000,Moderate Risk,0.0703
GIG-14023,Zepto,Tier 3,37081.88,0.949,-11.53,56,0.943,3.82,0.25,0.502,0.181,59,0,644,88000,Moderate Risk,0.0645
GIG-14024,Porter,Tier 3,17370.9,0.567,-13.0,52,0.957,3.79,0.167,0.398,0.349,48,0,608,39000,High Risk,0.1748
GIG-14025,Urban Company,Tier 3,47673.98,0.644,6.97,47,0.872,3.81,0.123,0.336,0.472,35,0,748,131000,Low Risk,0.0397
GIG-14026,Urban Company,Tier 3,15474.74,0.074,12.75,42,0.794,3.9,0.162,0.608,0.169,17,0,556,32000,High Risk,0.2834
GIG-14027,Zepto,Tier 1,31255.91,0.807,0.53,33,0.922,4.31,0.39,0.619,0.02,20,0,668,77000,Moderate Risk,0.1123
GIG-14028,Swiggy,Tier 3,30915.42,0.711,-8.31,42,0.954,4.26,0.259,0.44,0.183,27,0,667,76000,Moderate Risk,0.09
GIG-14029,Uber,Tier 3,23061.11,0.74,2.42,55,0.878,3.98,0.221,0.539,0.143,16,0,656,55000,Moderate Risk,0.1217
GIG-14030,Zepto,Tier 3,31353.68,0.463,7.42,56,0.918,4.53,0.225,0.566,0.116,6,0,622,72000,High Risk,0.2594
GIG-14031,Ola,Tier 2,30343.56,0.769,-8.41,41,0.939,4.78,0.163,0.659,0.043,14,0,661,74000,Moderate Risk,0.082
GIG-14032,Swiggy,Tier 3,27565.05,0.075,10.63,39,0.791,3.9,0.304,0.434,0.195,32,1,533,54000,Very High Risk,0.6949
GIG-14033,Porter,Tier 2,11029.94,0.471,6.99,47,0.88,4.87,0.129,0.341,0.441,44,1,600,24000,High Risk,0.2589
GIG-14034,Zepto,Tier 2,23565.66,0.425,-7.71,31,0.914,3.79,0.291,0.341,0.237,13,1,546,47000,Very High Risk,0.544
GIG-14035,Zomato,Tier 2,28587.2,0.144,-3.44,34,0.808,4.59,0.186,0.541,0.136,44,0,577,60000,High Risk,0.3448
GIG-14036,Zepto,Tier 1,17084.04,0.476,4.69,47,0.836,4.45,0.321,0.575,0.02,20,0,583,37000,High Risk,0.1601
GIG-14037,Swiggy,Tier 1,30903.57,0.525,3.01,29,0.906,3.79,0.137,0.668,0.097,7,0,632,72000,High Risk,0.2718
GIG-14038,Blinkit,Tier 3,11340.87,0.222,19.92,48,0.933,4.55,0.384,0.607,0.02,52,1,527,22000,Very High Risk,0.6403
GIG-14039,Blinkit,Tier 1,25923.52,0.462,-0.82,27,0.904,3.73,0.275,0.493,0.098,18,0,565,54000,High Risk,0.2764
GIG-14040,Urban Company,Tier 1,20162.29,0.346,-3.55,40,0.847,4.16,0.252,0.595,0.02,37,0,585,43000,High Risk,0.1858
GIG-14041,Swiggy,Tier 1,18715.47,0.536,2.67,38,0.983,3.79,0.256,0.434,0.239,16,0,619,42000,High Risk,0.1849
GIG-14042,Zomato,Tier 2,26455.1,0.461,-4.17,36,0.937,4.95,0.143,0.616,0.179,15,0,608,59000,High Risk,0.2801
GIG-14043,Ola,Tier 3,32607.89,0.654,6.57,61,0.979,3.65,0.34,0.42,0.153,5,0,639,76000,High Risk,0.1542
GIG-14044,Ola,Tier 2,12558.39,0.075,0.95,67,0.942,3.57,0.223,0.524,0.144,8,0,493,23000,Very High Risk,0.5531
GIG-14045,Zomato,Tier 3,20829.95,0.372,20.38,41,0.79,3.67,0.144,0.477,0.259,53,0,613,47000,High Risk,0.1553
GIG-14046,Porter,Tier 1,20469.34,0.372,8.09,62,0.893,4.7,0.352,0.69,0.02,6,0,586,44000,High Risk,0.1885
GIG-14047,Blinkit,Tier 1,39659.71,0.588,-9.19,33,0.874,4.53,0.168,0.402,0.284,22,1,617,90000,High Risk,0.1925
GIG-14048,Zomato,Tier 2,17086.86,0.688,-8.66,39,0.974,4.62,0.235,0.392,0.257,51,1,568,36000,High Risk,0.3222
GIG-14049,Urban Company,Tier 2,33747.61,0.865,2.17,59,0.845,3.55,0.335,0.31,0.287,35,0,719,89000,Moderate Risk,0.1352
GIG-14050,Ola,Tier 2,29011.08,0.22,6.28,59,0.962,4.69,0.218,0.625,0.076,51,1,565,60000,High Risk,0.2011
GIG-14051,Zepto,Tier 3,42108.9,0.607,21.49,50,0.85,4.51,0.313,0.437,0.103,25,0,712,110000,Moderate Risk,0.1096
GIG-14052,Uber,Tier 3,26648.87,0.149,-8.63,29,0.911,4.83,0.225,0.605,0.118,46,0,554,54000,High Risk,0.2761
GIG-14053,Swiggy,Tier 2,33603.48,0.824,-15.36,42,0.853,4.71,0.233,0.462,0.241,29,0,701,86000,Moderate Risk,0.0861
GIG-14054,Swiggy,Tier 3,18061.56,0.802,-0.41,56,0.978,4.22,0.166,0.471,0.265,54,1,587,39000,High Risk,0.189
GIG-14055,Uber,Tier 1,24590.88,0.401,21.51,36,0.907,4.93,0.317,0.331,0.273,40,0,676,61000,Moderate Risk,0.0658
GIG-14056,Zepto,Tier 2,37160.03,0.588,5.0,43,0.878,4.45,0.162,0.386,0.322,40,0,688,94000,Moderate Risk,0.0623
GIG-14057,Zomato,Tier 2,31040.43,0.77,-11.1,39,0.895,4.36,0.288,0.329,0.292,13,0,690,79000,Moderate Risk,0.1394
GIG-14058,Uber,Tier 3,11000.0,0.141,12.28,38,0.983,4.3,0.25,0.378,0.284,32,0,549,22000,Very High Risk,0.3732
GIG-14059,Swiggy,Tier 3,23127.35,0.226,-5.48,31,0.866,4.77,0.17,0.538,0.16,8,0,615,52000,High Risk,0.3467
GIG-14060,Ola,Tier 1,40469.29,0.841,9.14,40,0.799,4.78,0.13,0.419,0.344,54,0,760,113000,Low Risk,0.019
GIG-14061,Uber,Tier 3,22144.93,0.522,17.5,54,0.906,4.94,0.377,0.52,0.02,13,0,637,52000,High Risk,0.2902
GIG-14062,Blinkit,Tier 2,31422.86,0.638,9.93,40,0.962,3.71,0.213,0.671,0.02,53,0,653,75000,Moderate Risk,0.0958
GIG-14063,Uber,Tier 2,30338.05,0.576,-24.77,45,0.887,4.58,0.178,0.676,0.096,21,0,619,69000,High Risk,0.2751
GIG-14064,Blinkit,Tier 3,19454.03,0.057,1.65,62,0.92,4.78,0.16,0.542,0.171,57,2,475,34000,Very High Risk,0.3943
GIG-14065,Zepto,Tier 1,22391.47,0.097,2.34,46,0.804,4.83,0.163,0.697,0.047,60,0,558,46000,High Risk,0.2673
GIG-14066,Zepto,Tier 1,16874.82,0.142,-2.22,55,0.951,4.7,0.226,0.319,0.388,16,0,588,36000,High Risk,0.1768
GIG-14067,Swiggy,Tier 1,25284.98,0.22,4.8,51,0.835,4.95,0.378,0.654,0.02,39,1,534,50000,Very High Risk,0.6802
GIG-14068,Porter,Tier 1,26127.21,0.676,8.95,35,0.841,4.19,0.321,0.583,0.02,54,0,655,63000,Moderate Risk,0.099
GIG-14069,Zomato,Tier 1,44663.18,0.937,-4.11,36,0.808,3.51,0.129,0.647,0.128,52,0,740,121000,Low Risk,0.0472
GIG-14070,Urban Company,Tier 3,26821.88,0.126,18.64,46,0.781,4.26,0.355,0.373,0.147,58,0,596,59000,High Risk,0.265
GIG-14071,Swiggy,Tier 2,26226.25,0.312,9.43,57,0.799,4.37,0.154,0.525,0.175,9,0,620,60000,High Risk,0.2344
GIG-14072,Porter,Tier 2,23897.04,0.623,1.28,49,0.956,4.4,0.363,0.693,0.02,13,0,634,56000,High Risk,0.188
GIG-14073,Urban Company,Tier 1,27689.55,0.115,2.99,32,0.868,3.78,0.367,0.573,0.02,7,1,461,47000,Very High Risk,0.3866
GIG-14074,Urban Company,Tier 3,42227.5,0.917,2.49,51,0.845,4.19,0.122,0.383,0.424,26,0,775,120000,Low Risk,0.0102
GIG-14075,Blinkit,Tier 1,27206.51,0.493,-0.27,50,0.97,4.69,0.153,0.632,0.111,7,1,566,56000,High Risk,0.2702
GIG-14076,Uber,Tier 3,40581.3,0.751,2.35,51,0.846,4.04,0.252,0.685,0.02,52,0,682,101000,Moderate Risk,0.0625
GIG-14077,Porter,Tier 2,24589.28,0.083,1.65,47,0.987,3.59,0.207,0.61,0.097,33,0,555,50000,High Risk,0.1859
GIG-14078,Urban Company,Tier 2,21103.38,0.266,12.44,53,0.96,3.64,0.338,0.393,0.191,44,0,589,46000,High Risk,0.1779
GIG-14079,Uber,Tier 1,31915.76,0.96,26.5,40,0.966,4.09,0.383,0.388,0.167,39,0,756,88000,Low Risk,0.0378
GIG-14080,Porter,Tier 1,18348.2,0.15,5.87,50,0.984,4.35,0.163,0.454,0.254,26,0,588,40000,High Risk,0.316
GIG-14081,Urban Company,Tier 2,15834.12,0.614,8.43,42,0.838,3.87,0.197,0.338,0.365,29,0,607,35000,High Risk,0.254
GIG-14082,Uber,Tier 2,38213.41,0.871,13.86,56,0.795,4.83,0.215,0.596,0.111,26,0,734,103000,Moderate Risk,0.0837
GIG-14083,Blinkit,Tier 2,30704.81,0.901,-5.97,37,0.782,3.67,0.408,0.456,0.047,8,0,650,73000,Moderate Risk,0.1179
GIG-14084,Zepto,Tier 3,17917.99,0.282,-15.25,35,0.828,3.95,0.313,0.608,0.02,31,0,506,33000,Very High Risk,0.6753
GIG-14085,Urban Company,Tier 3,26506.13,0.135,19.4,44,0.787,3.91,0.307,0.495,0.118,5,0,604,59000,High Risk,0.1867
GIG-14086,Zomato,Tier 3,21069.1,0.052,-1.69,29,0.815,4.18,0.245,0.696,0.02,53,0,544,42000,Very High Risk,0.6547
GIG-14087,Ola,Tier 3,27120.44,0.507,0.26,38,0.967,4.14,0.359,0.458,0.059,55,0,603,60000,High Risk,0.2546
GIG-14088,Zomato,Tier 1,33443.05,0.84,6.72,43,0.926,4.0,0.218,0.686,0.027,57,0,682,84000,Moderate Risk,0.1303
GIG-14089,Swiggy,Tier 2,28721.46,0.16,3.72,29,0.962,3.53,0.192,0.539,0.132,27,0,551,58000,High Risk,0.2087
GIG-14090,Uber,Tier 3,16777.53,0.383,5.93,54,0.819,3.83,0.297,0.667,0.02,28,2,471,29000,Very High Risk,0.6307
GIG-14091,Swiggy,Tier 1,26274.06,0.241,4.03,38,0.829,4.18,0.267,0.483,0.138,27,0,565,54000,High Risk,0.2237
GIG-14092,Porter,Tier 3,19607.19,0.422,3.11,61,0.906,3.95,0.121,0.441,0.348,8,0,631,45000,High Risk,0.3099
GIG-14093,Blinkit,Tier 2,27024.3,0.464,29.51,54,0.833,4.89,0.303,0.37,0.205,32,0,700,69000,Moderate Risk,0.0711
GIG-14094,Porter,Tier 1,27194.27,0.635,11.93,48,0.856,4.02,0.216,0.594,0.046,8,1,607,61000,High Risk,0.3492
GIG-14095,Uber,Tier 3,19808.44,0.767,-1.33,42,0.916,4.9,0.272,0.483,0.109,9,0,635,46000,High Risk,0.2254
GIG-14096,Zepto,Tier 2,40605.99,0.734,27.26,60,0.878,3.71,0.126,0.319,0.411,15,0,735,109000,Moderate Risk,0.1122
GIG-14097,Zepto,Tier 2,14286.99,0.665,4.21,46,0.919,4.04,0.261,0.318,0.354,7,0,647,34000,Moderate Risk,0.112
GIG-14098,Blinkit,Tier 2,51966.47,0.715,4.22,54,0.984,4.29,0.273,0.549,0.111,41,0,715,136000,Moderate Risk,0.0786
GIG-14099,Porter,Tier 1,28937.46,0.691,15.13,42,0.956,4.84,0.373,0.615,0.02,47,0,688,73000,Moderate Risk,0.1339
GIG-14100,Porter,Tier 1,19098.12,0.139,14.57,52,0.918,3.53,0.196,0.683,0.042,20,1,520,36000,Very High Risk,0.5496
GIG-14101,Porter,Tier 1,26737.27,0.11,6.54,41,0.897,4.71,0.182,0.517,0.19,37,0,587,58000,High Risk,0.1758
GIG-14102,Uber,Tier 2,39615.76,0.692,0.91,39,0.932,4.66,0.132,0.324,0.402,12,0,724,105000,Moderate Risk,0.0981
GIG-14103,Ola,Tier 2,26294.52,0.231,16.18,33,0.89,4.93,0.299,0.553,0.046,39,0,586,56000,High Risk,0.2935
GIG-14104,Zomato,Tier 3,37125.25,0.874,17.31,55,0.847,4.82,0.129,0.375,0.439,52,0,767,104000,Low Risk,0.0292
GIG-14105,Zepto,Tier 1,22876.14,0.68,10.53,37,0.79,4.68,0.283,0.529,0.104,54,2,569,48000,High Risk,0.2927
GIG-14106,Blinkit,Tier 2,42547.77,0.929,-1.25,25,0.92,4.48,0.224,0.698,0.02,33,0,717,112000,Moderate Risk,0.1128
GIG-14107,Ola,Tier 1,21238.21,0.405,11.82,42,0.8,4.89,0.375,0.336,0.171,16,0,620,48000,High Risk,0.1535
GIG-14108,Zomato,Tier 3,23933.15,0.05,-5.47,55,0.786,4.66,0.235,0.516,0.176,30,0,558,49000,High Risk,0.2961
GIG-14109,Urban Company,Tier 2,23329.57,0.441,-1.71,34,0.908,4.21,0.323,0.635,0.02,43,0,569,49000,High Risk,0.2752
GIG-14110,Uber,Tier 1,36331.17,0.68,19.41,52,0.809,3.77,0.393,0.683,0.02,12,1,601,80000,High Risk,0.3376
GIG-14111,Swiggy,Tier 2,11000.0,0.469,-8.77,58,0.818,4.48,0.39,0.66,0.02,28,0,552,22000,High Risk,0.3035
GIG-14112,Swiggy,Tier 2,14364.72,0.164,8.16,41,0.969,4.26,0.287,0.322,0.289,58,0,562,30000,High Risk,0.1801
GIG-14113,Porter,Tier 2,23787.69,0.467,15.77,50,0.979,3.8,0.253,0.669,0.02,36,0,618,54000,High Risk,0.3385
GIG-14114,Ola,Tier 3,30964.84,0.809,3.52,50,0.863,4.48,0.35,0.446,0.095,60,0,710,81000,Moderate Risk,0.1038
GIG-14115,Urban Company,Tier 1,32184.78,0.848,-13.41,39,0.891,3.69,0.419,0.609,0.02,56,0,658,78000,Moderate Risk,0.1095
GIG-14116,Zomato,Tier 1,33354.58,0.584,-9.47,41,0.787,3.56,0.244,0.509,0.193,60,0,636,78000,High Risk,0.1695
GIG-14117,Zepto,Tier 2,18149.67,0.42,-2.14,33,0.79,4.81,0.254,0.6,0.046,51,1,540,36000,Very High Risk,0.6149
GIG-14118,Urban Company,Tier 1,29441.06,0.467,10.54,49,0.794,4.97,0.227,0.452,0.263,15,0,687,74000,Moderate Risk,0.0817
GIG-14119,Blinkit,Tier 2,33044.6,0.947,-10.59,57,0.987,4.37,0.325,0.615,0.02,33,0,683,83000,Moderate Risk,0.1037
GIG-14120,Porter,Tier 3,30343.86,0.926,8.07,41,0.884,3.72,0.216,0.644,0.02,47,0,656,73000,Moderate Risk,0.0992
GIG-14121,Uber,Tier 3,16888.65,0.596,12.9,31,0.855,4.66,0.2,0.582,0.075,30,0,652,40000,Moderate Risk,0.0715
GIG-14122,Blinkit,Tier 3,20146.33,0.191,5.37,33,0.974,4.61,0.204,0.679,0.02,39,0,565,42000,High Risk,0.347
GIG-14123,Zepto,Tier 1,32766.84,0.564,7.35,39,0.913,3.59,0.131,0.554,0.208,38,0,665,80000,Moderate Risk,0.101
GIG-14124,Ola,Tier 1,36600.68,0.696,17.8,47,0.977,4.95,0.346,0.443,0.147,49,1,683,92000,Moderate Risk,0.0717
GIG-14125,Uber,Tier 2,13888.1,0.43,23.36,56,0.93,3.79,0.329,0.533,0.02,45,0,603,31000,High Risk,0.1793
GIG-14126,Blinkit,Tier 1,37055.76,0.759,-7.12,48,0.984,4.82,0.301,0.501,0.06,12,0,685,93000,Moderate Risk,0.0779
GIG-14127,Porter,Tier 1,23226.6,0.183,9.41,43,0.803,4.46,0.368,0.347,0.228,34,0,583,50000,High Risk,0.2107
GIG-14128,Blinkit,Tier 1,21391.31,0.148,9.31,41,0.915,4.81,0.189,0.356,0.32,53,0,601,47000,High Risk,0.2899
GIG-14129,Zepto,Tier 2,17709.57,0.715,-1.22,42,0.797,3.75,0.271,0.413,0.182,36,0,622,40000,High Risk,0.294
GIG-14130,Zomato,Tier 2,33791.61,0.597,6.6,31,0.984,4.59,0.133,0.343,0.427,56,0,744,92000,Low Risk,0.0216
GIG-14131,Uber,Tier 3,34304.91,0.769,6.57,54,0.85,3.77,0.234,0.539,0.114,31,0,698,88000,Moderate Risk,0.0956
GIG-14132,Swiggy,Tier 1,32279.41,0.525,9.47,58,0.944,4.44,0.176,0.459,0.264,16,0,650,77000,Moderate Risk,0.0872
GIG-14133,Ola,Tier 2,44283.42,0.558,2.76,43,0.788,4.74,0.347,0.573,0.02,47,0,661,107000,Moderate Risk,0.0884
GIG-14134,Uber,Tier 3,25735.91,0.444,10.7,55,0.854,4.03,0.157,0.508,0.193,27,2,538,51000,Very High Risk,0.6985
GIG-14135,Ola,Tier 2,40264.97,0.513,7.14,50,0.959,4.3,0.352,0.539,0.02,16,0,662,98000,Moderate Risk,0.1278
GIG-14136,Ola,Tier 3,25079.41,0.216,11.09,41,0.919,3.51,0.134,0.603,0.165,39,0,592,54000,High Risk,0.2464
GIG-14137,Zomato,Tier 2,26538.17,0.382,-0.89,45,0.865,4.74,0.368,0.63,0.02,55,0,579,56000,High Risk,0.2331
GIG-14138,Blinkit,Tier 1,30472.77,0.809,7.39,68,0.838,3.62,0.28,0.479,0.187,22,0,672,75000,Moderate Risk,0.0686
GIG-14139,Urban Company,Tier 3,15039.19,0.278,-0.01,35,0.989,3.55,0.282,0.543,0.048,55,0,529,29000,Very High Risk,0.4387
GIG-14140,Swiggy,Tier 3,30736.65,0.91,-22.1,28,0.803,4.2,0.134,0.348,0.446,34,4,526,59000,Very High Risk,0.6349
GIG-14141,Porter,Tier 2,15615.93,0.431,7.95,42,0.958,4.16,0.261,0.444,0.202,29,0,603,35000,High Risk,0.2901
GIG-14142,Blinkit,Tier 2,15114.19,0.151,-1.16,49,0.91,3.55,0.179,0.656,0.077,56,3,386,21000,Very High Risk,0.5401
GIG-14143,Zepto,Tier 3,31422.01,0.496,16.77,42,0.88,4.29,0.395,0.473,0.023,51,0,640,74000,Moderate Risk,0.0796
GIG-14144,Blinkit,Tier 1,42753.25,0.944,0.61,45,0.781,4.38,0.129,0.676,0.097,14,0,725,114000,Moderate Risk,0.1283
GIG-14145,Porter,Tier 2,29893.57,0.469,13.09,59,0.79,4.11,0.288,0.615,0.02,26,2,514,56000,Very High Risk,0.5109
GIG-14146,Uber,Tier 3,33494.26,0.445,2.32,41,0.962,4.12,0.326,0.361,0.18,41,1,586,72000,High Risk,0.2464
GIG-14147,Uber,Tier 3,30035.84,0.963,-6.39,52,0.789,3.63,0.314,0.41,0.217,30,0,694,76000,Moderate Risk,0.1302
GIG-14148,Zepto,Tier 2,39415.62,0.565,-6.41,32,0.956,4.19,0.321,0.496,0.069,57,0,631,91000,High Risk,0.22
GIG-14149,Zepto,Tier 3,17935.06,0.636,7.51,45,0.881,4.62,0.395,0.393,0.124,21,0,640,42000,Moderate Risk,0.1277
GIG-14150,Swiggy,Tier 1,30646.66,0.691,12.84,28,0.935,4.71,0.329,0.688,0.02,54,3,530,60000,Very High Risk,0.4024
GIG-14151,Swiggy,Tier 1,16615.09,0.137,17.38,45,0.818,3.72,0.337,0.41,0.147,44,0,583,36000,High Risk,0.2741
GIG-14152,Zomato,Tier 3,34888.24,0.697,0.63,35,0.867,4.51,0.148,0.631,0.077,29,2,609,78000,High Risk,0.3361
GIG-14153,Swiggy,Tier 2,31960.76,0.379,-8.85,48,0.853,4.04,0.207,0.599,0.06,50,0,601,70000,High Risk,0.2382
GIG-14154,Swiggy,Tier 3,33604.92,0.718,4.08,46,0.919,4.9,0.365,0.349,0.156,31,0,704,87000,Moderate Risk,0.1261
GIG-14155,Zomato,Tier 3,19219.59,0.572,12.73,35,0.817,4.01,0.158,0.625,0.154,21,0,624,44000,High Risk,0.2632
GIG-14156,Zepto,Tier 1,31499.87,0.687,7.42,57,0.895,4.24,0.215,0.576,0.13,17,0,687,79000,Moderate Risk,0.1286
GIG-14157,Porter,Tier 3,28487.12,0.122,-11.84,18,0.888,3.81,0.182,0.559,0.2,27,0,532,56000,Very High Risk,0.6425
GIG-14158,Swiggy,Tier 1,27384.44,0.26,-3.16,37,0.829,3.66,0.415,0.394,0.088,57,0,555,56000,High Risk,0.2639
GIG-14159,Porter,Tier 1,42210.8,0.855,-0.82,41,0.968,4.49,0.251,0.649,0.02,25,1,668,103000,Moderate Risk,0.0934
GIG-14160,Porter,Tier 2,23757.41,0.872,-8.65,67,0.865,4.46,0.333,0.647,0.02,55,0,643,56000,Moderate Risk,0.1093
GIG-14161,Zepto,Tier 1,33591.44,0.725,13.03,49,0.854,4.66,0.405,0.393,0.147,26,0,698,86000,Moderate Risk,0.0773
GIG-14162,Ola,Tier 3,32625.37,0.79,-21.72,41,0.808,4.1,0.171,0.461,0.233,21,0,650,78000,Moderate Risk,0.113
GIG-14163,Urban Company,Tier 3,23303.63,0.591,1.83,46,0.88,4.62,0.364,0.344,0.168,19,2,553,47000,High Risk,0.2671
GIG-14164,Urban Company,Tier 2,35715.71,0.712,15.75,39,0.789,4.86,0.348,0.321,0.218,46,0,705,92000,Moderate Risk,0.1201
GIG-14165,Ola,Tier 1,23318.27,0.206,8.88,62,0.783,4.0,0.353,0.605,0.02,60,0,554,47000,High Risk,0.3384
GIG-14166,Zepto,Tier 1,28184.94,0.694,15.28,42,0.813,4.77,0.39,0.643,0.02,3,0,652,67000,Moderate Risk,0.1313
GIG-14167,Zomato,Tier 1,22792.82,0.175,25.41,52,0.828,4.32,0.357,0.303,0.262,53,0,630,53000,High Risk,0.319
GIG-14168,Blinkit,Tier 3,24470.76,0.589,-11.23,33,0.806,3.69,0.372,0.308,0.25,55,2,519,47000,Very High Risk,0.3824
GIG-14169,Blinkit,Tier 2,27183.29,0.659,12.75,53,0.974,4.11,0.413,0.59,0.02,13,0,645,64000,Moderate Risk,0.0888
GIG-14170,Zepto,Tier 1,42601.25,0.697,13.18,40,0.938,3.89,0.359,0.614,0.02,38,0,674,105000,Moderate Risk,0.0733
GIG-14171,Zepto,Tier 1,33056.75,0.702,17.91,63,0.927,4.13,0.19,0.637,0.107,42,0,683,83000,Moderate Risk,0.1154
GIG-14172,Zepto,Tier 1,38433.97,0.872,13.94,52,0.97,4.47,0.247,0.638,0.02,54,0,739,104000,Moderate Risk,0.1066
GIG-14173,Zepto,Tier 1,37399.24,0.571,10.45,39,0.949,3.55,0.26,0.402,0.201,43,0,647,89000,Moderate Risk,0.1158
GIG-14174,Zepto,Tier 3,16924.49,0.166,5.53,31,0.895,4.3,0.255,0.499,0.108,14,0,570,35000,High Risk,0.3161
GIG-14175,Zepto,Tier 2,11819.32,0.257,17.46,35,0.972,4.92,0.342,0.6,0.02,36,0,550,24000,High Risk,0.269
GIG-14176,Uber,Tier 2,19368.98,0.384,5.31,45,0.967,3.58,0.38,0.545,0.021,17,0,554,39000,High Risk,0.156
GIG-14177,Swiggy,Tier 3,21231.24,0.722,8.94,58,0.936,3.63,0.398,0.654,0.02,54,0,617,48000,High Risk,0.1955
GIG-14178,Uber,Tier 3,26027.15,0.659,-0.56,58,0.954,4.95,0.415,0.483,0.02,10,0,634,61000,High Risk,0.2715
GIG-14179,Zepto,Tier 3,11000.0,0.277,-0.06,40,0.9,3.54,0.359,0.35,0.154,19,0,546,22000,Very High Risk,0.4169
GIG-14180,Uber,Tier 2,23281.23,0.814,14.33,34,0.931,3.75,0.265,0.524,0.066,16,0,656,56000,Moderate Risk,0.1344
GIG-14181,Swiggy,Tier 1,31997.88,0.489,31.84,62,0.853,3.76,0.13,0.43,0.347,4,0,699,82000,Moderate Risk,0.1245
GIG-14182,Zepto,Tier 1,27661.8,0.102,9.33,27,0.822,4.47,0.397,0.385,0.111,43,0,581,59000,High Risk,0.2783
GIG-14183,Uber,Tier 1,15343.25,0.373,-7.87,32,0.792,4.39,0.36,0.697,0.02,42,0,534,30000,Very High Risk,0.4476
GIG-14184,Swiggy,Tier 3,35957.17,0.434,13.28,39,0.881,4.06,0.227,0.394,0.247,27,1,623,82000,High Risk,0.3276
GIG-14185,Zomato,Tier 3,16199.73,0.458,17.14,53,0.814,4.92,0.34,0.319,0.26,49,0,610,36000,High Risk,0.1959
GIG-14186,Uber,Tier 2,36036.6,0.612,-0.43,49,0.86,4.18,0.269,0.67,0.02,43,3,510,67000,Very High Risk,0.5447
GIG-14187,Blinkit,Tier 1,25829.35,0.345,4.28,53,0.976,3.67,0.176,0.519,0.242,18,0,621,59000,High Risk,0.2833
GIG-14188,Ola,Tier 2,33949.92,0.726,4.56,41,0.974,3.83,0.342,0.47,0.1,15,0,673,84000,Moderate Risk,0.1165
GIG-14189,Ola,Tier 3,26818.07,0.332,10.37,36,0.828,4.74,0.414,0.602,0.02,52,0,588,58000,High Risk,0.2558
GIG-14190,Zepto,Tier 2,29366.23,0.167,4.4,41,0.84,3.85,0.16,0.315,0.47,45,0,645,69000,Moderate Risk,0.0823
GIG-14191,Zomato,Tier 2,38767.47,0.413,-2.24,40,0.98,4.72,0.228,0.469,0.253,8,0,667,95000,Moderate Risk,0.0831
GIG-14192,Uber,Tier 3,19062.61,0.549,19.72,40,0.852,4.28,0.221,0.438,0.206,4,2,562,39000,High Risk,0.3155
GIG-14193,Swiggy,Tier 1,25663.5,0.249,9.66,42,0.88,4.49,0.316,0.663,0.02,32,0,575,54000,High Risk,0.2473
GIG-14194,Swiggy,Tier 1,42362.01,0.866,9.95,48,0.813,3.77,0.261,0.648,0.02,12,0,702,109000,Moderate Risk,0.0669
GIG-14195,Urban Company,Tier 2,27172.3,0.73,-11.98,52,0.792,4.23,0.244,0.304,0.32,60,0,666,66000,Moderate Risk,0.0692
GIG-14196,Uber,Tier 1,24048.12,0.122,-11.15,43,0.892,3.73,0.344,0.376,0.218,7,0,523,46000,Very High Risk,0.5475
GIG-14197,Porter,Tier 2,27753.65,0.341,-2.43,51,0.907,4.17,0.163,0.612,0.127,56,0,619,63000,High Risk,0.2248
GIG-14198,Ola,Tier 2,32501.01,0.701,6.0,28,0.8,3.91,0.161,0.31,0.38,9,1,657,78000,Moderate Risk,0.1191
GIG-14199,Porter,Tier 1,41598.65,0.816,0.4,48,0.97,3.95,0.383,0.322,0.177,29,0,689,105000,Moderate Risk,0.0821
GIG-14200,Swiggy,Tier 2,22270.11,0.662,17.62,41,0.872,4.14,0.243,0.501,0.199,43,1,627,51000,High Risk,0.208
GIG-14201,Swiggy,Tier 1,20513.36,0.436,0.35,31,0.93,3.98,0.155,0.462,0.251,46,0,594,45000,High Risk,0.2609
GIG-14202,Zepto,Tier 2,40175.52,0.694,-24.35,62,0.959,3.57,0.308,0.637,0.02,59,0,600,88000,High Risk,0.2436
GIG-14203,Blinkit,Tier 3,25246.45,0.559,-0.2,42,0.932,4.58,0.306,0.636,0.02,31,0,615,57000,High Risk,0.2417
GIG-14204,Uber,Tier 1,11655.76,0.57,-4.76,18,0.895,4.66,0.137,0.625,0.165,22,0,595,25000,High Risk,0.2699
GIG-14205,Zomato,Tier 1,37653.92,0.677,15.65,75,0.855,4.57,0.245,0.507,0.118,45,0,688,95000,Moderate Risk,0.0857
GIG-14206,Zomato,Tier 1,40576.95,0.594,14.6,46,0.905,3.82,0.409,0.515,0.024,24,0,661,98000,Moderate Risk,0.0656
GIG-14207,Blinkit,Tier 2,38407.84,0.614,2.08,44,0.986,3.76,0.209,0.471,0.26,42,0,644,91000,Moderate Risk,0.1036
GIG-14208,Zomato,Tier 1,33850.7,0.59,2.39,40,0.784,3.57,0.359,0.464,0.029,36,1,595,74000,High Risk,0.1532
GIG-14209,Urban Company,Tier 1,25490.58,0.574,5.1,63,0.836,4.28,0.234,0.552,0.122,15,1,577,54000,High Risk,0.3467
GIG-14210,Zomato,Tier 3,11813.18,0.843,-10.78,48,0.823,3.87,0.15,0.328,0.407,4,2,542,23000,Very High Risk,0.4739
GIG-14211,Uber,Tier 1,36985.13,0.803,12.69,44,0.893,4.66,0.146,0.431,0.312,58,0,746,101000,Low Risk,0.0216
GIG-14212,Blinkit,Tier 1,35534.88,0.82,10.54,34,0.822,3.97,0.163,0.609,0.087,60,0,688,90000,Moderate Risk,0.099
GIG-14213,Ola,Tier 1,33629.97,0.494,11.91,46,0.958,4.8,0.229,0.695,0.02,23,0,658,81000,Moderate Risk,0.118
GIG-14214,Uber,Tier 1,31258.36,0.453,3.92,57,0.909,4.68,0.217,0.304,0.397,8,2,625,72000,High Risk,0.3021
GIG-14215,Uber,Tier 2,22521.71,0.534,-2.13,40,0.856,3.64,0.373,0.422,0.09,20,0,600,50000,High Risk,0.2748
GIG-14216,Porter,Tier 1,20612.07,0.7,-1.2,60,0.823,4.25,0.26,0.554,0.129,8,1,587,44000,High Risk,0.2921
GIG-14217,Blinkit,Tier 3,22522.05,0.544,-0.55,50,0.837,3.52,0.125,0.392,0.346,38,1,599,49000,High Risk,0.1873
GIG-14218,Urban Company,Tier 2,32134.81,0.816,-2.42,58,0.899,4.59,0.391,0.628,0.02,50,4,517,61000,Very High Risk,0.4139
GIG-14219,Porter,Tier 2,43699.44,0.755,-4.55,42,0.86,4.06,0.306,0.455,0.147,35,0,681,109000,Moderate Risk,0.0634
GIG-14220,Zepto,Tier 1,22098.79,0.433,12.81,30,0.915,4.16,0.255,0.533,0.136,19,0,637,52000,High Risk,0.2453
GIG-14221,Uber,Tier 1,40908.34,0.577,-3.4,60,0.88,3.89,0.341,0.638,0.02,46,0,618,93000,High Risk,0.2563
GIG-14222,Urban Company,Tier 2,20641.09,0.424,-4.88,41,0.799,3.86,0.238,0.535,0.105,9,0,610,46000,High Risk,0.2083
GIG-14223,Urban Company,Tier 1,21087.88,0.464,8.33,35,0.832,3.92,0.182,0.398,0.347,53,0,638,49000,High Risk,0.2701
GIG-14224,Ola,Tier 3,32859.87,0.523,3.66,46,0.928,4.46,0.315,0.632,0.02,34,0,626,75000,High Risk,0.2858
GIG-14225,Zepto,Tier 2,33585.88,0.742,29.93,41,0.918,4.56,0.204,0.495,0.214,30,0,750,92000,Low Risk,0.0469
GIG-14226,Urban Company,Tier 2,30231.27,0.833,8.98,27,0.89,4.71,0.313,0.639,0.02,42,4,498,55000,Very High Risk,0.6869
GIG-14227,Swiggy,Tier 3,31393.98,0.958,7.94,48,0.836,4.1,0.348,0.347,0.166,27,0,691,80000,Moderate Risk,0.0748
GIG-14228,Zepto,Tier 1,29222.33,0.512,17.09,46,0.822,4.52,0.236,0.677,0.029,39,0,654,70000,Moderate Risk,0.1338
GIG-14229,Blinkit,Tier 2,24819.91,0.37,6.72,51,0.878,4.47,0.174,0.657,0.053,60,0,628,57000,High Risk,0.2116
GIG-14230,Swiggy,Tier 2,26624.39,0.38,9.7,46,0.938,4.36,0.379,0.657,0.02,13,0,587,57000,High Risk,0.3495
GIG-14231,Zomato,Tier 3,17978.61,0.667,10.72,52,0.893,3.87,0.146,0.366,0.38,19,0,685,45000,Moderate Risk,0.125
GIG-14232,Zepto,Tier 2,30078.1,0.456,-0.53,37,0.902,4.11,0.184,0.616,0.15,41,0,636,70000,High Risk,0.3302
GIG-14233,Blinkit,Tier 2,26715.8,0.529,23.06,46,0.838,4.57,0.231,0.41,0.27,4,2,592,58000,High Risk,0.3176
GIG-14234,Swiggy,Tier 1,29882.2,0.1,11.77,59,0.952,4.09,0.343,0.617,0.02,54,0,575,63000,High Risk,0.2337
GIG-14235,Blinkit,Tier 2,33184.12,0.794,6.58,43,0.832,4.33,0.18,0.497,0.245,53,0,707,86000,Moderate Risk,0.0914
GIG-14236,Uber,Tier 2,30872.8,0.917,-10.96,43,0.891,4.67,0.138,0.507,0.265,18,0,674,76000,Moderate Risk,0.0817
GIG-14237,Swiggy,Tier 1,36101.78,0.833,20.23,46,0.889,4.94,0.278,0.427,0.2,45,0,730,97000,Moderate Risk,0.0945
GIG-14238,Blinkit,Tier 2,24045.58,0.278,8.93,62,0.824,3.64,0.19,0.605,0.062,12,0,590,52000,High Risk,0.3157
GIG-14239,Blinkit,Tier 1,28312.5,0.316,-6.58,29,0.977,4.6,0.328,0.471,0.117,3,0,570,59000,High Risk,0.2282
GIG-14240,Blinkit,Tier 3,26207.39,0.457,8.45,54,0.903,4.26,0.338,0.594,0.02,3,0,609,59000,High Risk,0.2372
GIG-14241,Blinkit,Tier 1,25545.14,0.504,-3.21,61,0.959,4.87,0.34,0.459,0.093,32,0,625,59000,High Risk,0.1559
GIG-14242,Blinkit,Tier 1,23748.42,0.49,10.39,20,0.84,4.22,0.231,0.332,0.3,38,0,668,58000,Moderate Risk,0.0759
GIG-14243,Swiggy,Tier 2,43665.28,0.378,0.06,59,0.896,4.61,0.284,0.325,0.268,21,1,587,94000,High Risk,0.2004
GIG-14244,Ola,Tier 3,16185.46,0.483,0.28,50,0.864,4.15,0.288,0.32,0.283,16,0,610,36000,High Risk,0.3146
GIG-14245,Swiggy,Tier 3,13119.12,0.282,11.42,46,0.981,4.78,0.208,0.39,0.268,20,0,583,28000,High Risk,0.3207
GIG-14246,Swiggy,Tier 3,14280.21,0.506,0.92,60,0.882,4.36,0.139,0.645,0.079,60,0,601,31000,High Risk,0.2466
GIG-14247,Zepto,Tier 3,32266.25,0.897,-8.47,41,0.929,4.4,0.418,0.356,0.165,51,0,682,81000,Moderate Risk,0.0757
GIG-14248,Zepto,Tier 2,19452.15,0.772,9.9,48,0.838,4.7,0.237,0.495,0.195,55,0,678,48000,Moderate Risk,0.1392
GIG-14249,Blinkit,Tier 1,21030.08,0.421,3.89,44,0.885,4.46,0.247,0.525,0.146,15,0,632,49000,High Risk,0.3465
GIG-14250,Zomato,Tier 2,11000.0,0.769,2.95,50,0.984,3.5,0.31,0.616,0.02,34,0,613,25000,High Risk,0.1626
GIG-14251,Zomato,Tier 2,29241.7,0.491,-0.24,39,0.807,4.67,0.263,0.516,0.134,29,0,640,69000,Moderate Risk,0.0773
GIG-14252,Swiggy,Tier 1,25381.01,0.84,6.1,31,0.941,4.07,0.412,0.531,0.02,31,0,648,60000,Moderate Risk,0.1354
GIG-14253,Uber,Tier 3,37044.09,0.845,0.42,53,0.93,4.97,0.173,0.467,0.293,23,0,716,97000,Moderate Risk,0.0986
GIG-14254,Zepto,Tier 1,31992.16,0.557,8.79,37,0.887,4.41,0.211,0.561,0.162,39,0,662,78000,Moderate Risk,0.1088
GIG-14255,Zomato,Tier 2,21981.83,0.39,39.44,56,0.931,4.8,0.301,0.678,0.02,4,2,562,45000,High Risk,0.3092
GIG-14256,Zomato,Tier 2,15856.13,0.183,10.72,53,0.959,3.7,0.149,0.688,0.051,21,2,466,27000,Very High Risk,0.5737
GIG-14257,Uber,Tier 2,33617.96,0.702,-1.37,45,0.81,3.65,0.317,0.526,0.06,5,0,654,81000,Moderate Risk,0.0863
GIG-14258,Zomato,Tier 2,22992.78,0.079,1.87,39,0.964,3.95,0.245,0.424,0.182,44,4,400,34000,Very High Risk,0.4348
GIG-14259,Zomato,Tier 1,27276.55,0.773,3.83,46,0.792,4.61,0.193,0.48,0.266,33,0,663,66000,Moderate Risk,0.1005
GIG-14260,Swiggy,Tier 2,24053.73,0.31,6.53,46,0.89,3.77,0.248,0.419,0.184,49,0,577,51000,High Risk,0.1978
GIG-14261,Urban Company,Tier 2,25726.64,0.233,3.53,52,0.963,3.88,0.273,0.381,0.219,23,0,606,57000,High Risk,0.2978
GIG-14262,Blinkit,Tier 2,28915.73,0.311,-17.43,31,0.852,4.73,0.28,0.543,0.107,8,0,573,61000,High Risk,0.1588
GIG-14263,Blinkit,Tier 2,11484.16,0.093,12.78,29,0.97,4.11,0.296,0.671,0.02,42,1,485,20000,Very High Risk,0.6519
GIG-14264,Zomato,Tier 2,28418.67,0.338,0.45,28,0.929,4.5,0.24,0.373,0.289,22,0,616,64000,High Risk,0.2912
GIG-14265,Porter,Tier 2,18658.33,0.403,-14.86,46,0.947,4.96,0.13,0.315,0.42,57,0,627,43000,High Risk,0.2441
GIG-14266,Swiggy,Tier 2,33564.61,0.866,-4.87,53,0.877,3.63,0.256,0.545,0.093,42,0,644,79000,Moderate Risk,0.1214
GIG-14267,Swiggy,Tier 1,21500.74,0.207,24.27,51,0.844,4.67,0.215,0.467,0.255,17,1,566,45000,High Risk,0.3203
GIG-14268,Zomato,Tier 1,33446.21,0.414,7.77,40,0.939,3.59,0.366,0.61,0.02,11,0,585,72000,High Risk,0.2299
GIG-14269,Swiggy,Tier 2,31890.19,0.928,4.85,37,0.842,4.37,0.257,0.398,0.285,58,1,672,79000,Moderate Risk,0.1391
GIG-14270,Zepto,Tier 1,28747.82,0.131,14.66,46,0.786,4.9,0.137,0.557,0.221,13,0,620,65000,High Risk,0.2982
GIG-14271,Swiggy,Tier 1,35104.6,0.941,-5.46,37,0.817,4.74,0.303,0.503,0.119,49,0,691,89000,Moderate Risk,0.0889
GIG-14272,Blinkit,Tier 3,29480.04,0.714,7.39,33,0.816,4.21,0.304,0.652,0.02,3,0,646,70000,Moderate Risk,0.1119
GIG-14273,Zomato,Tier 2,19399.93,0.139,7.91,41,0.798,4.61,0.133,0.623,0.131,59,0,604,43000,High Risk,0.1871
GIG-14274,Zomato,Tier 1,20632.26,0.258,-10.86,20,0.856,4.58,0.374,0.642,0.02,6,1,485,37000,Very High Risk,0.6353
GIG-14275,Urban Company,Tier 1,19745.03,0.296,14.99,67,0.923,4.85,0.246,0.562,0.05,19,0,589,43000,High Risk,0.3009
GIG-14276,Blinkit,Tier 3,14883.65,0.429,10.6,49,0.9,4.45,0.41,0.648,0.02,42,0,593,32000,High Risk,0.161
GIG-14277,Zepto,Tier 2,11353.46,0.236,-0.37,38,0.96,4.37,0.296,0.525,0.107,47,0,543,23000,Very High Risk,0.5732
GIG-14278,Uber,Tier 1,26603.24,0.317,12.97,47,0.856,3.68,0.157,0.673,0.067,40,0,601,59000,High Risk,0.2461
GIG-14279,Porter,Tier 1,35940.83,0.611,4.96,60,0.965,4.12,0.312,0.372,0.2,11,0,663,87000,Moderate Risk,0.0919
GIG-14280,Blinkit,Tier 1,39436.52,0.447,4.35,33,0.978,4.7,0.412,0.644,0.02,51,0,629,91000,High Risk,0.1651
GIG-14281,Zepto,Tier 3,22745.84,0.274,-0.13,42,0.82,4.47,0.358,0.401,0.133,31,0,567,47000,High Risk,0.1653
GIG-14282,Swiggy,Tier 3,23394.46,0.751,12.94,53,0.848,3.8,0.193,0.526,0.193,36,0,670,57000,Moderate Risk,0.1396
GIG-14283,Ola,Tier 3,39001.61,0.507,12.14,36,0.787,4.9,0.319,0.365,0.179,33,0,709,101000,Moderate Risk,0.135
GIG-14284,Porter,Tier 2,23154.56,0.631,5.49,43,0.812,3.57,0.413,0.397,0.094,23,0,608,52000,High Risk,0.2795
GIG-14285,Porter,Tier 1,20340.54,0.496,11.3,63,0.805,4.35,0.298,0.604,0.02,8,0,630,47000,High Risk,0.2203
GIG-14286,Urban Company,Tier 2,31837.27,0.654,6.18,37,0.962,4.41,0.123,0.305,0.45,48,1,665,78000,Moderate Risk,0.1369
GIG-14287,Swiggy,Tier 2,14728.26,0.197,-2.15,42,0.876,4.64,0.335,0.499,0.044,38,0,535,29000,Very High Risk,0.4277
GIG-14288,Ola,Tier 3,29736.99,0.238,-1.56,43,0.884,4.86,0.356,0.316,0.248,44,0,607,66000,High Risk,0.2284
GIG-14289,Ola,Tier 3,32700.39,0.858,-1.74,35,0.846,4.16,0.362,0.396,0.114,7,0,688,82000,Moderate Risk,0.1283
GIG-14290,Swiggy,Tier 2,33150.84,0.446,7.35,42,0.866,4.34,0.396,0.354,0.144,6,0,631,77000,High Risk,0.2302
GIG-14291,Ola,Tier 1,35107.18,0.579,9.81,40,0.871,3.95,0.159,0.336,0.359,45,4,512,66000,Very High Risk,0.6347
GIG-14292,Ola,Tier 2,35514.63,0.546,14.24,32,0.919,4.17,0.267,0.483,0.148,55,0,679,88000,Moderate Risk,0.1379
GIG-14293,Zepto,Tier 1,36855.7,0.749,3.09,30,0.915,3.58,0.347,0.676,0.02,34,1,636,86000,High Risk,0.2986
GIG-14294,Swiggy,Tier 2,20851.85,0.656,-6.48,38,0.809,4.7,0.296,0.681,0.02,16,0,606,46000,High Risk,0.2082
GIG-14295,Blinkit,Tier 2,34290.42,0.822,10.91,32,0.808,4.88,0.128,0.663,0.104,48,0,704,89000,Moderate Risk,0.1358
GIG-14296,Porter,Tier 3,23666.8,0.767,6.9,36,0.897,4.64,0.407,0.423,0.048,12,0,644,56000,Moderate Risk,0.1001
GIG-14297,Swiggy,Tier 1,31706.43,0.853,18.76,70,0.984,4.24,0.323,0.319,0.237,17,0,726,84000,Moderate Risk,0.0852
GIG-14298,Blinkit,Tier 2,30390.36,0.571,13.95,44,0.979,4.16,0.274,0.346,0.297,31,0,684,76000,Moderate Risk,0.1148
GIG-14299,Ola,Tier 2,17182.02,0.104,-12.38,42,0.907,4.15,0.185,0.423,0.314,15,2,490,31000,Very High Risk,0.6778
GIG-14300,Swiggy,Tier 2,30470.12,0.806,10.52,33,0.81,4.67,0.195,0.402,0.325,30,0,720,80000,Moderate Risk,0.1138
GIG-14301,Uber,Tier 3,24250.69,0.066,-8.54,53,0.891,4.07,0.414,0.495,0.02,22,0,529,47000,Very High Risk,0.6482
GIG-14302,Swiggy,Tier 1,35578.29,0.671,-4.52,50,0.923,3.97,0.133,0.608,0.204,32,0,656,86000,Moderate Risk,0.1331
GIG-14303,Swiggy,Tier 3,24959.81,0.499,-1.69,45,0.814,4.37,0.224,0.345,0.357,10,0,657,60000,Moderate Risk,0.0673
GIG-14304,Ola,Tier 1,28249.67,0.808,-24.34,55,0.918,3.93,0.222,0.365,0.311,60,0,640,66000,Moderate Risk,0.0619
GIG-14305,Porter,Tier 1,25067.52,0.379,3.91,58,0.911,3.81,0.245,0.541,0.133,20,0,605,56000,High Risk,0.2566
GIG-14306,Zomato,Tier 2,31260.42,0.691,8.85,63,0.955,3.95,0.14,0.553,0.184,45,1,642,74000,Moderate Risk,0.1005
GIG-14307,Porter,Tier 2,41988.93,0.699,-12.59,18,0.943,3.79,0.21,0.565,0.134,19,0,650,100000,Moderate Risk,0.1232
GIG-14308,Swiggy,Tier 3,29738.97,0.125,20.53,55,0.865,4.0,0.375,0.53,0.02,8,0,576,63000,High Risk,0.2233
GIG-14309,Blinkit,Tier 2,42016.51,0.87,18.3,40,0.941,4.64,0.231,0.463,0.184,16,0,755,116000,Low Risk,0.0439
GIG-14310,Uber,Tier 2,37325.55,0.487,-7.07,30,0.971,4.86,0.199,0.336,0.415,35,0,659,90000,Moderate Risk,0.0808
GIG-14311,Zepto,Tier 3,31925.31,0.739,7.3,47,0.871,4.21,0.413,0.627,0.02,24,0,671,79000,Moderate Risk,0.1244
GIG-14312,Zomato,Tier 2,27245.11,0.086,-5.4,36,0.802,3.55,0.355,0.343,0.163,20,0,552,55000,High Risk,0.3085
GIG-14313,Blinkit,Tier 1,32343.1,0.567,3.97,52,0.792,4.66,0.356,0.379,0.133,6,0,659,78000,Moderate Risk,0.0832
GIG-14314,Zepto,Tier 3,24810.7,0.031,9.05,53,0.935,3.77,0.235,0.534,0.119,30,0,551,50000,High Risk,0.3008
GIG-14315,Ola,Tier 2,24907.03,0.195,-2.26,71,0.896,3.53,0.341,0.499,0.081,15,0,562,51000,High Risk,0.2729
GIG-14316,Zepto,Tier 1,19447.11,0.201,13.11,59,0.796,3.59,0.249,0.672,0.02,41,1,515,37000,Very High Risk,0.4434
GIG-14317,Urban Company,Tier 3,24046.21,0.072,-11.12,42,0.839,3.77,0.286,0.358,0.279,41,0,555,49000,High Risk,0.1528
GIG-14318,Porter,Tier 3,15312.51,0.527,1.74,39,0.824,4.61,0.284,0.64,0.02,30,1,562,32000,High Risk,0.2779
GIG-14319,Swiggy,Tier 3,14886.74,0.422,11.65,37,0.837,4.08,0.361,0.436,0.124,6,0,576,31000,High Risk,0.2937
GIG-14320,Ola,Tier 1,13597.78,0.139,-3.75,50,0.981,3.51,0.19,0.57,0.105,17,4,331,17000,Very High Risk,0.6632
GIG-14321,Swiggy,Tier 1,20761.32,0.755,16.46,59,0.92,4.34,0.334,0.61,0.02,60,1,624,48000,High Risk,0.3393
GIG-14322,Zomato,Tier 3,21307.5,0.683,18.57,42,0.844,3.94,0.203,0.387,0.299,20,0,676,53000,Moderate Risk,0.1034
GIG-14323,Ola,Tier 1,32275.61,0.788,-1.46,50,0.787,4.17,0.285,0.415,0.204,37,0,680,80000,Moderate Risk,0.0959
GIG-14324,Swiggy,Tier 2,30812.65,0.967,0.21,52,0.853,3.72,0.377,0.561,0.02,17,0,666,75000,Moderate Risk,0.0854
GIG-14325,Zepto,Tier 2,11628.88,0.399,-5.92,40,0.935,4.06,0.294,0.565,0.087,28,0,539,23000,Very High Risk,0.4023
GIG-14326,Swiggy,Tier 1,28528.78,0.11,9.42,35,0.952,3.5,0.231,0.41,0.266,49,0,583,61000,High Risk,0.2958
GIG-14327,Urban Company,Tier 2,25962.93,0.142,-7.14,33,0.933,4.32,0.339,0.536,0.02,16,0,556,53000,High Risk,0.2652
GIG-14328,Uber,Tier 1,26044.83,0.258,-0.82,47,0.843,4.05,0.368,0.692,0.02,25,0,565,54000,High Risk,0.1856
GIG-14329,Urban Company,Tier 3,25037.65,0.165,6.18,55,0.946,4.48,0.176,0.453,0.225,41,1,541,50000,Very High Risk,0.4464
GIG-14330,Urban Company,Tier 3,20224.63,0.511,9.06,42,0.981,3.98,0.305,0.683,0.02,3,0,592,44000,High Risk,0.21
GIG-14331,Swiggy,Tier 1,28245.05,0.131,0.55,35,0.873,3.89,0.226,0.41,0.253,35,0,570,59000,High Risk,0.1867
GIG-14332,Porter,Tier 3,28925.3,0.331,0.08,40,0.81,3.97,0.208,0.311,0.374,22,1,573,61000,High Risk,0.2699
GIG-14333,Ola,Tier 1,28516.92,0.545,3.85,41,0.979,4.54,0.398,0.498,0.02,23,0,662,69000,Moderate Risk,0.0631
GIG-14334,Swiggy,Tier 1,22370.65,0.37,-2.17,50,0.9,3.9,0.275,0.551,0.066,14,0,588,48000,High Risk,0.3364
GIG-14335,Blinkit,Tier 2,38433.84,0.735,-5.74,56,0.953,4.21,0.294,0.404,0.187,12,0,668,94000,Moderate Risk,0.0782
GIG-14336,Zomato,Tier 3,32008.01,0.69,16.93,35,0.83,4.7,0.323,0.602,0.02,33,1,654,77000,Moderate Risk,0.1112
GIG-14337,Zepto,Tier 2,14720.26,0.552,-4.57,35,0.844,3.54,0.368,0.304,0.23,4,0,595,32000,High Risk,0.2943
GIG-14338,Uber,Tier 2,34235.63,0.737,2.96,31,0.782,3.92,0.257,0.664,0.02,59,0,650,82000,Moderate Risk,0.0735
GIG-14339,Swiggy,Tier 1,35568.6,0.424,9.49,36,0.984,3.87,0.334,0.513,0.02,46,0,626,82000,High Risk,0.3299
GIG-14340,Zomato,Tier 3,30446.43,0.8,13.61,50,0.935,3.55,0.342,0.309,0.246,25,1,648,72000,Moderate Risk,0.1082
GIG-14341,Porter,Tier 3,30544.76,0.912,15.27,42,0.889,4.54,0.269,0.547,0.125,3,2,649,73000,Moderate Risk,0.1134
GIG-14342,Porter,Tier 1,24733.53,0.222,20.0,45,0.912,3.61,0.214,0.549,0.097,33,2,496,45000,Very High Risk,0.5209
GIG-14343,Swiggy,Tier 1,33460.77,0.894,8.58,34,0.866,3.98,0.253,0.43,0.191,55,0,710,87000,Moderate Risk,0.0784
GIG-14344,Zomato,Tier 3,24151.22,0.268,-4.93,32,0.884,4.27,0.309,0.433,0.155,46,4,389,34000,Very High Risk,0.6465
GIG-14345,Urban Company,Tier 1,24747.81,0.616,18.85,29,0.874,4.18,0.419,0.518,0.02,36,0,620,56000,High Risk,0.2107
GIG-14346,Uber,Tier 1,16616.01,0.216,28.17,52,0.947,3.74,0.188,0.649,0.03,52,1,552,34000,High Risk,0.1975
GIG-14347,Swiggy,Tier 1,28552.49,0.333,-7.79,41,0.811,4.12,0.125,0.348,0.477,22,0,636,67000,High Risk,0.2958
GIG-14348,Blinkit,Tier 2,28059.82,0.433,10.24,25,0.85,3.77,0.322,0.315,0.223,34,0,650,67000,Moderate Risk,0.0658
GIG-14349,Blinkit,Tier 3,33041.35,0.594,-2.84,50,0.865,4.16,0.242,0.435,0.196,19,1,604,73000,High Risk,0.2344
GIG-14350,Porter,Tier 2,11259.93,0.162,20.08,50,0.988,4.87,0.303,0.505,0.089,26,0,598,25000,High Risk,0.3484
GIG-14351,Porter,Tier 1,26812.43,0.554,16.66,43,0.885,4.49,0.126,0.561,0.239,55,1,627,62000,High Risk,0.1707
GIG-14352,Blinkit,Tier 2,30344.01,0.732,-7.35,52,0.898,4.69,0.409,0.302,0.187,48,0,661,74000,Moderate Risk,0.0923
GIG-14353,Blinkit,Tier 3,11000.0,0.277,7.92,40,0.836,4.06,0.416,0.57,0.02,52,0,557,22000,High Risk,0.2415
GIG-14354,Porter,Tier 1,18498.32,0.281,1.32,57,0.857,4.79,0.163,0.412,0.363,20,0,629,43000,High Risk,0.1759
GIG-14355,Zomato,Tier 1,29890.76,0.173,-2.25,49,0.804,4.87,0.144,0.387,0.375,29,1,602,66000,High Risk,0.2884
GIG-14356,Ola,Tier 3,43484.03,0.559,10.01,48,0.929,3.78,0.302,0.508,0.058,12,2,576,92000,High Risk,0.2522
GIG-14357,Blinkit,Tier 2,41562.97,0.681,4.43,45,0.852,3.97,0.266,0.485,0.128,4,0,653,100000,Moderate Risk,0.069
GIG-14358,Ola,Tier 3,17278.98,0.451,13.77,33,0.905,3.65,0.403,0.359,0.182,50,0,613,39000,High Risk,0.2305
GIG-14359,Zepto,Tier 2,29478.51,0.517,-1.69,31,0.866,4.31,0.256,0.695,0.02,16,1,569,62000,High Risk,0.1904
GIG-14360,Swiggy,Tier 1,23101.83,0.378,0.46,47,0.909,4.95,0.184,0.617,0.131,27,0,610,52000,High Risk,0.3052
GIG-14361,Swiggy,Tier 2,22894.81,0.406,-1.84,39,0.823,3.85,0.311,0.699,0.02,59,0,562,47000,High Risk,0.156
GIG-14362,Porter,Tier 3,31869.07,0.502,2.61,51,0.874,3.85,0.145,0.505,0.213,14,0,638,75000,High Risk,0.2306
GIG-14363,Urban Company,Tier 3,25088.4,0.24,-8.45,30,0.798,4.02,0.344,0.638,0.02,25,0,551,51000,High Risk,0.3385
GIG-14364,Blinkit,Tier 2,23426.45,0.141,-7.54,48,0.828,3.71,0.403,0.35,0.104,40,0,554,48000,High Risk,0.2032
GIG-14365,Zepto,Tier 2,28890.68,0.87,1.16,50,0.857,4.08,0.166,0.44,0.262,22,1,679,72000,Moderate Risk,0.1028
GIG-14366,Ola,Tier 1,34381.03,0.766,1.18,64,0.852,4.43,0.373,0.314,0.209,40,0,688,87000,Moderate Risk,0.0694
GIG-14367,Blinkit,Tier 3,32146.21,0.803,0.79,32,0.964,3.55,0.327,0.686,0.02,10,1,607,72000,High Risk,0.282
GIG-14368,Zepto,Tier 2,32303.51,0.793,13.67,43,0.967,3.69,0.28,0.684,0.02,39,1,604,72000,High Risk,0.2151
GIG-14369,Blinkit,Tier 2,16272.27,0.35,13.5,41,0.953,4.95,0.312,0.576,0.03,10,0,599,36000,High Risk,0.1727
GIG-14370,Zomato,Tier 2,21745.11,0.358,13.53,50,0.956,4.39,0.167,0.627,0.077,46,1,573,46000,High Risk,0.342
GIG-14371,Uber,Tier 2,20935.49,0.691,14.69,44,0.788,4.96,0.352,0.444,0.119,46,0,654,50000,Moderate Risk,0.0692
GIG-14372,Uber,Tier 3,28581.44,0.135,11.52,37,0.911,4.59,0.231,0.345,0.293,21,0,598,63000,High Risk,0.2093
GIG-14373,Uber,Tier 2,22359.63,0.152,1.73,54,0.847,4.04,0.27,0.425,0.23,34,0,561,46000,High Risk,0.3189
GIG-14374,Urban Company,Tier 1,34504.14,0.947,-2.23,43,0.97,3.69,0.397,0.593,0.02,54,0,668,85000,Moderate Risk,0.0864
GIG-14375,Urban Company,Tier 1,29392.37,0.215,20.7,51,0.84,4.97,0.204,0.364,0.304,32,1,625,67000,High Risk,0.2328
GIG-14376,Zomato,Tier 1,11000.0,0.632,-8.1,43,0.914,4.87,0.336,0.503,0.107,21,2,489,20000,Very High Risk,0.5197
GIG-14377,Swiggy,Tier 1,19493.15,0.487,1.87,39,0.932,4.69,0.261,0.616,0.02,34,2,491,35000,Very High Risk,0.607
GIG-14378,Urban Company,Tier 1,19321.2,0.086,-5.57,42,0.914,4.53,0.229,0.633,0.081,30,0,532,38000,Very High Risk,0.4511
GIG-14379,Blinkit,Tier 3,19017.52,0.316,-2.68,58,0.976,3.93,0.319,0.63,0.02,56,1,503,35000,Very High Risk,0.5608
GIG-14380,Zomato,Tier 1,33666.41,0.495,32.09,35,0.866,4.94,0.397,0.695,0.02,19,1,643,79000,Moderate Risk,0.1216
GIG-14381,Uber,Tier 2,31006.59,0.559,17.46,40,0.971,3.87,0.131,0.381,0.362,59,1,633,72000,High Risk,0.3217
GIG-14382,Urban Company,Tier 3,24639.01,0.366,-4.66,39,0.98,4.0,0.344,0.392,0.141,45,0,570,51000,High Risk,0.3097
GIG-14383,Uber,Tier 1,44136.68,0.739,4.46,46,0.841,4.64,0.254,0.459,0.182,48,2,626,101000,High Risk,0.172
GIG-14384,Urban Company,Tier 1,21231.45,0.556,12.2,47,0.961,4.31,0.402,0.384,0.076,49,0,646,50000,Moderate Risk,0.0865
GIG-14385,Ola,Tier 2,29795.52,0.499,10.35,39,0.885,4.84,0.29,0.479,0.152,40,0,639,70000,High Risk,0.2637
GIG-14386,Swiggy,Tier 2,13623.27,0.234,-4.0,55,0.815,3.93,0.157,0.661,0.071,17,1,488,24000,Very High Risk,0.5106
GIG-14387,Zomato,Tier 2,30601.74,0.788,-10.63,40,0.825,3.89,0.152,0.331,0.407,25,2,603,68000,High Risk,0.297
GIG-14388,Ola,Tier 3,31424.45,0.668,7.47,40,0.786,4.71,0.23,0.377,0.302,43,0,687,79000,Moderate Risk,0.119
GIG-14389,Zepto,Tier 2,23624.63,0.3,8.22,43,0.982,4.26,0.288,0.3,0.295,28,0,611,53000,High Risk,0.283
GIG-14390,Swiggy,Tier 2,22094.06,0.118,3.4,55,0.931,4.81,0.393,0.497,0.024,22,2,476,39000,Very High Risk,0.6689
GIG-14391,Urban Company,Tier 1,22770.24,0.378,16.12,51,0.793,3.53,0.213,0.558,0.128,39,0,613,51000,High Risk,0.2095
GIG-14392,Zepto,Tier 3,22970.26,0.233,27.11,43,0.806,4.84,0.355,0.621,0.02,59,0,591,50000,High Risk,0.1774
GIG-14393,Blinkit,Tier 3,33063.22,0.203,15.67,46,0.939,3.82,0.365,0.688,0.02,11,1,555,67000,High Risk,0.229
GIG-14394,Ola,Tier 2,22347.81,0.241,3.77,51,0.917,4.67,0.15,0.684,0.095,11,2,504,41000,Very High Risk,0.6381
GIG-14395,Zepto,Tier 3,34405.37,0.426,7.9,43,0.845,4.8,0.124,0.667,0.074,15,0,641,81000,Moderate Risk,0.0984
GIG-14396,Urban Company,Tier 2,39148.24,0.64,8.77,35,0.973,4.77,0.317,0.374,0.181,8,1,648,93000,Moderate Risk,0.0927
GIG-14397,Urban Company,Tier 3,36748.74,0.846,5.15,44,0.875,4.65,0.146,0.573,0.17,43,1,701,94000,Moderate Risk,0.095
GIG-14398,Porter,Tier 3,29144.65,0.348,-2.3,44,0.806,4.25,0.226,0.484,0.19,14,0,626,67000,High Risk,0.3213
GIG-14399,Zepto,Tier 2,25144.0,0.655,17.37,49,0.905,4.3,0.279,0.503,0.09,9,0,655,60000,Moderate Risk,0.1023
GIG-14400,Uber,Tier 3,16582.47,0.165,-2.69,28,0.923,4.96,0.389,0.625,0.02,31,0,538,33000,Very High Risk,0.4085
GIG-14401,Blinkit,Tier 3,14719.29,0.307,-0.83,28,0.955,3.57,0.127,0.392,0.363,46,0,580,31000,High Risk,0.2067
GIG-14402,Blinkit,Tier 2,35282.19,0.935,0.07,29,0.97,4.0,0.317,0.432,0.134,25,1,659,85000,Moderate Risk,0.1081
GIG-14403,Zepto,Tier 2,29017.36,0.489,1.88,42,0.977,3.69,0.199,0.434,0.255,29,1,612,65000,High Risk,0.2304
GIG-14404,Zepto,Tier 2,32867.08,0.859,-6.02,40,0.865,4.66,0.154,0.506,0.216,4,1,645,78000,Moderate Risk,0.1285
GIG-14405,Zomato,Tier 2,11000.0,0.153,12.26,57,0.832,4.87,0.371,0.408,0.138,8,0,582,23000,High Risk,0.2292
GIG-14406,Uber,Tier 3,35779.98,0.707,12.59,56,0.899,4.42,0.396,0.303,0.235,22,1,659,86000,Moderate Risk,0.1113
GIG-14407,Ola,Tier 3,34983.59,0.98,23.79,37,0.918,4.31,0.129,0.365,0.44,35,1,749,96000,Low Risk,0.0175
GIG-14408,Blinkit,Tier 1,25275.6,0.593,4.86,28,0.861,4.52,0.267,0.421,0.171,42,2,563,52000,High Risk,0.3269
GIG-14409,Urban Company,Tier 1,38596.05,0.563,6.72,46,0.953,4.45,0.177,0.538,0.192,51,0,678,96000,Moderate Risk,0.1104
GIG-14410,Zepto,Tier 1,30970.11,0.4,7.06,43,0.89,3.67,0.392,0.528,0.027,28,1,589,67000,High Risk,0.2726
GIG-14411,Zomato,Tier 2,12189.44,0.736,9.07,50,0.872,4.17,0.266,0.576,0.094,54,1,557,25000,High Risk,0.2231
GIG-14412,Porter,Tier 1,27021.27,0.268,18.66,43,0.845,3.92,0.271,0.319,0.349,8,1,580,57000,High Risk,0.2381
GIG-14413,Zomato,Tier 2,27912.3,0.184,-16.85,32,0.908,4.89,0.176,0.467,0.251,56,0,567,58000,High Risk,0.2769
GIG-14414,Swiggy,Tier 2,34898.01,0.747,11.91,43,0.929,4.5,0.178,0.384,0.34,41,0,718,92000,Moderate Risk,0.1146
GIG-14415,Swiggy,Tier 2,26763.94,0.169,6.25,38,0.786,3.84,0.141,0.382,0.378,39,0,611,60000,High Risk,0.2917
GIG-14416,Porter,Tier 3,20983.61,0.205,-2.78,41,0.797,3.96,0.32,0.415,0.134,24,0,538,41000,Very High Risk,0.5293
GIG-14417,Zomato,Tier 1,43677.52,0.94,23.04,40,0.864,4.48,0.172,0.31,0.417,50,0,783,125000,Low Risk,0.0112
GIG-14418,Zomato,Tier 3,36912.11,0.739,27.44,60,0.962,4.59,0.351,0.336,0.248,16,0,760,103000,Low Risk,0.0137
GIG-14419,Uber,Tier 3,29792.97,0.091,-4.58,40,0.875,4.8,0.321,0.598,0.022,50,0,564,62000,High Risk,0.3476
GIG-14420,Porter,Tier 1,30397.94,0.726,0.59,41,0.927,3.71,0.406,0.478,0.063,17,0,652,73000,Moderate Risk,0.119
GIG-14421,Uber,Tier 2,19594.66,0.688,23.52,48,0.972,4.15,0.156,0.672,0.078,43,0,667,48000,Moderate Risk,0.0841
GIG-14422,Urban Company,Tier 3,36736.82,0.801,13.0,46,0.79,3.79,0.224,0.571,0.071,3,0,703,95000,Moderate Risk,0.0719
GIG-14423,Porter,Tier 3,23622.91,0.683,-24.45,39,0.808,4.51,0.385,0.577,0.02,47,0,606,52000,High Risk,0.2419
GIG-14424,Ola,Tier 1,28264.31,0.351,-15.19,38,0.868,4.17,0.35,0.684,0.02,7,2,483,50000,Very High Risk,0.5917
GIG-14425,Zomato,Tier 1,21671.17,0.464,7.24,27,0.861,4.47,0.254,0.61,0.02,41,0,612,49000,High Risk,0.3059
GIG-14426,Swiggy,Tier 3,30844.78,0.836,-6.79,49,0.878,4.72,0.174,0.515,0.261,9,1,646,73000,Moderate Risk,0.1024
GIG-14427,Ola,Tier 1,18169.19,0.13,3.61,53,0.855,4.88,0.136,0.6,0.196,9,0,583,39000,High Risk,0.2547
GIG-14428,Porter,Tier 1,32494.81,0.761,-3.41,48,0.856,4.7,0.162,0.392,0.342,56,0,708,84000,Moderate Risk,0.1035
GIG-14429,Porter,Tier 2,27669.23,0.388,-0.11,49,0.814,3.63,0.194,0.564,0.14,6,0,612,62000,High Risk,0.2219
GIG-14430,Swiggy,Tier 2,31705.3,0.827,13.83,42,0.864,3.77,0.195,0.486,0.191,28,1,650,76000,Moderate Risk,0.1257
GIG-14431,Porter,Tier 1,31787.41,0.271,3.38,58,0.874,4.62,0.27,0.614,0.061,55,1,549,64000,Very High Risk,0.371
GIG-14432,Ola,Tier 3,23774.09,0.323,14.09,38,0.979,4.05,0.371,0.609,0.02,19,0,562,49000,High Risk,0.2353
GIG-14433,Porter,Tier 3,21992.84,0.094,12.25,56,0.853,4.28,0.382,0.318,0.157,42,0,572,46000,High Risk,0.1835
GIG-14434,Swiggy,Tier 2,32382.43,0.884,-7.77,49,0.826,4.16,0.346,0.302,0.298,12,1,655,78000,Moderate Risk,0.1
GIG-14435,Zomato,Tier 1,35478.69,0.59,-3.21,51,0.882,4.06,0.194,0.539,0.163,12,0,637,83000,High Risk,0.2241
GIG-14436,Ola,Tier 1,30178.97,0.894,2.63,49,0.812,4.62,0.134,0.471,0.259,35,2,615,68000,High Risk,0.2635
GIG-14437,Ola,Tier 2,19798.32,0.343,1.93,52,0.851,4.67,0.222,0.604,0.106,33,0,589,43000,High Risk,0.1644
GIG-14438,Urban Company,Tier 2,40229.93,0.942,16.16,45,0.847,4.54,0.256,0.607,0.02,45,0,730,108000,Moderate Risk,0.0934
GIG-14439,Swiggy,Tier 3,50520.55,0.892,-3.53,47,0.84,4.34,0.376,0.674,0.02,34,1,677,125000,Moderate Risk,0.1373
GIG-14440,Blinkit,Tier 3,29315.78,0.267,9.28,46,0.887,4.74,0.387,0.58,0.02,20,0,611,66000,High Risk,0.3143
GIG-14441,Zepto,Tier 2,33829.78,0.982,12.47,31,0.92,4.68,0.243,0.306,0.314,47,0,768,95000,Low Risk,0.0226
GIG-14442,Swiggy,Tier 2,39508.32,0.941,14.19,43,0.919,4.01,0.177,0.343,0.41,29,0,767,111000,Low Risk,0.0418
GIG-14443,Zepto,Tier 1,27763.13,0.687,16.07,51,0.897,4.0,0.192,0.356,0.329,4,1,662,67000,Moderate Risk,0.0887
GIG-14444,Urban Company,Tier 2,31306.04,0.786,-2.9,32,0.817,3.91,0.356,0.397,0.127,10,1,621,71000,High Risk,0.2283
GIG-14445,Zepto,Tier 1,20247.5,0.329,5.36,45,0.976,3.5,0.12,0.596,0.186,40,2,516,38000,Very High Risk,0.6274
GIG-14446,Urban Company,Tier 1,11000.0,0.599,13.57,54,0.962,3.9,0.384,0.67,0.02,44,0,597,24000,High Risk,0.2373
GIG-14447,Porter,Tier 1,40822.67,0.886,9.1,41,0.891,3.97,0.339,0.469,0.13,25,0,726,109000,Moderate Risk,0.0609
GIG-14448,Uber,Tier 2,32408.05,0.486,5.22,33,0.978,4.61,0.239,0.411,0.295,59,0,672,80000,Moderate Risk,0.1222
GIG-14449,Porter,Tier 2,24540.47,0.184,9.17,48,0.813,3.61,0.173,0.431,0.341,3,0,577,52000,High Risk,0.1835
GIG-14450,Uber,Tier 2,23139.18,0.276,5.52,42,0.941,3.74,0.385,0.311,0.208,35,0,590,50000,High Risk,0.2748
GIG-14451,Ola,Tier 2,44562.02,0.658,-0.82,47,0.894,3.62,0.126,0.605,0.133,60,0,677,111000,Moderate Risk,0.0793
GIG-14452,Zepto,Tier 3,29045.74,0.337,3.92,33,0.932,3.91,0.29,0.54,0.064,7,0,589,63000,High Risk,0.2917
GIG-14453,Uber,Tier 3,12087.4,0.779,-8.49,52,0.938,4.3,0.171,0.388,0.375,12,0,648,29000,Moderate Risk,0.1178
GIG-14454,Blinkit,Tier 3,25275.71,0.897,-3.34,64,0.906,4.06,0.404,0.436,0.02,49,1,557,52000,High Risk,0.2431
GIG-14455,Blinkit,Tier 2,36783.98,0.583,10.81,39,0.815,4.36,0.315,0.514,0.051,48,1,620,84000,High Risk,0.1837
GIG-14456,Uber,Tier 2,34043.5,0.897,-9.47,38,0.931,4.94,0.254,0.44,0.231,53,0,698,87000,Moderate Risk,0.0743
GIG-14457,Urban Company,Tier 2,27894.48,0.176,18.26,29,0.817,4.37,0.278,0.678,0.02,7,1,571,58000,High Risk,0.1685
GIG-14458,Porter,Tier 2,37935.85,0.644,1.08,63,0.834,4.97,0.219,0.349,0.35,33,1,655,91000,Moderate Risk,0.0851
GIG-14459,Uber,Tier 3,33066.56,0.873,3.59,48,0.902,4.76,0.15,0.544,0.244,48,0,731,89000,Moderate Risk,0.0971
GIG-14460,Urban Company,Tier 1,33986.17,0.836,33.13,39,0.868,4.33,0.213,0.349,0.386,47,0,765,95000,Low Risk,0.0455
GIG-14461,Blinkit,Tier 3,26278.05,0.345,14.92,56,0.98,4.0,0.312,0.567,0.069,40,0,604,58000,High Risk,0.3211
GIG-14462,Blinkit,Tier 3,28379.26,0.731,22.05,51,0.946,3.9,0.391,0.395,0.104,42,0,693,72000,Moderate Risk,0.1033
GIG-14463,Zepto,Tier 1,25695.56,0.23,8.69,30,0.922,4.01,0.186,0.534,0.219,5,0,610,57000,High Risk,0.1874
GIG-14464,Zomato,Tier 3,11000.0,0.69,-5.82,36,0.821,4.07,0.245,0.39,0.251,13,0,581,23000,High Risk,0.1895
GIG-14465,Ola,Tier 1,39656.9,0.868,24.65,36,0.83,4.65,0.236,0.337,0.373,45,0,792,115000,Low Risk,0.0266
GIG-14466,Swiggy,Tier 2,32928.8,0.737,-9.95,46,0.93,4.68,0.201,0.467,0.258,46,0,676,82000,Moderate Risk,0.1375
GIG-14467,Porter,Tier 2,37336.8,0.69,4.78,25,0.796,4.19,0.228,0.585,0.135,51,1,634,87000,High Risk,0.2333
GIG-14468,Ola,Tier 3,17309.31,0.234,1.71,47,0.987,4.46,0.303,0.477,0.142,53,0,556,35000,High Risk,0.1798
GIG-14469,Ola,Tier 1,27271.53,0.088,-15.17,27,0.854,4.0,0.174,0.358,0.37,60,0,579,58000,High Risk,0.1684
GIG-14470,Uber,Tier 3,28876.57,0.092,-8.47,43,0.941,4.52,0.141,0.444,0.293,60,0,563,60000,High Risk,0.1892
GIG-14471,Zepto,Tier 2,16666.38,0.322,6.5,47,0.952,3.97,0.265,0.629,0.02,7,0,587,36000,High Risk,0.3144
GIG-14472,Zomato,Tier 3,21255.97,0.422,7.53,37,0.93,3.77,0.165,0.319,0.45,19,1,618,48000,High Risk,0.3154
GIG-14473,Swiggy,Tier 1,21431.39,0.435,1.16,66,0.858,4.01,0.167,0.512,0.219,57,0,603,47000,High Risk,0.1659
GIG-14474,Swiggy,Tier 2,31100.06,0.374,17.31,30,0.893,3.89,0.219,0.677,0.021,51,1,595,68000,High Risk,0.2368
GIG-14475,Blinkit,Tier 3,34304.77,0.559,-5.19,47,0.987,4.89,0.187,0.65,0.086,43,0,641,81000,Moderate Risk,0.1044
GIG-14476,Zomato,Tier 1,37279.87,0.872,9.75,53,0.891,4.18,0.158,0.323,0.374,23,0,757,103000,Low Risk,0.0431
GIG-14477,Swiggy,Tier 3,16044.44,0.397,12.81,43,0.878,4.79,0.125,0.502,0.231,31,0,629,37000,High Risk,0.1713
GIG-14478,Zepto,Tier 1,21407.37,0.397,12.85,57,0.823,4.39,0.164,0.481,0.259,43,0,629,49000,High Risk,0.1582
GIG-14479,Ola,Tier 1,35382.74,0.554,2.58,34,0.888,3.84,0.18,0.308,0.403,19,0,686,89000,Moderate Risk,0.1045
GIG-14480,Porter,Tier 2,35603.26,0.555,15.86,37,0.805,4.66,0.206,0.416,0.277,46,0,706,92000,Moderate Risk,0.0771
GIG-14481,Urban Company,Tier 1,20385.3,0.147,1.69,52,0.818,4.35,0.287,0.548,0.085,15,0,571,43000,High Risk,0.1888
GIG-14482,Uber,Tier 2,34322.39,0.734,13.75,60,0.901,3.77,0.199,0.55,0.14,55,0,697,88000,Moderate Risk,0.0821
GIG-14483,Ola,Tier 1,32525.52,0.772,-0.8,33,0.806,3.65,0.149,0.437,0.312,40,0,690,82000,Moderate Risk,0.1308
GIG-14484,Zomato,Tier 3,33548.71,0.586,14.38,51,0.842,3.5,0.265,0.696,0.02,45,0,634,78000,High Risk,0.3161
GIG-14485,Swiggy,Tier 1,20313.88,0.25,15.03,21,0.841,4.29,0.326,0.325,0.202,5,0,593,44000,High Risk,0.1582
GIG-14486,Uber,Tier 1,11000.0,0.545,19.76,48,0.833,4.28,0.23,0.451,0.26,26,0,630,25000,High Risk,0.2161
GIG-14487,Zepto,Tier 3,21228.21,0.546,17.87,48,0.955,4.59,0.321,0.467,0.105,37,0,646,50000,Moderate Risk,0.1243
GIG-14488,Swiggy,Tier 2,47025.28,0.744,7.1,61,0.986,3.79,0.312,0.544,0.06,14,0,706,122000,Moderate Risk,0.0935
GIG-14489,Porter,Tier 1,19068.18,0.671,6.93,53,0.884,4.27,0.191,0.665,0.073,56,0,633,44000,High Risk,0.3225
GIG-14490,Ola,Tier 3,29573.27,0.159,-9.83,50,0.967,4.57,0.393,0.475,0.069,55,2,492,53000,Very High Risk,0.5587
GIG-14491,Porter,Tier 3,40243.64,0.571,13.22,37,0.943,3.81,0.175,0.447,0.322,25,0,715,106000,Moderate Risk,0.0944
GIG-14492,Blinkit,Tier 3,31289.88,0.755,23.68,48,0.972,4.14,0.252,0.367,0.24,60,0,718,82000,Moderate Risk,0.0863
GIG-14493,Uber,Tier 1,17687.58,0.377,-1.74,52,0.972,4.27,0.181,0.465,0.212,31,0,592,38000,High Risk,0.3372
GIG-14494,Zepto,Tier 3,34601.03,0.644,15.54,66,0.85,4.25,0.399,0.302,0.207,27,0,705,89000,Moderate Risk,0.1323
GIG-14495,Swiggy,Tier 3,45574.02,0.76,7.32,24,0.868,4.82,0.42,0.327,0.13,8,0,713,119000,Moderate Risk,0.1399
GIG-14496,Uber,Tier 3,19625.82,0.237,-7.71,34,0.916,3.8,0.265,0.357,0.298,22,0,550,40000,High Risk,0.3297
GIG-14497,Swiggy,Tier 1,35820.91,0.711,-5.09,41,0.839,4.61,0.223,0.383,0.333,34,0,679,89000,Moderate Risk,0.0938
GIG-14498,Ola,Tier 1,34022.24,0.651,8.11,45,0.833,4.89,0.165,0.344,0.376,41,0,744,93000,Low Risk,0.0314
GIG-14499,Blinkit,Tier 1,24740.09,0.252,-17.7,49,0.923,4.37,0.304,0.46,0.112,17,0,567,51000,High Risk,0.2532
GIG-14500,Urban Company,Tier 2,35400.13,0.946,22.9,36,0.819,3.73,0.302,0.572,0.068,27,0,727,94000,Moderate Risk,0.1132
GIG-14501,Blinkit,Tier 1,29863.16,0.307,5.37,33,0.87,4.3,0.36,0.629,0.02,58,0,573,63000,High Risk,0.2181
GIG-14502,Uber,Tier 2,19593.2,0.463,-8.3,68,0.797,3.64,0.284,0.315,0.279,7,4,434,31000,Very High Risk,0.5092
GIG-14503,Ola,Tier 3,33419.94,0.659,8.63,60,0.882,4.18,0.238,0.406,0.303,42,0,680,83000,Moderate Risk,0.1303
GIG-14504,Urban Company,Tier 2,29355.24,0.157,1.95,49,0.948,4.55,0.124,0.525,0.229,42,0,579,62000,High Risk,0.2893
GIG-14505,Zomato,Tier 3,30471.28,0.801,-8.05,47,0.885,4.52,0.363,0.357,0.156,47,0,651,73000,Moderate Risk,0.1012
GIG-14506,Swiggy,Tier 3,31455.48,0.523,9.72,35,0.829,3.7,0.308,0.343,0.252,33,0,681,79000,Moderate Risk,0.1241
GIG-14507,Urban Company,Tier 3,27971.07,0.284,-8.39,39,0.891,3.53,0.302,0.629,0.02,4,2,464,48000,Very High Risk,0.3756
GIG-14508,Zomato,Tier 2,19178.94,0.571,27.7,43,0.866,3.98,0.342,0.538,0.022,29,0,632,44000,High Risk,0.2739
GIG-14509,Urban Company,Tier 1,21849.43,0.471,11.3,55,0.954,4.75,0.224,0.405,0.266,24,0,642,51000,Moderate Risk,0.1393
GIG-14510,Zomato,Tier 1,26406.22,0.669,11.27,66,0.845,4.78,0.221,0.343,0.357,16,0,689,67000,Moderate Risk,0.0853
GIG-14511,Blinkit,Tier 3,32257.68,0.431,12.87,42,0.809,4.63,0.134,0.425,0.306,59,0,670,79000,Moderate Risk,0.1147
GIG-14512,Zomato,Tier 1,30479.92,0.706,17.7,47,0.825,3.81,0.346,0.559,0.02,34,0,637,71000,High Risk,0.1636
GIG-14513,Swiggy,Tier 3,23060.13,0.338,12.82,57,0.827,4.24,0.173,0.401,0.277,60,0,646,55000,Moderate Risk,0.072
GIG-14514,Zomato,Tier 2,11193.71,0.277,12.64,40,0.826,4.6,0.177,0.65,0.039,7,1,519,21000,Very High Risk,0.405
GIG-14515,Zepto,Tier 3,27922.61,0.283,13.78,36,0.79,4.96,0.202,0.428,0.295,50,0,656,67000,Moderate Risk,0.0864
GIG-14516,Swiggy,Tier 3,22414.2,0.506,-7.19,42,0.81,4.11,0.321,0.397,0.144,33,0,597,49000,High Risk,0.2953
GIG-14517,Uber,Tier 2,34013.44,0.568,16.94,39,0.831,4.56,0.143,0.554,0.159,49,0,706,88000,Moderate Risk,0.1176
GIG-14518,Zomato,Tier 1,11000.0,0.391,-13.28,24,0.857,4.36,0.327,0.305,0.23,5,0,551,22000,High Risk,0.2787
GIG-14519,Porter,Tier 3,29526.12,0.182,21.05,48,0.833,4.18,0.282,0.483,0.177,17,0,608,66000,High Risk,0.198
GIG-14520,Blinkit,Tier 2,32946.62,0.902,0.08,52,0.898,4.06,0.388,0.631,0.02,33,0,662,80000,Moderate Risk,0.1091
GIG-14521,Urban Company,Tier 1,19276.17,0.064,1.09,49,0.803,4.05,0.139,0.473,0.278,4,0,555,39000,High Risk,0.2538
GIG-14522,Zomato,Tier 1,28408.37,0.486,-12.28,63,0.793,4.51,0.168,0.42,0.288,52,0,643,67000,Moderate Risk,0.1025
GIG-14523,Ola,Tier 3,18664.61,0.58,27.89,47,0.942,4.16,0.238,0.539,0.118,41,0,645,44000,Moderate Risk,0.1255
GIG-14524,Zepto,Tier 3,32195.06,0.577,-5.41,34,0.974,4.06,0.268,0.524,0.071,46,0,634,75000,High Risk,0.2369
GIG-14525,Zomato,Tier 3,15643.35,0.539,3.23,45,0.875,4.77,0.149,0.446,0.317,33,0,652,37000,Moderate Risk,0.0945
GIG-14526,Zomato,Tier 2,31652.43,0.572,7.27,44,0.817,4.83,0.396,0.464,0.044,52,0,642,75000,Moderate Risk,0.0863
GIG-14527,Zepto,Tier 3,30575.83,0.768,1.86,52,0.828,4.46,0.419,0.592,0.02,11,0,676,76000,Moderate Risk,0.0703
GIG-14528,Zepto,Tier 3,18151.13,0.286,-0.59,35,0.829,3.96,0.319,0.326,0.25,30,0,577,38000,High Risk,0.229
GIG-14529,Uber,Tier 1,16569.5,0.053,1.34,46,0.966,4.93,0.385,0.689,0.02,31,1,494,30000,Very High Risk,0.5271
GIG-14530,Swiggy,Tier 3,25019.22,0.221,2.41,48,0.89,4.02,0.402,0.694,0.02,60,0,558,51000,High Risk,0.1504
GIG-14531,Blinkit,Tier 2,31993.92,0.644,-15.29,57,0.965,4.12,0.209,0.551,0.118,15,0,645,76000,Moderate Risk,0.0727
GIG-14532,Blinkit,Tier 2,20906.87,0.081,20.94,37,0.926,4.29,0.323,0.571,0.041,6,0,566,43000,High Risk,0.1536
GIG-14533,Ola,Tier 1,41419.63,0.639,17.05,48,0.979,4.6,0.221,0.348,0.285,8,0,714,108000,Moderate Risk,0.138
GIG-14534,Zomato,Tier 1,34242.1,0.72,13.27,42,0.958,3.68,0.339,0.475,0.085,29,0,645,81000,Moderate Risk,0.0821
GIG-14535,Zomato,Tier 1,14912.36,0.29,23.32,44,0.957,3.59,0.243,0.344,0.297,58,0,606,33000,High Risk,0.1642
GIG-14536,Ola,Tier 1,37820.15,0.774,-5.5,62,0.901,3.66,0.404,0.329,0.141,7,3,532,74000,Very High Risk,0.4685
GIG-14537,Zomato,Tier 1,30000.5,0.575,7.69,61,0.945,3.61,0.304,0.687,0.02,31,0,622,68000,High Risk,0.195
GIG-14538,Uber,Tier 2,42262.6,0.662,1.98,50,0.949,4.34,0.249,0.685,0.02,5,0,691,107000,Moderate Risk,0.1326
GIG-14539,Blinkit,Tier 2,23757.48,0.15,9.84,47,0.896,4.18,0.328,0.505,0.062,41,2,459,40000,Very High Risk,0.6525
GIG-14540,Ola,Tier 2,18766.42,0.283,9.76,48,0.924,3.66,0.334,0.331,0.279,11,0,598,41000,High Risk,0.1546
GIG-14541,Zepto,Tier 2,31977.0,0.585,0.69,38,0.887,4.72,0.143,0.52,0.244,45,0,644,76000,Moderate Risk,0.0879
GIG-14542,Swiggy,Tier 3,26859.71,0.229,4.41,31,0.931,4.19,0.187,0.627,0.059,7,0,609,60000,High Risk,0.2544
GIG-14543,Swiggy,Tier 2,31134.65,0.543,1.57,59,0.988,3.78,0.135,0.485,0.301,37,0,653,75000,Moderate Risk,0.0995
GIG-14544,Ola,Tier 2,11000.0,0.462,-7.95,32,0.869,4.97,0.147,0.418,0.356,48,3,461,19000,Very High Risk,0.4984
GIG-14545,Blinkit,Tier 1,17171.35,0.287,-8.99,50,0.804,3.62,0.356,0.474,0.025,31,2,441,28000,Very High Risk,0.4082
GIG-14546,Urban Company,Tier 2,24567.95,0.44,17.15,42,0.866,4.53,0.318,0.588,0.02,52,0,620,56000,High Risk,0.1614
GIG-14547,Urban Company,Tier 3,35700.04,0.648,5.72,40,0.938,4.95,0.335,0.401,0.201,18,0,674,88000,Moderate Risk,0.0754
GIG-14548,Urban Company,Tier 2,32999.07,0.555,7.72,39,0.946,3.77,0.166,0.331,0.429,47,0,709,86000,Moderate Risk,0.1239
GIG-14549,Swiggy,Tier 1,28803.64,0.204,11.28,47,0.928,4.07,0.192,0.512,0.238,25,1,581,61000,High Risk,0.2809
GIG-14550,Zepto,Tier 3,31207.88,0.683,9.74,50,0.884,4.3,0.202,0.315,0.357,42,2,642,73000,Moderate Risk,0.0985
GIG-14551,Porter,Tier 2,29588.93,0.802,5.41,40,0.957,3.51,0.36,0.575,0.02,8,1,620,67000,High Risk,0.1753
GIG-14552,Ola,Tier 1,29292.11,0.124,-5.55,52,0.978,4.21,0.384,0.548,0.02,56,0,567,61000,High Risk,0.1835
GIG-14553,Ola,Tier 2,30599.47,0.416,9.34,25,0.943,4.11,0.401,0.63,0.02,50,0,611,69000,High Risk,0.2226
GIG-14554,Ola,Tier 1,24281.75,0.429,31.04,51,0.875,3.97,0.374,0.508,0.02,26,4,462,41000,Very High Risk,0.5789
GIG-14555,Uber,Tier 1,33414.77,0.74,3.53,41,0.803,4.02,0.334,0.436,0.149,18,0,678,83000,Moderate Risk,0.0617
GIG-14556,Porter,Tier 3,30262.25,0.705,-0.67,52,0.958,4.28,0.126,0.657,0.129,51,0,655,73000,Moderate Risk,0.1255
GIG-14557,Porter,Tier 1,17689.7,0.132,-3.83,35,0.982,3.92,0.418,0.302,0.182,4,0,535,35000,Very High Risk,0.6681
GIG-14558,Porter,Tier 1,22280.05,0.657,2.02,46,0.892,4.24,0.298,0.584,0.02,20,0,628,51000,High Risk,0.291
GIG-14559,Urban Company,Tier 3,23774.31,0.536,14.85,47,0.968,4.63,0.181,0.314,0.454,27,0,704,61000,Moderate Risk,0.1017
GIG-14560,Urban Company,Tier 1,34737.67,0.903,15.66,38,0.873,4.29,0.326,0.495,0.06,6,1,675,86000,Moderate Risk,0.117
GIG-14561,Urban Company,Tier 3,32992.49,0.358,-6.24,40,0.943,4.63,0.203,0.338,0.324,27,0,663,80000,Moderate Risk,0.0625
GIG-14562,Porter,Tier 1,16135.98,0.218,-2.02,45,0.808,4.24,0.224,0.381,0.25,58,2,470,28000,Very High Risk,0.5517
GIG-14563,Zepto,Tier 2,30728.82,0.777,1.69,49,0.821,3.5,0.412,0.602,0.02,31,0,650,73000,Moderate Risk,0.1031
GIG-14564,Zomato,Tier 1,21486.8,0.459,15.41,50,0.925,4.52,0.122,0.581,0.16,16,0,620,49000,High Risk,0.3011
GIG-14565,Zepto,Tier 1,23534.27,0.484,-2.29,43,0.87,4.88,0.4,0.314,0.187,45,0,638,55000,High Risk,0.2047
GIG-14566,Zepto,Tier 3,21346.37,0.339,18.43,51,0.908,4.07,0.303,0.6,0.02,6,0,595,47000,High Risk,0.276
GIG-14567,Urban Company,Tier 1,40498.43,0.803,-0.76,32,0.796,4.33,0.314,0.628,0.02,37,0,691,103000,Moderate Risk,0.0659
GIG-14568,Blinkit,Tier 1,33774.06,0.891,9.89,37,0.921,3.7,0.138,0.487,0.305,41,0,711,88000,Moderate Risk,0.1148
GIG-14569,Blinkit,Tier 2,22393.04,0.248,1.65,42,0.897,4.3,0.31,0.687,0.02,54,0,581,48000,High Risk,0.2708
GIG-14570,Ola,Tier 1,16225.65,0.036,20.19,52,0.838,4.85,0.131,0.538,0.2,24,1,537,32000,Very High Risk,0.3719
GIG-14571,Zepto,Tier 2,12423.73,0.282,2.58,50,0.827,3.87,0.325,0.59,0.02,53,0,526,24000,Very High Risk,0.6719
GIG-14572,Zomato,Tier 1,13232.93,0.431,3.77,30,0.971,3.67,0.416,0.357,0.163,38,1,537,26000,Very High Risk,0.6716
GIG-14573,Zepto,Tier 3,20835.11,0.384,-7.81,56,0.794,3.87,0.186,0.308,0.358,46,0,602,46000,High Risk,0.3445
GIG-14574,Urban Company,Tier 3,38044.35,0.843,-12.0,44,0.794,4.16,0.15,0.662,0.055,32,0,644,90000,Moderate Risk,0.0972
GIG-14575,Zepto,Tier 3,11602.53,0.24,1.68,45,0.831,4.49,0.4,0.657,0.02,49,2,460,20000,Very High Risk,0.4676
GIG-14576,Urban Company,Tier 1,13096.53,0.484,10.61,57,0.791,4.48,0.344,0.352,0.192,27,0,589,28000,High Risk,0.2979
GIG-14577,Porter,Tier 3,26961.9,0.224,3.64,45,0.82,3.53,0.353,0.411,0.173,18,0,561,55000,High Risk,0.3383
GIG-14578,Uber,Tier 1,43592.53,0.863,10.2,38,0.798,4.52,0.26,0.391,0.251,20,1,698,112000,Moderate Risk,0.1027
GIG-14579,Urban Company,Tier 1,25540.66,0.074,25.89,53,0.791,4.58,0.416,0.472,0.02,18,0,596,56000,High Risk,0.1655
GIG-14580,Urban Company,Tier 2,33450.46,0.725,3.11,75,0.986,3.94,0.297,0.503,0.096,39,0,658,81000,Moderate Risk,0.1275
GIG-14581,Zepto,Tier 1,28128.09,0.368,4.07,72,0.868,4.22,0.162,0.688,0.043,42,0,616,64000,High Risk,0.2093
GIG-14582,Urban Company,Tier 2,30901.76,0.937,-1.32,46,0.989,4.35,0.387,0.501,0.02,20,0,652,74000,Moderate Risk,0.137
GIG-14583,Urban Company,Tier 3,24898.01,0.25,7.33,46,0.873,4.17,0.121,0.448,0.286,54,0,638,58000,High Risk,0.3339
GIG-14584,Zomato,Tier 1,27662.75,0.08,11.7,43,0.918,4.62,0.202,0.462,0.251,22,0,602,61000,High Risk,0.2653
GIG-14585,Blinkit,Tier 2,18293.07,0.428,-4.68,46,0.819,4.72,0.353,0.334,0.258,57,0,620,42000,High Risk,0.3191
GIG-14586,Uber,Tier 2,28428.03,0.043,10.29,31,0.908,4.31,0.207,0.478,0.191,32,0,583,61000,High Risk,0.2463
GIG-14587,Zomato,Tier 2,35167.91,0.878,2.48,51,0.938,4.82,0.373,0.484,0.04,3,0,689,89000,Moderate Risk,0.1177
GIG-14588,Porter,Tier 1,18599.31,0.359,24.23,49,0.788,3.95,0.337,0.324,0.215,25,0,636,43000,High Risk,0.3066
GIG-14589,Porter,Tier 3,31292.49,0.967,0.75,31,0.908,4.4,0.215,0.547,0.176,57,0,707,81000,Moderate Risk,0.1317
GIG-14590,Ola,Tier 2,40639.27,0.91,-5.23,37,0.825,4.44,0.36,0.377,0.143,6,1,663,99000,Moderate Risk,0.0694
GIG-14591,Swiggy,Tier 2,37194.89,0.574,-3.6,38,0.896,4.06,0.419,0.537,0.02,60,0,632,86000,High Risk,0.3484
GIG-14592,Blinkit,Tier 1,29497.43,0.28,27.49,46,0.968,4.66,0.379,0.564,0.02,31,0,640,69000,Moderate Risk,0.1268
GIG-14593,Uber,Tier 2,46178.98,0.593,18.1,51,0.877,3.59,0.312,0.384,0.168,52,0,705,119000,Moderate Risk,0.1213
GIG-14594,Urban Company,Tier 2,35010.45,0.433,-0.98,39,0.828,3.96,0.176,0.448,0.257,58,2,540,69000,Very High Risk,0.4316
GIG-14595,Porter,Tier 1,24602.51,0.198,0.38,29,0.968,4.33,0.237,0.402,0.268,17,1,521,47000,Very High Risk,0.6881
GIG-14596,Uber,Tier 1,18008.86,0.349,-2.78,25,0.84,4.64,0.319,0.698,0.02,58,1,543,36000,Very High Risk,0.4629
GIG-14597,Zomato,Tier 1,39053.63,0.66,13.09,51,0.855,3.63,0.238,0.573,0.13,10,1,665,95000,Moderate Risk,0.065
GIG-14598,Zomato,Tier 1,18229.02,0.29,-6.85,20,0.87,4.9,0.225,0.697,0.02,46,1,508,34000,Very High Risk,0.4786
GIG-14599,Porter,Tier 3,33822.39,0.657,23.19,43,0.825,3.69,0.199,0.514,0.142,23,2,596,74000,High Risk,0.2043
GIG-14600,Zomato,Tier 3,31319.69,0.755,14.88,30,0.94,3.58,0.229,0.648,0.023,48,0,668,77000,Moderate Risk,0.0766
GIG-14601,Ola,Tier 1,25409.19,0.185,17.73,27,0.851,4.35,0.39,0.659,0.02,48,0,576,54000,High Risk,0.2536
GIG-14602,Urban Company,Tier 2,22237.68,0.602,27.01,46,0.951,4.91,0.363,0.677,0.02,4,0,670,55000,Moderate Risk,0.0782
GIG-14603,Blinkit,Tier 3,23276.81,0.258,16.3,39,0.842,3.78,0.358,0.554,0.021,48,0,569,49000,High Risk,0.1916
GIG-14604,Zomato,Tier 3,31248.94,0.389,-2.09,47,0.826,4.61,0.152,0.372,0.343,18,2,572,66000,High Risk,0.1633
GIG-14605,Blinkit,Tier 1,36032.89,0.358,7.79,62,0.919,4.49,0.275,0.549,0.071,7,0,634,84000,High Risk,0.251
GIG-14606,Porter,Tier 1,33720.84,0.595,-8.2,34,0.821,3.72,0.142,0.413,0.343,35,0,666,82000,Moderate Risk,0.1377
GIG-14607,Swiggy,Tier 1,33677.76,0.944,-20.31,51,0.98,4.48,0.24,0.319,0.352,16,2,636,79000,High Risk,0.1589
GIG-14608,Blinkit,Tier 3,31951.8,0.607,0.2,26,0.922,4.78,0.345,0.545,0.025,26,1,604,71000,High Risk,0.2632
GIG-14609,Zepto,Tier 1,25555.72,0.498,11.03,33,0.949,3.89,0.332,0.419,0.14,44,1,549,51000,Very High Risk,0.3689
GIG-14610,Zepto,Tier 2,29575.49,0.273,2.75,25,0.89,3.67,0.23,0.331,0.344,12,0,624,68000,High Risk,0.2159
GIG-14611,Zomato,Tier 2,24194.62,0.493,2.22,33,0.973,4.66,0.383,0.377,0.175,41,2,552,49000,High Risk,0.2308
GIG-14612,Blinkit,Tier 2,41821.83,0.837,-1.26,40,0.786,3.57,0.273,0.583,0.02,29,0,670,103000,Moderate Risk,0.1159
GIG-14613,Blinkit,Tier 2,19191.91,0.838,-5.74,44,0.808,3.97,0.154,0.314,0.446,21,0,659,46000,Moderate Risk,0.0722
GIG-14614,Zomato,Tier 1,37845.48,0.849,-2.58,38,0.967,4.51,0.199,0.318,0.383,26,0,742,103000,Low Risk,0.0207
GIG-14615,Zomato,Tier 2,39074.87,0.604,17.97,34,0.892,3.61,0.26,0.592,0.054,12,0,667,96000,Moderate Risk,0.1274
GIG-14616,Zomato,Tier 1,20975.51,0.652,-0.55,58,0.903,3.65,0.225,0.408,0.302,41,1,585,45000,High Risk,0.2257
GIG-14617,Ola,Tier 2,35309.17,0.641,-1.76,53,0.883,4.0,0.338,0.353,0.168,35,2,567,73000,High Risk,0.2659
GIG-14618,Blinkit,Tier 1,26683.08,0.274,-0.46,63,0.986,3.82,0.181,0.347,0.328,27,0,616,60000,High Risk,0.3348
GIG-14619,Zomato,Tier 3,20260.99,0.193,-22.58,35,0.906,3.77,0.262,0.4,0.268,49,1,475,35000,Very High Risk,0.6004
GIG-14620,Uber,Tier 2,23896.41,0.117,-1.04,42,0.923,3.9,0.392,0.377,0.157,51,1,501,44000,Very High Risk,0.5546
GIG-14621,Swiggy,Tier 1,28974.76,0.244,6.76,62,0.928,3.76,0.384,0.393,0.154,17,0,585,62000,High Risk,0.3469
GIG-14622,Zepto,Tier 3,37720.58,0.665,2.58,54,0.955,4.47,0.195,0.513,0.179,49,1,651,90000,Moderate Risk,0.0728
GIG-14623,Swiggy,Tier 3,11759.67,0.384,-1.03,63,0.968,3.86,0.219,0.423,0.242,54,0,532,23000,Very High Risk,0.5203
GIG-14624,Zomato,Tier 3,26410.93,0.575,2.89,47,0.862,4.17,0.329,0.386,0.231,33,0,632,61000,High Risk,0.3289
GIG-14625,Porter,Tier 2,45447.28,0.847,-22.88,40,0.788,3.75,0.339,0.56,0.02,20,0,638,106000,High Risk,0.3159
GIG-14626,Ola,Tier 3,31594.36,0.867,-3.2,42,0.953,4.82,0.372,0.347,0.14,21,0,661,77000,Moderate Risk,0.1095
GIG-14627,Ola,Tier 2,29050.45,0.258,19.9,31,0.921,3.76,0.259,0.306,0.326,18,1,572,61000,High Risk,0.1908
GIG-14628,Blinkit,Tier 1,21905.71,0.186,7.46,59,0.918,4.83,0.253,0.471,0.223,32,0,604,49000,High Risk,0.2885
GIG-14629,Blinkit,Tier 3,44688.26,0.883,14.12,50,0.901,4.74,0.29,0.57,0.033,10,0,738,121000,Moderate Risk,0.1191
GIG-14630,Ola,Tier 2,34597.87,0.569,13.7,41,0.945,4.19,0.303,0.696,0.02,49,0,658,83000,Moderate Risk,0.0811
GIG-14631,Zepto,Tier 2,27560.0,0.339,-7.96,53,0.971,4.02,0.382,0.534,0.02,8,1,521,53000,Very High Risk,0.6285
GIG-14632,Blinkit,Tier 3,36088.83,0.727,10.1,50,0.782,4.95,0.177,0.646,0.034,35,0,703,93000,Moderate Risk,0.1331
GIG-14633,Swiggy,Tier 2,32174.94,0.533,-3.12,47,0.809,3.87,0.199,0.438,0.246,44,1,607,72000,High Risk,0.2687
GIG-14634,Porter,Tier 3,21521.67,0.332,5.39,33,0.833,4.95,0.227,0.623,0.093,17,0,593,47000,High Risk,0.2872
GIG-14635,Porter,Tier 2,36213.51,0.616,10.75,46,0.836,4.67,0.215,0.398,0.32,17,0,732,97000,Moderate Risk,0.0794
GIG-14636,Uber,Tier 3,39638.44,0.496,0.25,44,0.848,4.87,0.16,0.443,0.311,18,0,695,101000,Moderate Risk,0.1279
GIG-14637,Zepto,Tier 3,30314.76,0.761,13.87,30,0.843,4.52,0.175,0.336,0.386,40,0,731,81000,Moderate Risk,0.1087
GIG-14638,Uber,Tier 3,33862.53,0.767,-4.81,35,0.793,4.51,0.303,0.324,0.226,19,0,690,86000,Moderate Risk,0.0909
GIG-14639,Urban Company,Tier 2,31284.86,0.807,-4.16,35,0.975,4.4,0.21,0.496,0.194,23,0,683,78000,Moderate Risk,0.0998
GIG-14640,Swiggy,Tier 1,11617.54,0.431,11.19,44,0.985,3.59,0.356,0.35,0.162,29,0,573,24000,High Risk,0.295
GIG-14641,Zepto,Tier 3,20460.94,0.163,-6.6,51,0.795,3.56,0.293,0.595,0.04,12,0,523,39000,Very High Risk,0.6568
GIG-14642,Porter,Tier 3,21850.59,0.367,-4.69,51,0.988,3.73,0.318,0.433,0.1,59,0,543,44000,Very High Risk,0.5134
GIG-14643,Ola,Tier 1,28592.99,0.647,8.53,57,0.908,4.34,0.344,0.397,0.136,59,0,666,70000,Moderate Risk,0.1139
GIG-14644,Porter,Tier 1,22594.36,0.388,10.54,42,0.826,3.79,0.242,0.526,0.143,13,2,538,45000,Very High Risk,0.3613
GIG-14645,Swiggy,Tier 2,39932.93,0.455,-6.33,51,0.832,4.66,0.38,0.491,0.074,19,0,617,90000,High Risk,0.2434
GIG-14646,Porter,Tier 3,25785.86,0.336,21.3,62,0.931,4.16,0.161,0.463,0.31,9,2,563,53000,High Risk,0.34
GIG-14647,Uber,Tier 1,24343.88,0.424,10.82,49,0.967,4.41,0.307,0.451,0.121,56,0,614,55000,High Risk,0.2991
GIG-14648,Zepto,Tier 1,31295.78,0.721,2.8,49,0.973,3.87,0.296,0.41,0.167,47,0,650,75000,Moderate Risk,0.0942
GIG-14649,Uber,Tier 1,39281.59,0.769,7.3,38,0.873,4.22,0.154,0.471,0.305,11,1,677,98000,Moderate Risk,0.1007
GIG-14650,Zepto,Tier 2,26902.13,0.667,-3.64,35,0.79,4.93,0.386,0.417,0.095,25,0,628,62000,High Risk,0.1675
GIG-14651,Uber,Tier 2,19965.8,0.375,-3.07,59,0.9,4.19,0.138,0.305,0.473,47,1,597,44000,High Risk,0.2795
GIG-14652,Ola,Tier 3,31011.34,0.572,-1.64,51,0.859,3.59,0.378,0.628,0.02,21,0,588,67000,High Risk,0.2525
GIG-14653,Swiggy,Tier 2,25557.75,0.283,11.58,38,0.865,4.79,0.204,0.357,0.307,60,0,658,62000,Moderate Risk,0.1326
GIG-14654,Blinkit,Tier 3,37844.85,0.811,29.56,39,0.883,3.73,0.412,0.378,0.08,41,0,722,100000,Moderate Risk,0.0805
GIG-14655,Swiggy,Tier 3,37147.65,0.844,11.7,46,0.865,4.67,0.382,0.595,0.02,5,0,718,98000,Moderate Risk,0.1136
GIG-14656,Swiggy,Tier 3,24390.41,0.564,9.39,32,0.783,4.28,0.159,0.586,0.127,25,0,617,55000,High Risk,0.2593
GIG-14657,Porter,Tier 2,45072.88,0.717,7.79,44,0.827,4.17,0.161,0.396,0.32,43,3,563,93000,High Risk,0.1872
GIG-14658,Porter,Tier 3,18125.35,0.183,2.02,31,0.834,4.37,0.329,0.401,0.185,56,0,579,38000,High Risk,0.1675
GIG-14659,Zepto,Tier 2,33454.9,0.38,4.53,39,0.871,3.5,0.255,0.418,0.266,51,1,596,73000,High Risk,0.2847
GIG-14660,Porter,Tier 3,27997.81,0.47,-11.3,48,0.945,3.97,0.307,0.583,0.027,11,0,593,61000,High Risk,0.2759
GIG-14661,Uber,Tier 3,26080.43,0.214,21.66,41,0.81,4.48,0.381,0.485,0.063,52,1,534,51000,Very High Risk,0.4664
GIG-14662,Swiggy,Tier 1,22163.13,0.623,5.22,42,0.913,4.82,0.324,0.624,0.02,60,0,645,52000,Moderate Risk,0.0795
GIG-14663,Zomato,Tier 3,39201.4,0.839,-1.85,50,0.832,4.37,0.129,0.567,0.24,40,0,708,102000,Moderate Risk,0.1063
GIG-14664,Blinkit,Tier 3,25471.39,0.324,7.36,34,0.843,3.88,0.359,0.487,0.066,44,1,536,50000,Very High Risk,0.3771
GIG-14665,Porter,Tier 2,32730.68,0.819,8.94,46,0.962,3.7,0.256,0.482,0.166,23,2,613,74000,High Risk,0.3293
GIG-14666,Porter,Tier 1,15472.92,0.188,11.13,32,0.986,3.75,0.19,0.416,0.25,35,0,584,33000,High Risk,0.3346
GIG-14667,Urban Company,Tier 1,23357.49,0.207,-0.08,40,0.964,3.63,0.244,0.306,0.371,17,0,546,47000,Very High Risk,0.3609
GIG-14668,Urban Company,Tier 2,19328.41,0.484,3.3,34,0.856,4.61,0.189,0.355,0.362,24,0,636,45000,High Risk,0.2378
GIG-14669,Zomato,Tier 3,25261.62,0.446,19.42,51,0.815,4.18,0.169,0.553,0.151,36,1,589,55000,High Risk,0.3157
GIG-14670,Zepto,Tier 2,31952.29,0.863,0.22,45,0.97,4.26,0.178,0.364,0.339,23,0,738,86000,Moderate Risk,0.0787
GIG-14671,Zepto,Tier 2,11000.0,0.566,3.53,30,0.808,4.89,0.353,0.43,0.141,51,1,579,23000,High Risk,0.2985
GIG-14672,Uber,Tier 1,26266.15,0.623,-5.47,39,0.871,3.63,0.389,0.347,0.138,5,2,515,50000,Very High Risk,0.6086
GIG-14673,Ola,Tier 2,20458.91,0.255,16.09,51,0.946,3.56,0.404,0.535,0.02,36,0,588,44000,High Risk,0.1939
GIG-14674,Urban Company,Tier 3,27028.28,0.341,-8.42,32,0.933,3.63,0.131,0.578,0.215,59,0,605,60000,High Risk,0.1809
GIG-14675,Blinkit,Tier 1,15690.89,0.423,3.28,50,0.947,4.23,0.201,0.599,0.126,25,0,575,33000,High Risk,0.2112
GIG-14676,Urban Company,Tier 1,36063.48,0.46,-9.81,25,0.956,3.52,0.331,0.382,0.149,10,0,626,83000,High Risk,0.2945
GIG-14677,Urban Company,Tier 2,20342.19,0.077,4.39,50,0.844,4.77,0.217,0.699,0.02,34,0,558,42000,High Risk,0.181
GIG-14678,Porter,Tier 1,19442.72,0.258,10.09,56,0.937,3.86,0.191,0.452,0.305,59,1,547,39000,Very High Risk,0.6566
GIG-14679,Uber,Tier 2,26529.49,0.362,13.67,34,0.855,3.55,0.134,0.546,0.241,19,0,602,59000,High Risk,0.1647
GIG-14680,Swiggy,Tier 1,31264.16,0.862,11.31,45,0.812,4.5,0.331,0.321,0.27,45,2,659,76000,Moderate Risk,0.1378
GIG-14681,Urban Company,Tier 1,32594.36,0.623,4.87,52,0.931,4.43,0.286,0.43,0.144,9,0,671,80000,Moderate Risk,0.1037
GIG-14682,Ola,Tier 3,21627.8,0.553,-8.41,40,0.899,4.22,0.42,0.655,0.02,56,0,558,44000,High Risk,0.2234
GIG-14683,Uber,Tier 1,17551.9,0.243,15.85,42,0.781,4.42,0.356,0.454,0.052,41,0,557,36000,High Risk,0.284
GIG-14684,Zomato,Tier 3,31547.56,0.674,16.02,51,0.914,3.9,0.367,0.665,0.02,37,0,634,73000,High Risk,0.2946
GIG-14685,Ola,Tier 1,18942.83,0.158,-6.47,56,0.784,4.0,0.37,0.399,0.118,34,0,566,39000,High Risk,0.241
GIG-14686,Zomato,Tier 2,37019.11,0.837,7.9,49,0.84,4.3,0.409,0.398,0.048,16,0,694,94000,Moderate Risk,0.0867
GIG-14687,Urban Company,Tier 3,28235.71,0.405,7.8,37,0.827,3.51,0.18,0.628,0.048,30,0,593,61000,High Risk,0.1889
GIG-14688,Porter,Tier 3,13472.64,0.34,19.19,46,0.973,3.7,0.37,0.326,0.23,11,0,589,29000,High Risk,0.2474
GIG-14689,Porter,Tier 2,13450.88,0.076,22.04,49,0.88,4.81,0.265,0.439,0.221,10,0,591,29000,High Risk,0.2049
GIG-14690,Swiggy,Tier 2,11000.0,0.613,5.21,55,0.85,4.65,0.154,0.49,0.251,59,1,605,24000,High Risk,0.2895
GIG-14691,Zepto,Tier 2,25093.87,0.203,24.78,47,0.816,4.71,0.347,0.656,0.02,19,1,565,52000,High Risk,0.3406
GIG-14692,Swiggy,Tier 1,24656.38,0.31,-2.18,48,0.851,4.61,0.345,0.368,0.19,20,1,553,50000,High Risk,0.2776
GIG-14693,Swiggy,Tier 2,30910.81,0.981,-12.86,45,0.856,4.94,0.122,0.421,0.349,54,0,708,80000,Moderate Risk,0.1111
GIG-14694,Swiggy,Tier 3,36360.87,0.639,10.73,32,0.916,4.69,0.272,0.45,0.176,53,0,686,91000,Moderate Risk,0.1277
GIG-14695,Ola,Tier 3,32352.26,0.903,7.68,58,0.91,4.55,0.327,0.591,0.02,7,0,696,83000,Moderate Risk,0.0607
GIG-14696,Blinkit,Tier 1,36756.86,0.687,5.18,40,0.96,4.97,0.216,0.315,0.399,35,1,701,94000,Moderate Risk,0.0955
GIG-14697,Blinkit,Tier 2,27114.45,0.498,4.39,51,0.947,3.59,0.264,0.535,0.14,32,0,605,60000,High Risk,0.1757
GIG-14698,Swiggy,Tier 3,32651.17,0.848,-1.62,42,0.787,4.37,0.331,0.451,0.115,47,0,699,84000,Moderate Risk,0.1175
GIG-14699,Blinkit,Tier 1,21554.36,0.503,12.99,44,0.824,4.41,0.215,0.666,0.052,30,0,652,52000,Moderate Risk,0.0726
GIG-14700,Swiggy,Tier 3,20923.86,0.251,4.96,45,0.795,3.53,0.3,0.546,0.052,53,0,537,41000,Very High Risk,0.5996
GIG-14701,Blinkit,Tier 1,16869.28,0.881,-4.78,48,0.931,4.66,0.357,0.408,0.089,56,0,630,39000,High Risk,0.227
GIG-14702,Zomato,Tier 3,25975.74,0.495,-1.57,39,0.853,4.45,0.293,0.572,0.02,43,0,582,55000,High Risk,0.2673
GIG-14703,Zomato,Tier 1,23373.62,0.764,8.65,56,0.963,4.88,0.272,0.616,0.02,11,0,647,55000,Moderate Risk,0.0922
GIG-14704,Zepto,Tier 1,20090.49,0.764,4.22,41,0.979,4.51,0.345,0.678,0.02,46,0,620,46000,High Risk,0.3033
GIG-14705,Ola,Tier 2,24118.0,0.397,6.29,33,0.89,4.55,0.42,0.559,0.02,33,2,533,47000,Very High Risk,0.4816
GIG-14706,Uber,Tier 2,35459.71,0.638,-0.93,26,0.795,4.64,0.147,0.409,0.317,55,0,698,91000,Moderate Risk,0.1254
GIG-14707,Uber,Tier 3,38088.34,0.714,-3.72,51,0.819,4.4,0.346,0.656,0.02,34,0,661,92000,Moderate Risk,0.1254
GIG-14708,Urban Company,Tier 1,31765.54,0.63,-5.43,34,0.79,3.91,0.366,0.407,0.107,15,0,622,72000,High Risk,0.2539
GIG-14709,Swiggy,Tier 3,32338.31,0.802,-9.92,31,0.989,3.51,0.255,0.365,0.262,57,0,665,79000,Moderate Risk,0.1246
GIG-14710,Ola,Tier 1,17418.55,0.507,22.01,38,0.84,4.67,0.306,0.695,0.02,30,0,619,40000,High Risk,0.1883
GIG-14711,Swiggy,Tier 2,42165.91,0.859,-2.26,75,0.908,4.39,0.322,0.392,0.163,38,0,715,111000,Moderate Risk,0.095
GIG-14712,Ola,Tier 3,28150.52,0.627,-21.52,38,0.861,4.49,0.402,0.64,0.02,14,1,551,57000,High Risk,0.2765
GIG-14713,Zomato,Tier 2,19968.27,0.426,-11.35,36,0.838,3.58,0.417,0.676,0.02,47,0,576,42000,High Risk,0.2091
GIG-14714,Urban Company,Tier 3,32800.18,0.743,3.66,54,0.918,4.55,0.181,0.588,0.131,27,1,642,77000,Moderate Risk,0.0773
GIG-14715,Ola,Tier 3,16240.22,0.33,14.05,46,0.883,4.18,0.244,0.641,0.047,25,1,534,32000,Very High Risk,0.6756
GIG-14716,Porter,Tier 3,24034.36,0.089,-1.78,29,0.829,4.96,0.309,0.628,0.02,45,1,514,45000,Very High Risk,0.6056
GIG-14717,Uber,Tier 2,38522.61,0.598,-9.55,49,0.795,4.1,0.315,0.464,0.071,56,1,608,86000,High Risk,0.1874
GIG-14718,Ola,Tier 2,11000.0,0.625,1.84,45,0.845,4.93,0.211,0.436,0.232,45,0,618,25000,High Risk,0.2149
GIG-14719,Porter,Tier 2,30563.06,0.595,1.99,40,0.823,3.57,0.167,0.527,0.156,53,1,606,68000,High Risk,0.253
GIG-14720,Zepto,Tier 3,19053.82,0.179,21.15,45,0.879,3.95,0.174,0.301,0.443,25,0,645,45000,Moderate Risk,0.1047
GIG-14721,Porter,Tier 2,40328.64,0.609,21.05,48,0.978,3.61,0.406,0.486,0.02,9,1,601,89000,High Risk,0.1803
GIG-14722,Ola,Tier 1,30770.86,0.708,13.02,49,0.908,3.75,0.391,0.353,0.155,59,0,653,74000,Moderate Risk,0.1296
GIG-14723,Urban Company,Tier 2,17738.4,0.565,18.73,37,0.783,3.65,0.367,0.462,0.037,31,0,621,40000,High Risk,0.1895
GIG-14724,Blinkit,Tier 1,31832.36,0.792,-5.18,30,0.872,4.55,0.318,0.609,0.02,45,0,674,79000,Moderate Risk,0.0813
GIG-14725,Zepto,Tier 1,30652.93,0.661,16.24,47,0.852,3.83,0.196,0.534,0.151,14,0,637,72000,High Risk,0.3383
GIG-14726,Porter,Tier 2,32314.8,0.758,2.8,69,0.985,4.04,0.361,0.502,0.041,45,0,674,80000,Moderate Risk,0.1199
GIG-14727,Swiggy,Tier 2,25848.33,0.82,10.2,52,0.839,4.86,0.229,0.304,0.409,47,0,732,69000,Moderate Risk,0.0766
GIG-14728,Zepto,Tier 3,26986.96,0.851,0.02,46,0.888,4.71,0.412,0.651,0.02,11,0,652,65000,Moderate Risk,0.0772
GIG-14729,Porter,Tier 2,19333.47,0.81,18.25,58,0.945,4.0,0.407,0.389,0.067,41,2,584,41000,High Risk,0.1578
GIG-14730,Zepto,Tier 3,38701.42,0.741,-10.87,45,0.865,4.45,0.133,0.389,0.38,18,0,707,100000,Moderate Risk,0.1366
GIG-14731,Zomato,Tier 2,31139.04,0.562,3.8,72,0.908,4.46,0.324,0.478,0.118,20,2,528,60000,Very High Risk,0.6411
GIG-14732,Ola,Tier 2,28033.72,0.349,27.39,35,0.835,3.55,0.369,0.532,0.02,6,0,626,64000,High Risk,0.2191
GIG-14733,Blinkit,Tier 2,15537.69,0.713,8.22,28,0.908,3.67,0.348,0.481,0.04,46,0,605,34000,High Risk,0.2265
GIG-14734,Blinkit,Tier 2,18819.91,0.209,-2.14,61,0.833,4.01,0.158,0.535,0.164,28,1,525,36000,Very High Risk,0.5487
GIG-14735,Porter,Tier 2,36730.9,0.691,-1.41,43,0.884,4.71,0.349,0.431,0.132,28,0,658,89000,Moderate Risk,0.1041
GIG-14736,Urban Company,Tier 1,27313.89,0.518,1.96,48,0.964,3.84,0.33,0.64,0.02,20,0,624,62000,High Risk,0.2851
GIG-14737,Porter,Tier 3,23294.91,0.317,8.66,46,0.934,4.17,0.331,0.526,0.086,17,0,593,51000,High Risk,0.2404
GIG-14738,Blinkit,Tier 3,25437.32,0.162,19.03,42,0.846,4.4,0.383,0.656,0.02,55,0,576,54000,High Risk,0.1989
GIG-14739,Zomato,Tier 2,29443.77,0.365,2.22,44,0.796,3.59,0.334,0.403,0.149,31,0,589,64000,High Risk,0.1782
GIG-14740,Zepto,Tier 1,22910.0,0.453,9.74,59,0.876,4.23,0.284,0.568,0.031,39,1,566,48000,High Risk,0.2734
GIG-14741,Uber,Tier 3,30838.47,0.675,13.79,34,0.797,3.97,0.364,0.309,0.262,16,0,689,78000,Moderate Risk,0.063
GIG-14742,Swiggy,Tier 3,23159.94,0.574,-5.66,19,0.797,4.37,0.354,0.327,0.228,42,0,615,52000,High Risk,0.3284
GIG-14743,Blinkit,Tier 1,45397.49,0.822,23.01,40,0.985,4.46,0.318,0.627,0.02,41,0,730,122000,Moderate Risk,0.1359
GIG-14744,Zomato,Tier 3,22303.44,0.513,14.13,67,0.831,3.75,0.139,0.63,0.11,4,0,631,52000,High Risk,0.3174
GIG-14745,Zepto,Tier 1,26554.83,0.46,-13.38,28,0.795,4.5,0.408,0.567,0.02,52,0,596,58000,High Risk,0.275
GIG-14746,Blinkit,Tier 2,40383.68,0.73,12.06,36,0.943,4.53,0.223,0.356,0.286,52,0,720,107000,Moderate Risk,0.0752
GIG-14747,Swiggy,Tier 3,25252.58,0.296,-20.06,31,0.858,4.2,0.22,0.485,0.15,6,0,537,50000,Very High Risk,0.5816
GIG-14748,Ola,Tier 2,41968.43,0.682,25.13,44,0.854,4.62,0.256,0.334,0.325,37,1,712,110000,Moderate Risk,0.1165
GIG-14749,Ola,Tier 1,21862.98,0.221,-6.67,60,0.882,3.62,0.33,0.412,0.2,56,0,567,45000,High Risk,0.2074
GIG-14750,Zepto,Tier 3,36723.44,0.905,3.75,51,0.862,4.1,0.142,0.356,0.356,17,0,710,96000,Moderate Risk,0.0605
GIG-14751,Urban Company,Tier 1,34868.83,0.898,5.43,39,0.914,3.68,0.4,0.502,0.046,26,0,694,89000,Moderate Risk,0.0748
GIG-14752,Blinkit,Tier 2,31345.72,0.554,-9.66,42,0.791,4.84,0.255,0.305,0.368,16,2,562,65000,High Risk,0.2493
GIG-14753,Ola,Tier 1,16873.0,0.139,-2.89,36,0.78,4.93,0.274,0.332,0.334,5,0,593,37000,High Risk,0.2891
GIG-14754,Zomato,Tier 3,37584.5,0.589,-1.11,30,0.958,4.08,0.202,0.496,0.166,9,0,661,91000,Moderate Risk,0.0939
GIG-14755,Zepto,Tier 2,37896.6,0.606,15.2,46,0.908,4.54,0.354,0.425,0.127,5,0,684,95000,Moderate Risk,0.0874
GIG-14756,Uber,Tier 2,34695.16,0.573,13.76,48,0.955,4.01,0.35,0.422,0.144,22,1,588,75000,High Risk,0.2857
GIG-14757,Zomato,Tier 1,32334.16,0.713,19.28,47,0.976,3.88,0.413,0.452,0.047,43,0,685,81000,Moderate Risk,0.1372
GIG-14758,Ola,Tier 1,27736.72,0.225,-2.92,44,0.901,4.08,0.396,0.485,0.02,20,0,533,54000,Very High Risk,0.3849
GIG-14759,Swiggy,Tier 2,37976.89,0.676,-2.75,37,0.897,4.81,0.181,0.628,0.114,44,0,695,97000,Moderate Risk,0.0795
GIG-14760,Zepto,Tier 1,30636.04,0.736,4.03,41,0.903,4.89,0.273,0.378,0.204,55,0,676,76000,Moderate Risk,0.1114
GIG-14761,Urban Company,Tier 1,35011.93,0.416,1.12,39,0.781,4.77,0.404,0.412,0.096,7,0,617,79000,High Risk,0.232
GIG-14762,Swiggy,Tier 3,23671.94,0.031,3.32,49,0.983,3.5,0.216,0.424,0.275,49,1,530,46000,Very High Risk,0.4795
GIG-14763,Zepto,Tier 1,46753.69,0.94,19.67,74,0.85,3.5,0.227,0.421,0.292,3,0,790,135000,Low Risk,0.0492
GIG-14764,Uber,Tier 1,29188.45,0.124,5.79,47,0.949,3.68,0.357,0.408,0.157,50,2,460,49000,Very High Risk,0.4667
GIG-14765,Zepto,Tier 1,16357.75,0.786,-9.18,48,0.888,3.95,0.328,0.506,0.032,56,1,542,33000,Very High Risk,0.6932
GIG-14766,Urban Company,Tier 2,26807.6,0.25,4.52,32,0.923,4.54,0.382,0.464,0.026,30,0,576,57000,High Risk,0.3125
GIG-14767,Zomato,Tier 2,27398.31,0.288,9.04,44,0.987,4.17,0.297,0.598,0.027,20,0,603,61000,High Risk,0.2822
GIG-14768,Porter,Tier 1,38421.74,0.91,6.9,37,0.881,4.12,0.346,0.54,0.052,9,3,579,82000,High Risk,0.3325
GIG-14769,Urban Company,Tier 3,39417.13,0.682,-1.99,46,0.787,3.77,0.144,0.514,0.224,39,0,675,98000,Moderate Risk,0.0975
GIG-14770,Porter,Tier 2,24791.72,0.372,6.97,39,0.842,4.13,0.213,0.507,0.217,21,0,624,57000,High Risk,0.2967
GIG-14771,Zepto,Tier 1,16378.17,0.583,-13.96,52,0.819,4.64,0.265,0.653,0.02,17,0,558,34000,High Risk,0.1818
GIG-14772,Zepto,Tier 3,13888.91,0.536,-16.39,37,0.929,4.73,0.338,0.69,0.02,20,0,555,28000,High Risk,0.3299
GIG-14773,Porter,Tier 2,36123.48,0.684,6.81,42,0.961,4.1,0.306,0.601,0.02,47,2,567,75000,High Risk,0.3376
GIG-14774,Ola,Tier 2,33537.24,0.745,0.05,42,0.942,4.26,0.279,0.573,0.064,4,2,589,72000,High Risk,0.2301
GIG-14775,Porter,Tier 3,40613.47,0.752,2.01,41,0.914,4.77,0.417,0.463,0.02,28,0,649,97000,Moderate Risk,0.1047
GIG-14776,Blinkit,Tier 3,30624.76,0.944,-0.01,51,0.861,4.15,0.365,0.439,0.12,48,1,624,70000,High Risk,0.2871
GIG-14777,Swiggy,Tier 2,27692.37,0.049,6.58,23,0.9,3.74,0.144,0.519,0.28,17,0,599,61000,High Risk,0.31
GIG-14778,Zomato,Tier 2,18227.85,0.574,13.53,37,0.811,3.72,0.188,0.648,0.084,52,0,616,41000,High Risk,0.1752
GIG-14779,Ola,Tier 2,33145.19,0.626,-4.2,48,0.99,4.33,0.215,0.443,0.234,26,0,662,80000,Moderate Risk,0.0847
GIG-14780,Porter,Tier 3,29096.23,0.471,7.89,69,0.894,4.28,0.402,0.541,0.02,9,1,592,63000,High Risk,0.2003
GIG-14781,Urban Company,Tier 2,25886.38,0.212,-11.83,23,0.852,3.5,0.384,0.393,0.137,12,0,551,52000,High Risk,0.3414
GIG-14782,Swiggy,Tier 1,24509.5,0.429,14.02,39,0.955,3.56,0.394,0.587,0.02,38,0,628,56000,High Risk,0.167
GIG-14783,Uber,Tier 1,31368.76,0.573,6.09,63,0.826,4.85,0.315,0.467,0.08,58,1,627,72000,High Risk,0.1501
GIG-14784,Porter,Tier 3,26348.64,0.374,5.87,42,0.795,4.42,0.167,0.645,0.043,18,0,614,59000,High Risk,0.1972
GIG-14785,Swiggy,Tier 1,39384.27,0.941,-4.75,36,0.848,4.18,0.255,0.637,0.02,28,3,572,83000,High Risk,0.2122
GIG-14786,Porter,Tier 3,36487.52,0.935,-2.4,32,0.851,4.78,0.363,0.374,0.12,49,0,718,96000,Moderate Risk,0.0997
GIG-14787,Ola,Tier 1,33174.01,0.642,-2.42,38,0.894,4.66,0.284,0.344,0.263,52,0,689,84000,Moderate Risk,0.0878
GIG-14788,Porter,Tier 2,29616.24,0.297,1.26,60,0.866,4.58,0.315,0.567,0.026,29,0,575,62000,High Risk,0.3245
GIG-14789,Urban Company,Tier 3,27467.19,0.384,-2.39,54,0.79,4.69,0.171,0.357,0.38,24,0,685,69000,Moderate Risk,0.0677
GIG-14790,Uber,Tier 1,33085.9,0.609,-5.81,47,0.977,4.17,0.31,0.417,0.142,23,0,621,75000,High Risk,0.2264
GIG-14791,Zepto,Tier 1,42987.49,0.913,-2.78,50,0.849,4.77,0.171,0.446,0.284,20,0,715,113000,Moderate Risk,0.0832
GIG-14792,Ola,Tier 3,28239.78,0.4,-9.69,63,0.961,3.71,0.226,0.63,0.071,53,0,563,58000,High Risk,0.2376
GIG-14793,Porter,Tier 3,37910.67,0.829,17.64,40,0.943,3.87,0.237,0.319,0.329,34,0,734,102000,Moderate Risk,0.1321
GIG-14794,Blinkit,Tier 3,30620.49,0.935,-10.01,35,0.879,3.83,0.26,0.304,0.298,18,0,670,75000,Moderate Risk,0.1001
GIG-14795,Blinkit,Tier 2,32138.56,0.912,3.89,41,0.791,4.48,0.325,0.391,0.193,48,0,724,85000,Moderate Risk,0.1077
GIG-14796,Porter,Tier 3,11000.0,0.424,0.92,46,0.903,4.1,0.219,0.372,0.353,38,0,608,25000,High Risk,0.3058
GIG-14797,Swiggy,Tier 1,31493.72,0.936,9.67,44,0.937,4.82,0.263,0.418,0.191,30,0,721,83000,Moderate Risk,0.0669
GIG-14798,Swiggy,Tier 2,30526.82,0.807,18.22,45,0.797,4.41,0.234,0.643,0.02,11,0,667,75000,Moderate Risk,0.0733
GIG-14799,Zomato,Tier 1,44818.42,0.695,2.5,39,0.983,3.84,0.195,0.362,0.389,36,1,683,112000,Moderate Risk,0.0605
GIG-14800,Swiggy,Tier 1,20884.45,0.518,-17.69,51,0.893,4.4,0.238,0.511,0.147,15,1,559,43000,High Risk,0.1937
GIG-14801,Porter,Tier 1,21830.25,0.42,12.81,30,0.828,4.81,0.291,0.582,0.02,5,0,630,50000,High Risk,0.2201
GIG-14802,Zepto,Tier 2,15986.46,0.335,2.78,46,0.93,3.66,0.178,0.624,0.091,13,0,571,33000,High Risk,0.2631
GIG-14803,Porter,Tier 1,18361.0,0.311,0.35,42,0.888,4.63,0.284,0.529,0.082,50,0,591,40000,High Risk,0.3111
GIG-14804,Zepto,Tier 2,35507.72,0.637,8.03,39,0.795,4.51,0.21,0.554,0.178,3,2,607,79000,High Risk,0.253
GIG-14805,Urban Company,Tier 1,27895.28,0.351,16.05,57,0.904,3.97,0.135,0.532,0.268,30,0,681,70000,Moderate Risk,0.1066
GIG-14806,Urban Company,Tier 3,29677.44,0.123,-1.24,47,0.845,3.77,0.205,0.518,0.169,59,0,563,61000,High Risk,0.3373
GIG-14807,Urban Company,Tier 3,18439.64,0.137,11.56,47,0.822,3.98,0.179,0.413,0.292,23,0,585,40000,High Risk,0.3251
GIG-14808,Blinkit,Tier 3,26870.6,0.176,10.9,53,0.937,4.07,0.185,0.343,0.336,44,0,613,60000,High Risk,0.2715
GIG-14809,Uber,Tier 1,28675.28,0.61,1.96,52,0.851,3.73,0.196,0.407,0.309,21,0,648,68000,Moderate Risk,0.078
GIG-14810,Ola,Tier 3,35898.61,0.623,-12.66,35,0.948,4.05,0.375,0.482,0.036,48,0,601,79000,High Risk,0.1739
GIG-14811,Blinkit,Tier 3,17909.15,0.253,-3.97,38,0.904,3.92,0.181,0.557,0.137,41,0,552,36000,High Risk,0.214
GIG-14812,Urban Company,Tier 2,48107.68,0.466,-7.09,24,0.962,4.22,0.248,0.398,0.208,32,3,521,92000,Very High Risk,0.4847
GIG-14813,Ola,Tier 2,29453.44,0.632,5.27,50,0.787,4.18,0.143,0.671,0.075,50,0,665,72000,Moderate Risk,0.1048
GIG-14814,Uber,Tier 1,12286.13,0.302,-25.38,35,0.974,3.88,0.405,0.497,0.02,36,0,492,22000,Very High Risk,0.6471
GIG-14815,Porter,Tier 1,17197.61,0.176,4.21,41,0.82,3.57,0.317,0.689,0.02,23,1,502,32000,Very High Risk,0.484
GIG-14816,Zepto,Tier 1,33936.07,0.693,6.23,50,0.804,4.33,0.392,0.371,0.101,12,0,643,80000,Moderate Risk,0.0858
GIG-14817,Porter,Tier 1,28354.85,0.141,25.73,41,0.952,3.81,0.132,0.678,0.076,3,0,610,63000,High Risk,0.203
GIG-14818,Urban Company,Tier 3,31413.42,0.848,-6.46,41,0.947,3.84,0.362,0.351,0.161,15,0,670,77000,Moderate Risk,0.0694
GIG-14819,Ola,Tier 3,18299.73,0.392,4.41,47,0.884,4.05,0.385,0.332,0.133,9,0,587,39000,High Risk,0.2581
GIG-14820,Porter,Tier 2,21248.87,0.524,-4.79,68,0.873,3.52,0.268,0.409,0.259,9,0,619,48000,High Risk,0.2842
GIG-14821,Zomato,Tier 3,47093.85,0.809,1.11,50,0.928,4.17,0.295,0.375,0.269,32,0,738,127000,Moderate Risk,0.126
GIG-14822,Uber,Tier 1,40149.73,0.635,14.2,46,0.898,4.11,0.293,0.568,0.02,25,0,672,99000,Moderate Risk,0.112
GIG-14823,Ola,Tier 2,27464.22,0.224,-8.65,56,0.906,4.87,0.219,0.327,0.317,43,0,637,64000,High Risk,0.2055
GIG-14824,Zomato,Tier 1,19244.58,0.536,19.8,50,0.808,4.57,0.137,0.545,0.184,20,0,653,46000,Moderate Risk,0.1273
GIG-14825,Urban Company,Tier 2,16430.74,0.32,7.19,42,0.949,4.21,0.241,0.673,0.02,40,3,430,26000,Very High Risk,0.4123
GIG-14826,Urban Company,Tier 2,28676.69,0.325,-1.34,40,0.964,4.81,0.373,0.338,0.225,42,0,613,64000,High Risk,0.3463
GIG-14827,Zepto,Tier 2,26920.87,0.402,12.27,47,0.788,3.74,0.177,0.324,0.387,38,0,681,67000,Moderate Risk,0.1076
GIG-14828,Ola,Tier 1,26517.64,0.546,-1.68,43,0.91,3.79,0.222,0.431,0.29,40,2,529,51000,Very High Risk,0.549
GIG-14829,Uber,Tier 1,29311.98,0.093,6.77,30,0.951,3.83,0.275,0.686,0.02,49,0,561,60000,High Risk,0.3473
GIG-14830,Ola,Tier 2,41234.53,0.877,14.39,53,0.788,3.99,0.155,0.656,0.094,14,0,734,111000,Moderate Risk,0.1338
GIG-14831,Urban Company,Tier 3,35237.85,0.658,22.06,58,0.793,4.82,0.162,0.47,0.289,9,0,731,94000,Moderate Risk,0.1083
GIG-14832,Uber,Tier 3,31928.66,0.883,20.35,47,0.781,4.29,0.34,0.432,0.088,40,1,673,79000,Moderate Risk,0.1049
GIG-14833,Zepto,Tier 2,21105.74,0.331,13.21,63,0.926,4.76,0.375,0.482,0.062,39,0,587,45000,High Risk,0.2682
GIG-14834,Urban Company,Tier 3,28367.87,0.676,4.95,52,0.792,3.69,0.28,0.306,0.272,58,1,629,65000,High Risk,0.2019
GIG-14835,Porter,Tier 1,28068.24,0.39,10.66,45,0.798,3.8,0.313,0.571,0.05,13,1,556,57000,High Risk,0.2495
GIG-14836,Zomato,Tier 1,27297.34,0.081,14.85,54,0.919,3.71,0.182,0.454,0.214,16,0,578,58000,High Risk,0.3344
GIG-14837,Swiggy,Tier 3,11000.0,0.431,9.58,58,0.846,3.8,0.219,0.672,0.02,12,0,579,23000,High Risk,0.2392
GIG-14838,Uber,Tier 1,25283.8,0.413,-10.05,40,0.861,3.58,0.39,0.313,0.247,33,0,578,54000,High Risk,0.2482
GIG-14839,Zomato,Tier 2,21548.22,0.172,4.08,53,0.888,4.92,0.322,0.36,0.208,7,0,602,48000,High Risk,0.2864
GIG-14840,Zomato,Tier 1,24048.53,0.095,-3.65,62,0.835,4.8,0.368,0.486,0.068,35,0,574,51000,High Risk,0.3134
GIG-14841,Porter,Tier 2,34502.7,0.775,9.01,39,0.987,4.9,0.243,0.636,0.02,45,1,655,83000,Moderate Risk,0.1069
GIG-14842,Porter,Tier 2,23109.42,0.612,-14.25,45,0.834,4.98,0.179,0.394,0.344,22,0,649,55000,Moderate Risk,0.1093
GIG-14843,Swiggy,Tier 1,29632.28,0.665,-4.56,48,0.802,4.22,0.328,0.399,0.19,38,0,649,71000,Moderate Risk,0.1031
GIG-14844,Zepto,Tier 2,16190.96,0.26,-5.34,35,0.938,4.38,0.325,0.552,0.025,52,2,443,26000,Very High Risk,0.504
GIG-14845,Zepto,Tier 3,32614.83,0.901,-3.49,39,0.782,4.97,0.186,0.633,0.049,33,0,712,85000,Moderate Risk,0.1152
GIG-14846,Blinkit,Tier 2,25641.49,0.495,9.5,37,0.786,4.75,0.211,0.448,0.211,56,1,627,59000,High Risk,0.2858
GIG-14847,Blinkit,Tier 3,11000.0,0.23,0.34,52,0.834,3.71,0.368,0.324,0.244,8,2,450,18000,Very High Risk,0.6597
GIG-14848,Ola,Tier 1,32659.19,0.836,-2.61,52,0.933,3.65,0.277,0.402,0.186,43,0,675,81000,Moderate Risk,0.1003
GIG-14849,Urban Company,Tier 3,34102.94,0.726,0.32,58,0.789,3.53,0.358,0.379,0.196,12,0,654,82000,Moderate Risk,0.1066
GIG-14850,Zepto,Tier 3,33852.14,0.744,16.32,36,0.846,3.53,0.362,0.366,0.19,31,2,598,74000,High Risk,0.2345
GIG-14851,Porter,Tier 3,26685.21,0.54,-2.27,45,0.95,3.93,0.201,0.586,0.126,53,0,622,61000,High Risk,0.1944
GIG-14852,Urban Company,Tier 3,11000.0,0.313,-15.5,67,0.976,3.84,0.384,0.607,0.02,10,1,468,19000,Very High Risk,0.3945
GIG-14853,Zepto,Tier 3,33722.78,0.902,25.41,59,0.9,4.06,0.183,0.507,0.21,25,0,767,95000,Low Risk,0.0153
GIG-14854,Uber,Tier 1,46923.44,0.297,-5.54,31,0.922,4.9,0.266,0.368,0.222,58,0,688,118000,Moderate Risk,0.0802
GIG-14855,Blinkit,Tier 2,11363.8,0.332,8.3,68,0.968,3.54,0.348,0.549,0.02,52,1,521,22000,Very High Risk,0.5795
GIG-14856,Blinkit,Tier 3,33355.9,0.933,7.78,31,0.822,3.76,0.22,0.669,0.037,30,0,688,84000,Moderate Risk,0.1097
GIG-14857,Ola,Tier 3,35993.2,0.696,7.53,53,0.798,4.95,0.188,0.444,0.304,38,0,715,94000,Moderate Risk,0.0752
GIG-14858,Ola,Tier 2,30254.03,0.861,14.52,54,0.781,4.51,0.325,0.325,0.257,26,0,719,80000,Moderate Risk,0.061
GIG-14859,Uber,Tier 3,16919.03,0.143,0.86,46,0.967,4.12,0.174,0.612,0.129,3,0,544,34000,Very High Risk,0.4176
GIG-14860,Ola,Tier 2,30172.31,0.934,18.59,42,0.984,4.95,0.161,0.678,0.084,26,0,734,81000,Moderate Risk,0.1115
GIG-14861,Ola,Tier 1,23652.49,0.194,13.12,43,0.791,4.62,0.182,0.498,0.185,40,0,607,53000,High Risk,0.2906
GIG-14862,Urban Company,Tier 2,35386.6,0.483,12.1,46,0.787,4.29,0.194,0.377,0.356,9,2,577,75000,High Risk,0.3355
GIG-14863,Blinkit,Tier 2,24635.94,0.722,10.52,35,0.97,3.65,0.218,0.689,0.02,35,0,639,58000,High Risk,0.249
GIG-14864,Zomato,Tier 3,27206.92,0.349,-5.72,31,0.984,4.91,0.412,0.676,0.02,20,0,599,60000,High Risk,0.2697
GIG-14865,Zomato,Tier 3,33195.99,0.33,15.56,45,0.864,4.81,0.215,0.678,0.053,20,0,623,76000,High Risk,0.1659
GIG-14866,Porter,Tier 2,19822.7,0.103,25.62,35,0.794,4.37,0.32,0.342,0.22,5,0,624,45000,High Risk,0.24
GIG-14867,Urban Company,Tier 2,26700.14,0.392,7.79,56,0.933,4.01,0.187,0.622,0.131,43,0,603,59000,High Risk,0.1907
GIG-14868,Zomato,Tier 3,17406.78,0.185,8.5,37,0.859,4.72,0.375,0.376,0.151,55,0,549,35000,Very High Risk,0.4526
GIG-14869,Zomato,Tier 3,30314.68,0.775,28.58,63,0.934,4.7,0.168,0.343,0.409,33,1,696,77000,Moderate Risk,0.0731
GIG-14870,Porter,Tier 2,29066.3,0.244,3.23,56,0.946,4.14,0.327,0.53,0.02,14,0,588,63000,High Risk,0.3178
GIG-14871,Porter,Tier 3,36619.65,0.315,3.93,53,0.827,4.46,0.157,0.316,0.448,58,0,667,90000,Moderate Risk,0.1357
GIG-14872,Swiggy,Tier 1,30899.3,0.785,-14.25,29,0.975,4.76,0.358,0.414,0.144,26,0,650,74000,Moderate Risk,0.1383
GIG-14873,Zomato,Tier 3,38305.68,0.7,15.79,47,0.979,4.77,0.391,0.408,0.1,60,1,689,97000,Moderate Risk,0.1338
GIG-14874,Uber,Tier 3,31219.13,0.958,17.86,38,0.975,4.44,0.266,0.6,0.02,50,0,724,83000,Moderate Risk,0.1088
GIG-14875,Uber,Tier 1,43945.49,0.796,0.4,46,0.811,3.97,0.331,0.672,0.02,8,0,699,113000,Moderate Risk,0.1102
GIG-14876,Zepto,Tier 1,12953.9,0.44,1.74,45,0.859,3.83,0.364,0.445,0.081,6,0,579,28000,High Risk,0.2026
GIG-14877,Porter,Tier 3,22546.34,0.614,4.21,37,0.954,4.96,0.268,0.425,0.172,48,0,654,54000,Moderate Risk,0.0959
GIG-14878,Zomato,Tier 2,32544.09,0.744,-1.86,34,0.838,3.74,0.39,0.33,0.142,9,0,649,77000,Moderate Risk,0.1132
GIG-14879,Urban Company,Tier 1,26330.89,0.509,-1.03,46,0.952,4.0,0.129,0.412,0.397,44,0,653,63000,Moderate Risk,0.1352
GIG-14880,Zomato,Tier 2,11000.0,0.637,26.83,55,0.944,3.71,0.161,0.31,0.442,56,0,675,27000,Moderate Risk,0.096
GIG-14881,Blinkit,Tier 3,27911.52,0.084,5.53,59,0.781,3.92,0.416,0.613,0.02,13,0,551,56000,High Risk,0.238
GIG-14882,Blinkit,Tier 3,29082.38,0.809,5.8,43,0.921,4.62,0.329,0.564,0.02,3,0,655,70000,Moderate Risk,0.0772
GIG-14883,Zepto,Tier 2,18673.87,0.242,2.8,50,0.831,4.15,0.15,0.618,0.108,56,0,563,39000,High Risk,0.3396
GIG-14884,Zomato,Tier 1,38526.25,0.534,6.29,46,0.864,4.54,0.271,0.526,0.085,15,0,631,89000,High Risk,0.1525
GIG-14885,Uber,Tier 3,32501.45,0.718,5.65,49,0.98,3.54,0.274,0.511,0.13,20,0,639,76000,High Risk,0.2585
GIG-14886,Swiggy,Tier 1,34670.97,0.516,4.59,49,0.902,4.66,0.213,0.373,0.294,31,2,595,76000,High Risk,0.1585
GIG-14887,Zomato,Tier 2,43664.43,0.836,-0.86,34,0.79,3.86,0.282,0.601,0.02,41,1,643,103000,Moderate Risk,0.109
GIG-14888,Ola,Tier 3,30196.34,0.913,10.13,45,0.885,4.76,0.349,0.43,0.108,35,0,711,79000,Moderate Risk,0.0642
GIG-14889,Zepto,Tier 1,36667.66,0.604,-8.94,43,0.894,4.08,0.146,0.587,0.145,43,0,649,87000,Moderate Risk,0.1365
GIG-14890,Zomato,Tier 2,33179.56,0.737,5.05,47,0.897,4.01,0.191,0.508,0.182,20,1,633,77000,High Risk,0.2697
GIG-14891,Blinkit,Tier 1,42499.02,0.414,21.12,59,0.967,4.85,0.162,0.482,0.212,24,2,630,98000,High Risk,0.188
GIG-14892,Porter,Tier 3,14274.24,0.318,16.73,48,0.813,4.55,0.168,0.561,0.188,56,0,619,32000,High Risk,0.1953
GIG-14893,Swiggy,Tier 3,29596.4,0.388,6.32,45,0.924,4.65,0.157,0.62,0.143,32,0,656,71000,Moderate Risk,0.1059
GIG-14894,Swiggy,Tier 1,35990.95,0.852,14.48,52,0.983,3.79,0.257,0.608,0.021,8,1,639,84000,High Risk,0.1532
GIG-14895,Uber,Tier 3,14329.29,0.431,-9.17,54,0.919,3.62,0.25,0.371,0.322,8,0,580,30000,High Risk,0.3317
GIG-14896,Uber,Tier 2,28408.31,0.483,9.28,50,0.925,4.33,0.227,0.414,0.291,40,0,680,71000,Moderate Risk,0.1062
GIG-14897,Zomato,Tier 1,41700.58,0.91,9.75,56,0.829,4.55,0.34,0.624,0.02,53,1,676,103000,Moderate Risk,0.1348
GIG-14898,Zomato,Tier 1,21049.53,0.435,11.11,52,0.902,4.1,0.409,0.379,0.082,43,0,615,47000,High Risk,0.3006
GIG-14899,Blinkit,Tier 2,24758.7,0.238,34.02,42,0.898,4.97,0.362,0.316,0.194,8,0,608,55000,High Risk,0.1961
GIG-14900,Ola,Tier 2,24398.54,0.577,8.74,43,0.975,4.74,0.416,0.397,0.067,56,0,633,57000,High Risk,0.2363
GIG-14901,Ola,Tier 3,11000.0,0.325,-0.27,57,0.832,3.52,0.383,0.383,0.142,51,0,550,22000,High Risk,0.1875
GIG-14902,Uber,Tier 2,34906.13,0.71,13.26,24,0.92,4.33,0.392,0.444,0.043,6,0,682,87000,Moderate Risk,0.1383
GIG-14903,Zepto,Tier 3,29742.03,0.395,-16.36,41,0.786,4.19,0.165,0.315,0.425,21,0,638,70000,High Risk,0.1631
GIG-14904,Uber,Tier 2,40316.0,0.911,10.27,40,0.919,4.0,0.138,0.375,0.392,11,0,770,114000,Low Risk,0.0155
GIG-14905,Blinkit,Tier 2,33361.08,0.486,22.71,59,0.818,4.82,0.288,0.53,0.074,17,0,677,83000,Moderate Risk,0.083
GIG-14906,Ola,Tier 2,30203.84,0.635,7.48,52,0.903,4.9,0.357,0.306,0.275,59,0,698,77000,Moderate Risk,0.1216
GIG-14907,Ola,Tier 1,23907.99,0.605,8.38,42,0.857,4.86,0.345,0.6,0.02,21,0,628,55000,High Risk,0.3468
GIG-14908,Urban Company,Tier 3,33932.8,0.633,15.42,50,0.86,3.8,0.388,0.341,0.185,31,0,676,84000,Moderate Risk,0.1009
GIG-14909,Urban Company,Tier 1,30138.84,0.791,21.57,49,0.832,4.47,0.258,0.345,0.264,34,1,676,75000,Moderate Risk,0.0825
GIG-14910,Blinkit,Tier 3,22951.45,0.016,12.27,35,0.985,4.9,0.358,0.327,0.241,26,0,572,48000,High Risk,0.3407
GIG-14911,Blinkit,Tier 3,15504.8,0.419,5.06,50,0.934,4.54,0.371,0.646,0.02,36,1,552,31000,High Risk,0.1846
GIG-14912,Porter,Tier 3,36692.45,0.915,-10.87,44,0.899,4.33,0.159,0.452,0.302,46,0,708,95000,Moderate Risk,0.1248
GIG-14913,Uber,Tier 1,22014.6,0.973,-4.18,56,0.888,4.52,0.238,0.51,0.187,56,0,691,56000,Moderate Risk,0.0752
GIG-14914,Zepto,Tier 1,22687.22,0.267,-17.29,36,0.849,3.99,0.319,0.516,0.068,37,0,541,45000,Very High Risk,0.6751
GIG-14915,Ola,Tier 3,25972.69,0.199,12.41,53,0.929,4.45,0.183,0.418,0.26,30,0,612,58000,High Risk,0.2225
GIG-14916,Blinkit,Tier 3,21925.25,0.563,5.26,30,0.833,4.79,0.312,0.496,0.142,54,1,620,50000,High Risk,0.2897
GIG-14917,Urban Company,Tier 1,11000.0,0.233,-2.05,61,0.927,4.91,0.128,0.569,0.201,24,0,584,24000,High Risk,0.2674
GIG-14918,Urban Company,Tier 1,24010.82,0.116,-1.77,40,0.863,4.84,0.237,0.415,0.228,35,1,549,48000,Very High Risk,0.4636
GIG-14919,Ola,Tier 2,23178.6,0.648,8.71,52,0.844,3.75,0.33,0.341,0.238,16,0,630,54000,High Risk,0.1564
GIG-14920,Porter,Tier 2,26290.21,0.884,5.94,46,0.965,4.8,0.32,0.639,0.02,5,0,687,66000,Moderate Risk,0.0622
GIG-14921,Swiggy,Tier 3,39094.77,0.727,21.7,39,0.825,4.65,0.208,0.405,0.256,45,0,749,107000,Low Risk,0.0327
GIG-14922,Uber,Tier 2,26308.96,0.623,-12.0,44,0.932,3.96,0.219,0.599,0.076,11,0,593,57000,High Risk,0.3021
GIG-14923,Porter,Tier 3,34862.08,0.922,13.9,48,0.967,4.52,0.411,0.539,0.02,23,0,702,90000,Moderate Risk,0.0812
GIG-14924,Blinkit,Tier 3,33744.59,0.83,3.65,42,0.886,3.62,0.387,0.61,0.02,27,0,658,81000,Moderate Risk,0.0938
GIG-14925,Zomato,Tier 2,29001.42,0.361,-8.44,39,0.802,3.58,0.366,0.678,0.02,47,1,545,58000,Very High Risk,0.5882
GIG-14926,Swiggy,Tier 3,19316.84,0.676,15.3,68,0.928,4.36,0.135,0.691,0.048,25,1,596,42000,High Risk,0.3365
GIG-14927,Zomato,Tier 1,32904.22,0.868,8.5,46,0.933,3.56,0.255,0.439,0.199,29,0,709,86000,Moderate Risk,0.0849
GIG-14928,Porter,Tier 2,17938.88,0.209,8.27,57,0.86,4.33,0.375,0.388,0.175,24,0,547,36000,Very High Risk,0.5077
GIG-14929,Swiggy,Tier 1,32889.75,0.527,-1.55,34,0.984,3.77,0.411,0.589,0.02,25,0,628,76000,High Risk,0.1626
GIG-14930,Urban Company,Tier 1,28291.38,0.178,1.49,40,0.917,4.12,0.39,0.486,0.059,32,0,579,60000,High Risk,0.2916
GIG-14931,Uber,Tier 1,39424.89,0.819,13.44,56,0.884,3.56,0.154,0.378,0.354,31,0,750,108000,Low Risk,0.011
GIG-14932,Porter,Tier 3,32799.97,0.459,-4.74,55,0.855,4.86,0.375,0.403,0.113,39,0,645,78000,Moderate Risk,0.0811
GIG-14933,Zepto,Tier 3,40158.85,0.874,13.95,40,0.786,3.88,0.173,0.656,0.078,28,0,710,105000,Moderate Risk,0.1079
GIG-14934,Porter,Tier 1,25113.87,0.477,-5.42,38,0.857,4.8,0.134,0.62,0.153,19,2,522,48000,Very High Risk,0.6862
GIG-14935,Blinkit,Tier 3,31839.24,0.839,6.89,45,0.925,4.48,0.306,0.522,0.027,24,0,700,82000,Moderate Risk,0.1022
GIG-14936,Porter,Tier 3,34679.21,0.956,-0.04,50,0.85,4.5,0.222,0.643,0.06,28,1,623,79000,High Risk,0.1837
GIG-14937,Urban Company,Tier 1,13830.71,0.29,-1.02,44,0.836,3.57,0.385,0.396,0.162,59,3,370,19000,Very High Risk,0.6752
GIG-14938,Ola,Tier 3,25217.71,0.077,18.66,42,0.976,4.4,0.271,0.33,0.287,9,0,633,59000,High Risk,0.278
GIG-14939,Zepto,Tier 2,28799.54,0.48,10.11,47,0.886,3.5,0.13,0.358,0.384,52,0,661,70000,Moderate Risk,0.0872
GIG-14940,Urban Company,Tier 3,15496.37,0.358,13.32,51,0.985,3.8,0.181,0.523,0.193,28,1,548,31000,Very High Risk,0.5395
GIG-14941,Zomato,Tier 1,18744.16,0.254,-9.24,64,0.817,4.59,0.361,0.384,0.133,35,0,562,39000,High Risk,0.1695
GIG-14942,Uber,Tier 2,23905.18,0.303,-0.85,30,0.795,4.41,0.36,0.641,0.02,59,1,532,47000,Very High Risk,0.3615
GIG-14943,Ola,Tier 3,22757.87,0.672,7.71,57,0.864,4.19,0.375,0.494,0.02,51,0,594,50000,High Risk,0.2683
GIG-14944,Uber,Tier 1,32566.34,0.641,2.61,49,0.871,3.81,0.22,0.4,0.263,45,0,680,81000,Moderate Risk,0.0834
GIG-14945,Blinkit,Tier 1,23687.17,0.783,11.61,54,0.972,3.84,0.125,0.7,0.097,8,0,677,59000,Moderate Risk,0.107
GIG-14946,Urban Company,Tier 1,18610.24,0.354,12.28,44,0.834,3.87,0.26,0.359,0.267,54,1,572,39000,High Risk,0.3276
GIG-14947,Blinkit,Tier 2,19326.33,0.292,13.91,53,0.976,4.41,0.26,0.501,0.157,28,0,599,42000,High Risk,0.3362
GIG-14948,Uber,Tier 2,24054.75,0.132,19.18,36,0.873,4.58,0.186,0.36,0.358,3,0,649,57000,Moderate Risk,0.1321
GIG-14949,Uber,Tier 1,31818.82,0.465,7.76,50,0.812,3.62,0.283,0.446,0.204,59,1,579,68000,High Risk,0.2025
GIG-14950,Uber,Tier 2,26241.73,0.393,10.15,42,0.951,4.0,0.328,0.489,0.035,22,0,634,61000,High Risk,0.194
GIG-14951,Swiggy,Tier 1,30477.18,0.917,19.07,45,0.897,4.18,0.187,0.68,0.023,18,0,703,79000,Moderate Risk,0.1372
GIG-14952,Ola,Tier 2,19206.28,0.422,-7.49,30,0.843,4.28,0.178,0.675,0.02,8,0,573,40000,High Risk,0.2
GIG-14953,Ola,Tier 1,45483.46,0.662,9.17,56,0.955,4.01,0.123,0.389,0.357,46,0,724,121000,Moderate Risk,0.082
GIG-14954,Blinkit,Tier 1,12727.01,0.178,-5.02,35,0.885,3.81,0.224,0.316,0.331,33,0,558,26000,High Risk,0.2512
GIG-14955,Uber,Tier 2,35861.23,0.796,-6.11,45,0.88,4.37,0.157,0.69,0.02,9,0,697,92000,Moderate Risk,0.0685
GIG-14956,Porter,Tier 3,43513.47,0.631,-2.34,45,0.921,4.98,0.17,0.573,0.125,46,1,658,105000,Moderate Risk,0.0626
GIG-14957,Zepto,Tier 3,30103.01,0.78,-2.74,62,0.784,4.93,0.299,0.545,0.02,16,1,612,68000,High Risk,0.1945
GIG-14958,Porter,Tier 3,27032.6,0.464,1.1,47,0.826,4.25,0.331,0.438,0.094,27,2,526,52000,Very High Risk,0.4048
GIG-14959,Porter,Tier 3,22882.26,0.641,-11.9,37,0.988,4.15,0.342,0.54,0.048,18,0,601,50000,High Risk,0.2538
GIG-14960,Swiggy,Tier 2,24513.93,0.516,17.05,35,0.901,4.3,0.315,0.552,0.02,11,3,487,44000,Very High Risk,0.517
GIG-14961,Blinkit,Tier 1,41515.4,0.614,13.14,29,0.906,4.79,0.169,0.499,0.222,28,2,597,91000,High Risk,0.2084
GIG-14962,Blinkit,Tier 2,29750.23,0.073,0.38,45,0.958,4.92,0.38,0.368,0.119,55,0,573,63000,High Risk,0.1679
GIG-14963,Zepto,Tier 3,30911.9,0.325,3.93,56,0.826,3.94,0.391,0.302,0.177,28,2,526,60000,Very High Risk,0.4148
GIG-14964,Swiggy,Tier 2,23566.0,0.422,-19.09,47,0.796,4.25,0.296,0.387,0.193,34,0,552,48000,High Risk,0.2372
GIG-14965,Zomato,Tier 1,31812.66,0.659,-9.8,33,0.885,3.8,0.394,0.487,0.03,59,0,602,70000,High Risk,0.1578
GIG-14966,Uber,Tier 1,33210.5,0.882,0.82,49,0.87,4.24,0.369,0.609,0.02,26,0,675,82000,Moderate Risk,0.0896
GIG-14967,Blinkit,Tier 2,47164.67,0.817,3.16,33,0.822,4.04,0.357,0.63,0.02,35,2,606,105000,High Risk,0.1837
GIG-14968,Zomato,Tier 3,11000.0,0.237,8.12,39,0.916,4.66,0.289,0.44,0.194,41,2,501,20000,Very High Risk,0.6058
GIG-14969,Zepto,Tier 1,26365.52,0.408,6.47,45,0.94,3.84,0.229,0.466,0.196,44,0,625,60000,High Risk,0.1679
GIG-14970,Ola,Tier 1,30860.43,0.857,8.95,23,0.801,4.11,0.299,0.622,0.02,34,0,670,76000,Moderate Risk,0.0666
GIG-14971,Ola,Tier 1,27167.53,0.386,17.38,49,0.886,3.72,0.227,0.48,0.168,16,1,581,58000,High Risk,0.2827
GIG-14972,Urban Company,Tier 2,41544.12,0.875,13.47,54,0.806,4.5,0.181,0.689,0.02,8,0,715,109000,Moderate Risk,0.0798
GIG-14973,Blinkit,Tier 2,22385.17,0.121,12.69,63,0.912,4.93,0.24,0.386,0.224,44,0,596,49000,High Risk,0.283
GIG-14974,Uber,Tier 2,31176.69,0.836,-6.23,51,0.816,3.62,0.154,0.582,0.115,12,0,675,77000,Moderate Risk,0.1311
GIG-14975,Urban Company,Tier 2,33642.44,0.942,2.52,54,0.929,4.02,0.279,0.674,0.02,27,0,685,84000,Moderate Risk,0.1216
GIG-14976,Porter,Tier 1,20191.91,0.685,-4.94,35,0.913,3.52,0.316,0.482,0.134,19,0,599,44000,High Risk,0.296
GIG-14977,Zepto,Tier 1,36132.34,0.923,9.0,43,0.927,3.6,0.156,0.532,0.182,13,1,646,86000,Moderate Risk,0.123
GIG-14978,Zepto,Tier 3,24078.46,0.286,6.76,38,0.816,4.26,0.308,0.479,0.08,36,0,585,52000,High Risk,0.3427
GIG-14979,Swiggy,Tier 2,18376.65,0.236,10.84,47,0.909,4.74,0.329,0.341,0.191,54,0,610,41000,High Risk,0.3458
GIG-14980,Swiggy,Tier 2,24731.36,0.454,12.25,50,0.988,4.69,0.21,0.443,0.235,46,0,648,59000,Moderate Risk,0.0762
GIG-14981,Swiggy,Tier 3,22599.07,0.155,22.12,33,0.867,4.09,0.315,0.323,0.269,58,0,603,50000,High Risk,0.2633
GIG-14982,Zepto,Tier 1,18212.74,0.305,15.53,33,0.837,4.38,0.301,0.422,0.17,13,0,584,39000,High Risk,0.2703
GIG-14983,Blinkit,Tier 1,30244.85,0.728,7.65,43,0.815,3.71,0.149,0.35,0.426,39,0,720,80000,Moderate Risk,0.106
GIG-14984,Zepto,Tier 3,33950.91,0.758,10.55,44,0.974,3.76,0.294,0.387,0.201,32,0,662,82000,Moderate Risk,0.1187
GIG-14985,Zomato,Tier 2,24687.77,0.435,4.47,42,0.938,4.93,0.394,0.485,0.037,44,0,620,56000,High Risk,0.2912
GIG-14986,Zepto,Tier 2,37462.33,0.657,29.38,45,0.805,4.64,0.405,0.371,0.094,52,0,708,97000,Moderate Risk,0.0958
GIG-14987,Zomato,Tier 2,36977.63,0.612,12.93,37,0.813,4.06,0.315,0.33,0.251,30,0,690,94000,Moderate Risk,0.1213
GIG-14988,Urban Company,Tier 3,30052.66,0.915,16.03,56,0.908,4.54,0.152,0.363,0.369,43,0,739,81000,Moderate Risk,0.0895
GIG-14989,Swiggy,Tier 3,38230.79,0.74,-2.57,26,0.819,4.46,0.168,0.441,0.262,54,0,725,102000,Moderate Risk,0.1086
GIG-14990,Porter,Tier 3,22340.98,0.519,5.06,39,0.944,4.08,0.253,0.45,0.239,26,0,627,51000,High Risk,0.2831
GIG-14991,Porter,Tier 3,29677.8,0.451,-5.41,42,0.96,4.5,0.411,0.681,0.02,24,0,599,65000,High Risk,0.1944
GIG-14992,Blinkit,Tier 1,23637.16,0.141,7.22,43,0.868,4.34,0.149,0.673,0.09,53,0,570,49000,High Risk,0.1986
GIG-14993,Uber,Tier 2,27424.45,0.132,14.05,26,0.875,4.14,0.412,0.452,0.076,37,0,598,60000,High Risk,0.342
GIG-14994,Zepto,Tier 3,13631.18,0.381,18.2,51,0.928,4.64,0.278,0.459,0.2,8,0,638,32000,High Risk,0.26
GIG-14995,Uber,Tier 1,21625.86,0.749,24.71,51,0.914,4.82,0.299,0.368,0.215,24,1,642,51000,Moderate Risk,0.1392
GIG-14996,Urban Company,Tier 1,18858.01,0.286,33.21,46,0.948,3.77,0.169,0.604,0.108,35,0,594,41000,High Risk,0.1601
GIG-14997,Porter,Tier 2,38055.51,0.423,8.23,34,0.835,3.75,0.211,0.681,0.049,6,0,617,86000,High Risk,0.2136
GIG-14998,Porter,Tier 2,28816.35,0.162,-10.0,42,0.803,3.63,0.122,0.521,0.226,5,1,558,59000,High Risk,0.2638
GIG-14999,Swiggy,Tier 2,20229.78,0.823,-11.59,45,0.817,3.71,0.211,0.483,0.226,32,0,648,48000,Moderate Risk,0.1034
GIG-15000,Blinkit,Tier 1,17175.12,0.193,11.65,53,0.832,4.62,0.216,0.456,0.183,59,0,589,37000,High Risk,0.2951
GIG-15001,Blinkit,Tier 2,40394.27,0.743,15.39,33,0.791,4.32,0.417,0.469,0.02,30,0,682,101000,Moderate Risk,0.0764
GIG-15002,Blinkit,Tier 3,35586.57,0.912,10.18,62,0.916,4.53,0.286,0.638,0.022,21,2,619,81000,High Risk,0.3221
GIG-15003,Zomato,Tier 3,40298.09,0.517,-10.62,43,0.806,4.82,0.23,0.574,0.108,20,0,670,99000,Moderate Risk,0.1229
GIG-15004,Uber,Tier 2,21661.72,0.601,-1.07,65,0.967,4.35,0.372,0.593,0.02,25,0,605,48000,High Risk,0.2997
GIG-15005,Zepto,Tier 1,35786.43,0.639,0.21,45,0.816,4.25,0.191,0.307,0.398,31,0,719,94000,Moderate Risk,0.0791
GIG-15006,Blinkit,Tier 2,26562.56,0.186,6.62,42,0.859,4.89,0.129,0.342,0.392,43,1,615,60000,High Risk,0.2245
GIG-15007,Zomato,Tier 3,18059.17,0.168,-7.14,60,0.842,4.83,0.181,0.659,0.04,10,1,516,34000,Very High Risk,0.5977
GIG-15008,Blinkit,Tier 3,13237.09,0.283,3.42,52,0.838,3.99,0.285,0.405,0.199,5,0,575,28000,High Risk,0.1742
GIG-15009,Zepto,Tier 1,24245.74,0.303,-7.56,52,0.864,4.13,0.24,0.48,0.226,14,0,592,53000,High Risk,0.3404
GIG-15010,Swiggy,Tier 3,31604.29,0.641,7.38,39,0.792,4.78,0.139,0.617,0.103,9,2,585,68000,High Risk,0.3228
GIG-15011,Uber,Tier 3,25193.12,0.427,27.68,23,0.903,4.3,0.417,0.645,0.02,12,0,633,58000,High Risk,0.3326
GIG-15012,Porter,Tier 2,40699.35,0.816,8.29,41,0.857,4.37,0.38,0.663,0.02,60,0,704,105000,Moderate Risk,0.1298
GIG-15013,Urban Company,Tier 2,33084.68,0.571,6.28,37,0.782,3.89,0.156,0.551,0.183,32,1,617,75000,High Risk,0.2527
GIG-15014,Ola,Tier 3,27978.83,0.246,-0.45,66,0.928,3.98,0.307,0.301,0.253,55,1,539,55000,Very High Risk,0.545
GIG-15015,Porter,Tier 1,20424.95,0.51,-5.67,33,0.795,4.65,0.398,0.511,0.027,7,0,611,46000,High Risk,0.1643
GIG-15016,Blinkit,Tier 2,27119.84,0.095,-14.7,32,0.974,3.89,0.319,0.606,0.02,5,0,531,53000,Very High Risk,0.602
GIG-15017,Uber,Tier 3,28357.15,0.679,-3.12,47,0.972,4.49,0.294,0.696,0.02,49,0,625,65000,High Risk,0.2909
GIG-15018,Swiggy,Tier 2,31796.24,0.566,-9.82,57,0.911,4.18,0.329,0.612,0.02,35,1,579,68000,High Risk,0.3395
GIG-15019,Swiggy,Tier 2,31764.96,0.682,7.11,42,0.958,4.68,0.392,0.405,0.103,43,0,682,79000,Moderate Risk,0.1027
GIG-15020,Urban Company,Tier 2,28591.11,0.23,5.81,65,0.815,4.15,0.345,0.532,0.02,28,0,578,61000,High Risk,0.1764
GIG-15021,Zomato,Tier 1,27745.7,0.208,-10.17,50,0.978,3.8,0.175,0.508,0.255,50,0,559,57000,High Risk,0.3482
GIG-15022,Urban Company,Tier 3,31942.37,0.738,-11.19,34,0.878,3.79,0.397,0.523,0.02,44,2,539,63000,Very High Risk,0.6673
GIG-15023,Swiggy,Tier 2,43871.26,0.668,-13.61,35,0.919,4.7,0.356,0.448,0.052,10,0,695,112000,Moderate Risk,0.0961
GIG-15024,Ola,Tier 3,30198.06,0.746,-6.47,38,0.862,4.03,0.308,0.394,0.197,19,0,639,71000,High Risk,0.2789
GIG-15025,Urban Company,Tier 3,30582.26,0.397,10.09,45,0.836,4.7,0.366,0.319,0.205,35,1,598,67000,High Risk,0.2675
GIG-15026,Ola,Tier 3,21867.06,0.337,-2.18,59,0.948,3.52,0.394,0.376,0.152,54,1,513,41000,Very High Risk,0.5934
GIG-15027,Zomato,Tier 2,22139.17,0.411,14.0,30,0.791,3.72,0.29,0.68,0.02,39,0,610,50000,High Risk,0.325
GIG-15028,Porter,Tier 1,30026.54,0.732,10.35,44,0.985,3.86,0.416,0.625,0.02,51,0,674,74000,Moderate Risk,0.0807
GIG-15029,Zepto,Tier 2,31948.61,0.678,2.71,36,0.904,4.58,0.191,0.368,0.327,50,0,696,82000,Moderate Risk,0.0941
GIG-15030,Uber,Tier 2,37847.05,0.424,6.29,55,0.836,3.77,0.136,0.468,0.295,35,1,632,88000,High Risk,0.1505
GIG-15031,Zomato,Tier 3,15702.33,0.042,-10.35,35,0.848,3.67,0.413,0.516,0.02,28,0,470,27000,Very High Risk,0.6544
GIG-15032,Uber,Tier 3,32714.18,0.92,11.11,48,0.868,4.26,0.36,0.436,0.111,21,0,704,84000,Moderate Risk,0.083
GIG-15033,Urban Company,Tier 1,41330.02,0.77,12.34,53,0.79,3.76,0.292,0.647,0.02,29,0,687,104000,Moderate Risk,0.1049
GIG-15034,Ola,Tier 1,41919.1,0.561,-3.8,33,0.923,4.21,0.373,0.335,0.171,53,1,589,91000,High Risk,0.2391
GIG-15035,Zepto,Tier 3,23016.62,0.515,-4.28,38,0.882,4.47,0.373,0.422,0.15,11,0,617,52000,High Risk,0.2612
GIG-15036,Urban Company,Tier 2,37284.09,0.821,6.23,37,0.982,3.92,0.399,0.592,0.02,32,0,661,90000,Moderate Risk,0.0674
GIG-15037,Blinkit,Tier 1,25486.49,0.255,-5.43,56,0.813,4.14,0.329,0.622,0.02,17,0,576,54000,High Risk,0.3023
GIG-15038,Ola,Tier 1,36423.12,0.504,-2.1,34,0.825,4.93,0.21,0.689,0.02,48,0,660,88000,Moderate Risk,0.1049
GIG-15039,Blinkit,Tier 1,29134.99,0.416,16.81,32,0.86,4.16,0.216,0.698,0.02,7,1,564,60000,High Risk,0.3194
GIG-15040,Urban Company,Tier 3,26244.65,0.15,3.31,49,0.905,4.56,0.344,0.492,0.053,48,0,573,55000,High Risk,0.2522
GIG-15041,Porter,Tier 3,21831.12,0.206,0.39,49,0.942,4.71,0.402,0.485,0.057,29,0,555,44000,High Risk,0.3212
GIG-15042,Blinkit,Tier 3,25871.87,0.585,1.99,52,0.863,3.69,0.313,0.498,0.042,27,0,599,57000,High Risk,0.2926
GIG-15043,Porter,Tier 3,33012.27,0.272,5.8,43,0.973,3.97,0.229,0.618,0.02,3,2,481,58000,Very High Risk,0.6475
GIG-15044,Blinkit,Tier 2,42244.01,0.527,16.53,33,0.967,3.87,0.368,0.444,0.125,23,0,714,111000,Moderate Risk,0.0605
GIG-15045,Blinkit,Tier 2,21543.64,0.203,-4.69,52,0.823,3.53,0.122,0.375,0.435,12,0,590,47000,High Risk,0.2292
GIG-15046,Porter,Tier 3,42608.64,0.818,1.02,45,0.824,4.02,0.257,0.57,0.064,34,0,687,107000,Moderate Risk,0.0662
GIG-15047,Ola,Tier 3,31681.59,0.534,5.76,51,0.951,4.31,0.13,0.682,0.056,47,1,610,71000,High Risk,0.248
GIG-15048,Uber,Tier 3,27297.46,0.253,18.08,48,0.831,4.65,0.387,0.627,0.02,27,1,561,56000,High Risk,0.312
GIG-15049,Urban Company,Tier 2,36234.16,0.846,-1.92,40,0.818,4.64,0.206,0.657,0.02,5,0,685,91000,Moderate Risk,0.1155
GIG-15050,Swiggy,Tier 3,16456.46,0.347,-1.47,32,0.942,4.66,0.339,0.659,0.02,34,1,502,30000,Very High Risk,0.3638
GIG-15051,Blinkit,Tier 1,30356.11,0.888,0.41,34,0.786,4.31,0.317,0.434,0.186,16,0,666,74000,Moderate Risk,0.0703
GIG-15052,Blinkit,Tier 2,29535.41,0.388,19.12,60,0.971,4.55,0.265,0.641,0.02,21,1,602,65000,High Risk,0.3188
GIG-15053,Blinkit,Tier 2,14792.58,0.533,12.46,32,0.834,4.23,0.25,0.642,0.047,46,0,591,32000,High Risk,0.2307
GIG-15054,Porter,Tier 1,43620.52,0.601,-0.16,43,0.986,4.91,0.391,0.314,0.16,12,1,621,99000,High Risk,0.2498
GIG-15055,Uber,Tier 3,37149.78,0.44,16.66,41,0.88,4.62,0.335,0.525,0.063,25,0,670,91000,Moderate Risk,0.1193
GIG-15056,Zepto,Tier 2,34361.9,0.386,-1.62,39,0.886,4.37,0.343,0.309,0.286,51,0,619,78000,High Risk,0.1881
GIG-15057,Zomato,Tier 2,33602.17,0.868,10.35,36,0.939,4.93,0.145,0.459,0.256,38,0,734,90000,Moderate Risk,0.1296
GIG-15058,Porter,Tier 1,26761.45,0.392,19.25,49,0.873,4.12,0.123,0.637,0.162,27,0,652,64000,Moderate Risk,0.0929
GIG-15059,Uber,Tier 2,20160.84,0.668,7.57,42,0.869,4.68,0.178,0.61,0.152,41,0,635,47000,High Risk,0.3231
GIG-15060,Swiggy,Tier 1,31816.92,0.719,21.31,64,0.987,4.77,0.373,0.415,0.121,28,0,718,84000,Moderate Risk,0.1065
GIG-15061,Ola,Tier 1,27260.44,0.179,-2.11,40,0.854,4.95,0.391,0.36,0.113,10,0,580,58000,High Risk,0.1543
GIG-15062,Urban Company,Tier 1,23993.66,0.438,-11.85,32,0.928,3.7,0.411,0.489,0.041,58,0,570,50000,High Risk,0.2654
GIG-15063,Uber,Tier 3,30391.47,0.671,12.52,47,0.887,4.09,0.25,0.561,0.055,28,0,639,71000,High Risk,0.2564
GIG-15064,Zepto,Tier 2,26122.86,0.546,18.26,38,0.903,3.51,0.127,0.695,0.104,51,1,585,56000,High Risk,0.2725
GIG-15065,Ola,Tier 2,41412.31,0.604,9.19,38,0.96,4.7,0.248,0.451,0.208,60,0,699,106000,Moderate Risk,0.0944
GIG-15066,Urban Company,Tier 2,22253.37,0.727,-10.18,38,0.955,3.98,0.147,0.604,0.161,52,2,508,41000,Very High Risk,0.6861
GIG-15067,Blinkit,Tier 3,25318.02,0.507,19.11,51,0.968,4.42,0.306,0.599,0.02,9,2,520,48000,Very High Risk,0.4151
GIG-15068,Blinkit,Tier 3,28651.33,0.067,6.18,55,0.988,4.26,0.174,0.697,0.047,37,0,595,63000,High Risk,0.2934
GIG-15069,Zepto,Tier 1,11000.0,0.188,2.29,54,0.955,4.29,0.294,0.623,0.02,57,0,529,21000,Very High Risk,0.5439
GIG-15070,Zepto,Tier 2,30818.66,0.628,3.59,50,0.925,3.87,0.267,0.514,0.163,51,1,628,71000,High Risk,0.2413
GIG-15071,Porter,Tier 2,26149.18,0.428,-7.71,43,0.916,4.55,0.216,0.652,0.044,55,0,609,58000,High Risk,0.2732
GIG-15072,Porter,Tier 1,17853.9,0.578,-9.76,56,0.87,3.68,0.358,0.568,0.02,58,0,580,38000,High Risk,0.3318
GIG-15073,Uber,Tier 2,20837.26,0.288,-7.16,49,0.804,4.09,0.167,0.453,0.259,21,0,570,44000,High Risk,0.2735
GIG-15074,Zomato,Tier 3,34667.65,0.648,-5.92,54,0.814,4.18,0.181,0.692,0.072,56,0,620,79000,High Risk,0.2628
GIG-15075,Blinkit,Tier 2,25835.7,0.687,9.05,41,0.943,4.83,0.344,0.338,0.259,44,3,559,53000,High Risk,0.2583
GIG-15076,Uber,Tier 3,33549.28,0.511,-13.87,55,0.792,4.69,0.413,0.668,0.02,9,1,567,70000,High Risk,0.3041
GIG-15077,Zepto,Tier 3,24890.03,0.828,13.38,32,0.801,4.62,0.33,0.556,0.02,44,0,693,63000,Moderate Risk,0.0948
GIG-15078,Zepto,Tier 2,12174.22,0.49,11.11,39,0.912,4.1,0.216,0.503,0.151,29,0,608,27000,High Risk,0.2905
GIG-15079,Ola,Tier 3,34283.0,0.696,8.5,24,0.884,3.87,0.377,0.4,0.147,4,1,621,78000,High Risk,0.2564
GIG-15080,Ola,Tier 1,25634.55,0.494,-13.43,41,0.825,4.02,0.28,0.577,0.03,42,0,559,53000,High Risk,0.2691
GIG-15081,Swiggy,Tier 3,47301.62,0.728,13.71,28,0.983,4.58,0.276,0.587,0.047,39,1,651,113000,Moderate Risk,0.0768
GIG-15082,Zepto,Tier 1,27563.13,0.386,18.92,57,0.879,4.58,0.42,0.453,0.02,23,0,629,64000,High Risk,0.277
GIG-15083,Ola,Tier 1,34530.16,0.639,4.58,55,0.846,3.52,0.389,0.548,0.02,39,0,635,80000,High Risk,0.3099
GIG-15084,Porter,Tier 3,38635.11,0.726,10.1,45,0.814,3.82,0.34,0.451,0.133,8,0,698,99000,Moderate Risk,0.1226
GIG-15085,Blinkit,Tier 1,26992.14,0.128,21.97,49,0.862,3.85,0.375,0.423,0.132,50,0,579,57000,High Risk,0.1862
GIG-15086,Zepto,Tier 3,23028.89,0.556,-0.82,42,0.853,3.81,0.251,0.599,0.09,35,0,596,50000,High Risk,0.2022
GIG-15087,Ola,Tier 1,39068.73,0.83,21.14,46,0.892,3.85,0.325,0.698,0.02,32,1,669,96000,Moderate Risk,0.0833
GIG-15088,Blinkit,Tier 3,16088.93,0.46,4.51,44,0.986,3.93,0.275,0.352,0.308,58,0,600,35000,High Risk,0.2479
GIG-15089,Ola,Tier 1,24832.85,0.68,2.92,39,0.956,4.54,0.239,0.571,0.113,33,0,648,59000,Moderate Risk,0.1304
GIG-15090,Ola,Tier 2,13749.48,0.565,8.7,50,0.793,4.24,0.277,0.58,0.092,11,0,631,32000,High Risk,0.3273
GIG-15091,Urban Company,Tier 1,23677.33,0.106,-16.14,36,0.898,4.18,0.199,0.7,0.036,60,1,474,41000,Very High Risk,0.3722
GIG-15092,Zomato,Tier 1,27361.46,0.518,20.62,54,0.886,4.11,0.163,0.658,0.102,39,0,662,66000,Moderate Risk,0.0653
GIG-15093,Porter,Tier 2,34420.17,0.933,6.04,38,0.786,3.79,0.24,0.397,0.241,18,1,680,86000,Moderate Risk,0.0792
GIG-15094,Porter,Tier 1,31453.99,0.7,4.59,53,0.99,4.38,0.153,0.691,0.037,53,0,683,79000,Moderate Risk,0.0798
GIG-15095,Uber,Tier 2,24519.81,0.399,6.27,55,0.926,3.99,0.362,0.44,0.145,35,0,603,54000,High Risk,0.3413
GIG-15096,Swiggy,Tier 3,33984.69,0.601,1.71,59,0.825,4.36,0.399,0.371,0.097,56,0,650,81000,Moderate Risk,0.0687
GIG-15097,Blinkit,Tier 1,32087.7,0.227,15.34,52,0.962,4.24,0.219,0.55,0.119,18,0,622,73000,High Risk,0.1513
GIG-15098,Porter,Tier 3,32314.42,0.618,6.64,51,0.902,4.46,0.346,0.478,0.028,7,0,653,77000,Moderate Risk,0.1328
GIG-15099,Zomato,Tier 3,33214.61,0.865,10.83,42,0.974,4.2,0.24,0.53,0.16,5,0,704,86000,Moderate Risk,0.1189
GIG-15100,Zepto,Tier 3,34364.58,0.446,23.22,50,0.943,3.57,0.135,0.346,0.453,33,1,634,80000,High Risk,0.2564
GIG-15101,Zepto,Tier 1,25866.33,0.239,-4.17,48,0.944,3.81,0.138,0.664,0.115,53,0,571,54000,High Risk,0.1945
GIG-15102,Zepto,Tier 2,20432.3,0.364,0.93,26,0.798,3.6,0.219,0.629,0.042,59,0,566,42000,High Risk,0.2438
GIG-15103,Swiggy,Tier 3,31911.78,0.927,-6.08,38,0.958,4.74,0.192,0.474,0.219,52,0,709,83000,Moderate Risk,0.0781
GIG-15104,Zomato,Tier 2,36226.48,0.827,11.33,39,0.891,4.4,0.167,0.411,0.28,33,0,737,98000,Moderate Risk,0.1002
GIG-15105,Zomato,Tier 2,33390.39,0.893,5.78,70,0.876,4.24,0.232,0.333,0.307,54,0,730,89000,Moderate Risk,0.1382
GIG-15106,Zepto,Tier 3,23747.49,0.146,26.57,29,0.932,3.68,0.398,0.695,0.02,52,0,567,49000,High Risk,0.3417
GIG-15107,Zomato,Tier 2,27452.29,0.437,27.89,25,0.813,4.86,0.275,0.512,0.105,28,1,612,62000,High Risk,0.1525
GIG-15108,Porter,Tier 2,23957.06,0.427,-6.44,32,0.841,4.81,0.149,0.534,0.248,53,1,561,49000,High Risk,0.1696
GIG-15109,Swiggy,Tier 1,40544.96,0.788,-0.3,28,0.872,4.35,0.389,0.357,0.148,12,0,707,105000,Moderate Risk,0.1155
GIG-15110,Urban Company,Tier 3,39094.0,0.601,15.88,41,0.851,4.38,0.198,0.354,0.346,51,0,723,104000,Moderate Risk,0.1398
GIG-15111,Swiggy,Tier 3,29843.41,0.238,13.44,32,0.933,4.34,0.319,0.417,0.138,13,2,506,55000,Very High Risk,0.5707
GIG-15112,Blinkit,Tier 2,27645.52,0.524,11.72,52,0.989,3.81,0.394,0.593,0.02,45,0,582,59000,High Risk,0.3387
GIG-15113,Blinkit,Tier 1,33641.74,0.759,4.38,54,0.863,4.13,0.246,0.437,0.186,18,0,686,85000,Moderate Risk,0.1255
GIG-15114,Porter,Tier 1,30118.15,0.442,9.98,32,0.929,4.45,0.273,0.355,0.285,19,0,668,74000,Moderate Risk,0.0787
GIG-15115,Swiggy,Tier 2,18006.51,0.434,-2.38,44,0.951,3.9,0.29,0.517,0.046,44,0,562,37000,High Risk,0.2653
GIG-15116,Swiggy,Tier 2,22833.98,0.445,5.49,51,0.882,4.04,0.194,0.493,0.214,60,0,626,52000,High Risk,0.2396
GIG-15117,Porter,Tier 1,30778.71,0.968,4.33,28,0.891,3.68,0.393,0.392,0.071,51,0,694,78000,Moderate Risk,0.1187
GIG-15118,Urban Company,Tier 2,27638.42,0.501,-2.42,31,0.939,4.51,0.252,0.318,0.376,21,0,679,69000,Moderate Risk,0.1093
GIG-15119,Porter,Tier 2,36975.04,0.644,14.64,55,0.85,4.43,0.338,0.54,0.02,53,0,674,91000,Moderate Risk,0.061
GIG-15120,Porter,Tier 3,31054.71,0.639,-6.68,36,0.92,4.5,0.41,0.592,0.02,19,3,478,54000,Very High Risk,0.4488
GIG-15121,Urban Company,Tier 3,34960.83,0.867,-6.12,35,0.806,4.31,0.202,0.433,0.314,5,0,716,92000,Moderate Risk,0.0758
GIG-15122,Uber,Tier 1,29647.31,0.263,4.18,47,0.835,4.15,0.286,0.576,0.02,36,0,568,62000,High Risk,0.2923
GIG-15123,Urban Company,Tier 1,31043.41,0.652,3.05,49,0.951,3.65,0.319,0.612,0.02,17,1,582,66000,High Risk,0.3231
GIG-15124,Blinkit,Tier 3,42228.43,0.928,-15.33,46,0.834,4.35,0.219,0.642,0.048,26,0,689,107000,Moderate Risk,0.1306
GIG-15125,Urban Company,Tier 2,28678.5,0.274,15.72,23,0.81,4.75,0.152,0.338,0.367,48,1,603,63000,High Risk,0.2592
GIG-15126,Uber,Tier 3,29404.47,0.324,6.4,55,0.959,3.58,0.258,0.371,0.237,43,3,477,51000,Very High Risk,0.5337
GIG-15127,Urban Company,Tier 2,34179.37,0.69,3.61,49,0.819,4.59,0.384,0.383,0.158,48,1,624,78000,High Risk,0.1949
GIG-15128,Porter,Tier 3,32654.2,0.571,8.3,47,0.805,4.36,0.323,0.347,0.219,21,0,652,78000,Moderate Risk,0.1049
GIG-15129,Uber,Tier 3,24083.07,0.58,3.7,35,0.927,3.74,0.346,0.681,0.02,54,0,618,55000,High Risk,0.283
GIG-15130,Uber,Tier 1,27573.16,0.453,14.2,47,0.943,3.87,0.382,0.418,0.109,41,0,611,62000,High Risk,0.2476
GIG-15131,Urban Company,Tier 2,31139.7,0.88,-8.79,45,0.794,4.42,0.154,0.497,0.279,19,0,739,84000,Moderate Risk,0.0603
GIG-15132,Ola,Tier 1,36933.58,0.865,7.58,53,0.881,3.8,0.158,0.544,0.153,57,0,705,95000,Moderate Risk,0.06
GIG-15133,Ola,Tier 3,20899.98,0.262,3.32,49,0.803,4.41,0.41,0.352,0.106,22,0,570,44000,High Risk,0.2477
GIG-15134,Uber,Tier 3,19933.74,0.421,9.76,35,0.896,4.8,0.132,0.377,0.429,3,0,652,48000,Moderate Risk,0.1011
GIG-15135,Urban Company,Tier 2,25947.53,0.181,-7.63,41,0.844,4.87,0.165,0.49,0.229,49,2,500,48000,Very High Risk,0.6807
GIG-15136,Zepto,Tier 2,29658.37,0.558,2.73,40,0.964,3.74,0.187,0.386,0.35,42,0,666,72000,Moderate Risk,0.0958
GIG-15137,Uber,Tier 2,27521.02,0.278,5.77,51,0.891,4.49,0.381,0.526,0.02,44,0,591,60000,High Risk,0.2738
GIG-15138,Uber,Tier 3,21607.51,0.676,5.8,37,0.84,4.71,0.36,0.351,0.223,57,0,630,50000,High Risk,0.2201
GIG-15139,Blinkit,Tier 3,35446.3,0.834,9.37,50,0.898,4.03,0.377,0.439,0.075,26,0,687,89000,Moderate Risk,0.1316
GIG-15140,Zepto,Tier 2,40286.85,0.557,-3.02,33,0.805,3.61,0.255,0.681,0.02,44,2,550,81000,High Risk,0.292
GIG-15141,Uber,Tier 3,32436.42,0.59,5.75,44,0.895,4.6,0.264,0.521,0.094,33,0,655,78000,Moderate Risk,0.1167
GIG-15142,Uber,Tier 2,37094.54,0.922,11.4,56,0.848,4.75,0.35,0.481,0.099,60,0,747,102000,Low Risk,0.0386
GIG-15143,Zepto,Tier 1,27498.7,0.135,13.75,62,0.987,4.63,0.194,0.583,0.172,45,3,460,46000,Very High Risk,0.5295
GIG-15144,Swiggy,Tier 2,30212.01,0.9,16.39,45,0.853,4.74,0.224,0.543,0.136,17,1,657,73000,Moderate Risk,0.1262
GIG-15145,Urban Company,Tier 1,11000.0,0.428,-1.61,35,0.911,4.89,0.289,0.593,0.059,17,0,567,23000,High Risk,0.1833
GIG-15146,Uber,Tier 2,22703.3,0.782,-5.91,52,0.788,3.91,0.309,0.306,0.327,41,0,663,55000,Moderate Risk,0.074
GIG-15147,Swiggy,Tier 3,19141.27,0.363,17.98,41,0.872,3.71,0.267,0.435,0.198,15,0,625,44000,High Risk,0.3273
GIG-15148,Blinkit,Tier 2,32388.75,0.444,12.11,35,0.916,4.47,0.22,0.541,0.169,32,0,647,77000,Moderate Risk,0.1036
GIG-15149,Zomato,Tier 3,38628.34,0.769,7.2,47,0.866,4.7,0.224,0.321,0.336,57,0,715,101000,Moderate Risk,0.0913
GIG-15150,Ola,Tier 3,26578.12,0.315,2.35,47,0.936,4.31,0.301,0.676,0.02,15,0,584,57000,High Risk,0.3454
GIG-15151,Blinkit,Tier 3,33736.6,0.664,16.74,44,0.952,4.89,0.143,0.584,0.185,5,1,665,82000,Moderate Risk,0.0603
GIG-15152,Zepto,Tier 3,48113.44,0.511,23.56,50,0.961,3.68,0.191,0.333,0.327,9,0,705,124000,Moderate Risk,0.0992
GIG-15153,Blinkit,Tier 3,23028.03,0.119,-0.95,62,0.964,4.3,0.267,0.53,0.064,7,0,554,47000,High Risk,0.3075
GIG-15154,Urban Company,Tier 3,31082.11,0.618,0.89,56,0.81,3.98,0.287,0.301,0.277,37,0,675,77000,Moderate Risk,0.1179
GIG-15155,Swiggy,Tier 1,30184.03,0.933,18.97,34,0.942,4.5,0.205,0.637,0.071,31,0,726,80000,Moderate Risk,0.0875
GIG-15156,Ola,Tier 1,32681.91,0.839,2.45,39,0.965,4.31,0.251,0.674,0.02,19,0,660,79000,Moderate Risk,0.1287
GIG-15157,Uber,Tier 3,25688.18,0.138,2.16,49,0.791,4.88,0.348,0.444,0.104,44,0,611,58000,High Risk,0.2411
GIG-15158,Ola,Tier 1,14889.49,0.373,0.39,47,0.868,3.81,0.124,0.505,0.222,47,3,450,25000,Very High Risk,0.3945
GIG-15159,Porter,Tier 1,24461.83,0.537,4.99,24,0.877,4.97,0.17,0.592,0.123,5,0,662,59000,Moderate Risk,0.0877
GIG-15160,Urban Company,Tier 3,32999.62,0.609,9.4,55,0.834,4.26,0.224,0.65,0.048,20,0,650,79000,Moderate Risk,0.1071
GIG-15161,Swiggy,Tier 3,18610.23,0.21,9.95,56,0.905,3.58,0.394,0.391,0.118,15,1,507,35000,Very High Risk,0.6827
GIG-15162,Swiggy,Tier 1,28063.16,0.707,17.7,52,0.929,4.52,0.364,0.436,0.128,36,0,668,69000,Moderate Risk,0.0805
GIG-15163,Urban Company,Tier 1,33542.25,0.645,1.88,47,0.781,4.03,0.32,0.67,0.02,16,0,633,78000,High Risk,0.199
GIG-15164,Ola,Tier 1,36839.02,0.751,4.59,38,0.858,4.46,0.219,0.412,0.238,40,2,607,82000,High Risk,0.2338
GIG-15165,Porter,Tier 2,22292.71,0.181,5.7,45,0.927,3.63,0.39,0.422,0.117,9,0,561,46000,High Risk,0.2407
GIG-15166,Zomato,Tier 2,28974.04,0.663,-4.69,47,0.884,3.55,0.321,0.663,0.02,53,0,599,64000,High Risk,0.1607
GIG-15167,Swiggy,Tier 1,29630.09,0.35,-6.11,32,0.85,4.72,0.226,0.432,0.289,33,1,564,61000,High Risk,0.2404
GIG-15168,Swiggy,Tier 2,38146.44,0.493,2.85,51,0.842,4.4,0.278,0.46,0.12,8,0,649,91000,Moderate Risk,0.0656
GIG-15169,Porter,Tier 1,32166.63,0.677,0.77,33,0.976,4.47,0.24,0.62,0.033,9,0,639,75000,High Risk,0.2377
GIG-15170,Ola,Tier 3,44301.12,0.577,5.52,36,0.86,4.56,0.416,0.644,0.02,34,0,655,106000,Moderate Risk,0.139
GIG-15171,Urban Company,Tier 3,29389.19,0.18,8.38,47,0.816,4.21,0.387,0.684,0.02,3,2,461,50000,Very High Risk,0.5752
GIG-15172,Zepto,Tier 1,22690.59,0.66,17.27,28,0.97,4.12,0.292,0.615,0.02,49,0,627,52000,High Risk,0.2263
GIG-15173,Porter,Tier 3,39702.24,0.613,17.96,34,0.806,4.07,0.376,0.605,0.02,15,0,699,102000,Moderate Risk,0.0722
GIG-15174,Porter,Tier 1,28308.6,0.234,-5.87,32,0.942,3.89,0.319,0.513,0.038,19,0,586,61000,High Risk,0.2576
GIG-15175,Zepto,Tier 3,36943.67,0.398,9.19,35,0.805,4.73,0.254,0.542,0.146,20,0,668,90000,Moderate Risk,0.0989
GIG-15176,Porter,Tier 3,22376.68,0.602,6.16,29,0.972,3.89,0.184,0.69,0.024,14,0,622,51000,High Risk,0.1644
GIG-15177,Blinkit,Tier 3,13902.44,0.214,12.3,43,0.824,3.56,0.415,0.303,0.143,33,1,532,27000,Very High Risk,0.3957
GIG-15178,Urban Company,Tier 3,27093.27,0.416,2.4,34,0.933,3.92,0.363,0.645,0.02,22,0,586,58000,High Risk,0.217
GIG-15179,Urban Company,Tier 3,29049.8,0.418,13.85,32,0.965,4.32,0.244,0.385,0.301,18,0,685,73000,Moderate Risk,0.1271
GIG-15180,Blinkit,Tier 2,11101.37,0.633,-7.75,33,0.939,3.91,0.219,0.686,0.02,46,0,578,24000,High Risk,0.242
GIG-15181,Urban Company,Tier 3,43457.14,0.949,0.37,52,0.905,4.78,0.414,0.541,0.02,31,1,677,108000,Moderate Risk,0.0651
GIG-15182,Swiggy,Tier 1,18746.12,0.485,3.98,43,0.956,3.68,0.322,0.418,0.185,34,0,601,41000,High Risk,0.3349
GIG-15183,Zomato,Tier 2,20585.08,0.389,7.39,46,0.835,4.63,0.19,0.311,0.401,60,1,582,44000,High Risk,0.2264
GIG-15184,Porter,Tier 2,23862.32,0.374,-11.48,57,0.946,4.48,0.289,0.595,0.053,13,2,483,42000,Very High Risk,0.6819
GIG-15185,Uber,Tier 1,29561.72,0.343,-9.06,32,0.853,3.59,0.176,0.418,0.267,51,2,525,57000,Very High Risk,0.6492
GIG-15186,Zepto,Tier 3,19226.93,0.364,-1.05,49,0.958,3.89,0.352,0.631,0.02,22,0,554,39000,High Risk,0.3201
GIG-15187,Swiggy,Tier 2,27608.1,0.183,-1.71,43,0.905,3.83,0.233,0.64,0.059,24,1,514,52000,Very High Risk,0.6236
GIG-15188,Uber,Tier 1,24232.69,0.683,8.45,50,0.911,3.84,0.32,0.353,0.181,52,0,666,59000,Moderate Risk,0.1261
GIG-15189,Swiggy,Tier 1,23254.09,0.492,18.59,30,0.783,4.91,0.159,0.418,0.3,16,0,710,61000,Moderate Risk,0.1034
GIG-15190,Urban Company,Tier 3,37635.53,0.933,25.74,49,0.806,3.89,0.379,0.684,0.02,22,0,732,101000,Moderate Risk,0.1295
GIG-15191,Blinkit,Tier 3,39688.03,0.652,-1.1,50,0.898,4.11,0.277,0.691,0.02,33,0,647,94000,Moderate Risk,0.1038
GIG-15192,Swiggy,Tier 3,38211.29,0.728,-5.04,33,0.95,4.48,0.38,0.678,0.02,22,0,665,93000,Moderate Risk,0.0901
GIG-15193,Ola,Tier 3,39809.54,0.753,12.27,42,0.942,4.6,0.331,0.304,0.295,46,0,696,102000,Moderate Risk,0.08
GIG-15194,Uber,Tier 2,37326.91,0.748,-13.96,49,0.818,4.29,0.214,0.696,0.02,13,0,623,85000,High Risk,0.2446
GIG-15195,Ola,Tier 2,18832.67,0.131,15.42,42,0.811,4.98,0.128,0.584,0.153,53,0,619,43000,High Risk,0.1815
GIG-15196,Uber,Tier 1,21934.21,0.312,14.97,46,0.824,4.26,0.13,0.621,0.121,42,0,587,47000,High Risk,0.1902
GIG-15197,Uber,Tier 2,17502.63,0.135,6.39,64,0.979,3.79,0.312,0.335,0.236,36,0,568,36000,High Risk,0.1745
GIG-15198,Porter,Tier 3,37033.25,0.832,0.43,36,0.944,4.3,0.137,0.423,0.315,41,0,736,100000,Moderate Risk,0.1388
GIG-15199,Zepto,Tier 3,26830.25,0.167,1.43,41,0.834,4.48,0.304,0.436,0.19,20,0,604,59000,High Risk,0.2957
GIG-15200,Ola,Tier 2,12132.73,0.104,29.18,43,0.936,3.62,0.15,0.33,0.415,33,0,595,26000,High Risk,0.2175
