schema,table,ordinal,column,type,nullable,default,primary_key,unique,references,definition
core,tenants,1,id,uuid,no,gen_random_uuid(),yes,no,,id uuid PRIMARY KEY DEFAULT gen_random_uuid()
core,tenants,2,slug,citext,no,,no,yes,,slug citext NOT NULL UNIQUE
core,tenants,3,legal_name,core.nonempty_text,no,,no,no,,legal_name core.nonempty_text NOT NULL
core,tenants,4,display_name,core.nonempty_text,no,,no,no,,display_name core.nonempty_text NOT NULL
core,tenants,5,status,core.record_status,no,'active',no,no,,status core.record_status NOT NULL DEFAULT 'active'
core,tenants,6,default_timezone,text,no,'UTC',no,no,,default_timezone text NOT NULL DEFAULT 'UTC'
core,tenants,7,default_locale,text,no,'en-US',no,no,,default_locale text NOT NULL DEFAULT 'en-US'
core,tenants,8,data_region,text,yes,,no,no,,data_region text
core,tenants,9,kms_key_reference,text,yes,,no,no,,kms_key_reference text
core,tenants,10,settings,jsonb,no,'{}',no,no,,settings jsonb NOT NULL DEFAULT '{}'
core,tenants,11,created_at,timestamptz,no,now(),no,no,,created_at timestamptz NOT NULL DEFAULT now()
core,tenants,12,updated_at,timestamptz,no,now(),no,no,,updated_at timestamptz NOT NULL DEFAULT now()
core,tenants,13,row_version,bigint,no,1,no,no,,row_version bigint NOT NULL DEFAULT 1
core,organizations,1,id,uuid,no,gen_random_uuid(),yes,no,,id uuid PRIMARY KEY DEFAULT gen_random_uuid()
core,organizations,2,tenant_id,uuid,no,,no,no,core.tenants(id),tenant_id uuid NOT NULL REFERENCES core.tenants(id) ON DELETE CASCADE
core,organizations,3,parent_organization_id,uuid,yes,,no,no,core.organizations(id),parent_organization_id uuid REFERENCES core.organizations(id)
core,organizations,4,organization_type,text,no,,no,no,,organization_type text NOT NULL
core,organizations,5,legal_name,core.nonempty_text,no,,no,no,,legal_name core.nonempty_text NOT NULL
core,organizations,6,display_name,core.nonempty_text,no,,no,no,,display_name core.nonempty_text NOT NULL
core,organizations,7,status,core.record_status,no,'active',no,no,,status core.record_status NOT NULL DEFAULT 'active'
core,organizations,8,npi,text,yes,,no,no,,npi text
core,organizations,9,accreditation_body,text,yes,,no,no,,accreditation_body text
core,organizations,10,accreditation_identifier,text,yes,,no,no,,accreditation_identifier text
core,organizations,11,effective_from,timestamptz,yes,,no,no,,effective_from timestamptz
core,organizations,12,effective_to,timestamptz,yes,,no,no,,effective_to timestamptz
core,organizations,13,metadata,jsonb,no,'{}',no,no,,metadata jsonb NOT NULL DEFAULT '{}'
core,organizations,14,created_by,uuid,yes,,no,no,,created_by uuid
core,organizations,15,updated_by,uuid,yes,,no,no,,updated_by uuid
core,organizations,16,created_at,timestamptz,no,now(),no,no,,created_at timestamptz NOT NULL DEFAULT now()
core,organizations,17,updated_at,timestamptz,no,now(),no,no,,updated_at timestamptz NOT NULL DEFAULT now()
core,organizations,18,row_version,bigint,no,1,no,no,,row_version bigint NOT NULL DEFAULT 1
core,organizations,19,"UNIQUE(tenant_id,id)",,yes,,no,yes,,"UNIQUE(tenant_id,id)"
core,organization_identifiers,1,id,uuid,no,gen_random_uuid(),yes,no,,id uuid PRIMARY KEY DEFAULT gen_random_uuid()
core,organization_identifiers,2,tenant_id,uuid,no,,no,no,core.tenants(id),tenant_id uuid NOT NULL REFERENCES core.tenants(id) ON DELETE CASCADE
core,organization_identifiers,3,organization_id,uuid,no,,no,no,core.organizations(id),organization_id uuid NOT NULL REFERENCES core.organizations(id) ON DELETE CASCADE
core,organization_identifiers,4,system_uri,text,no,,no,no,,system_uri text NOT NULL
core,organization_identifiers,5,identifier_value,text,no,,no,no,,identifier_value text NOT NULL
core,organization_identifiers,6,identifier_value_hash,core.sha256_hex,yes,,no,no,,identifier_value_hash core.sha256_hex
core,organization_identifiers,7,identifier_type,text,yes,,no,no,,identifier_type text
core,organization_identifiers,8,use_code,text,yes,,no,no,,use_code text
core,organization_identifiers,9,valid_from,timestamptz,yes,,no,no,,valid_from timestamptz
core,organization_identifiers,10,valid_to,timestamptz,yes,,no,no,,valid_to timestamptz
core,organization_identifiers,11,created_at,timestamptz,no,now(),no,no,,created_at timestamptz NOT NULL DEFAULT now()
core,organization_identifiers,12,"UNIQUE(tenant_id,system_uri,identifier_value)",,yes,,no,yes,,"UNIQUE(tenant_id,system_uri,identifier_value)"
core,organization_relationships,1,id,uuid,no,gen_random_uuid(),yes,no,,id uuid PRIMARY KEY DEFAULT gen_random_uuid()
core,organization_relationships,2,tenant_id,uuid,no,,no,no,core.tenants(id),tenant_id uuid NOT NULL REFERENCES core.tenants(id) ON DELETE CASCADE
core,organization_relationships,3,source_organization_id,uuid,no,,no,no,core.organizations(id),source_organization_id uuid NOT NULL REFERENCES core.organizations(id)
core,organization_relationships,4,target_organization_id,uuid,no,,no,no,core.organizations(id),target_organization_id uuid NOT NULL REFERENCES core.organizations(id)
core,organization_relationships,5,relationship_type,text,no,,no,no,,relationship_type text NOT NULL
core,organization_relationships,6,valid_from,timestamptz,no,now(),no,no,,valid_from timestamptz NOT NULL DEFAULT now()
core,organization_relationships,7,valid_to,timestamptz,yes,,no,no,,valid_to timestamptz
core,organization_relationships,8,terms,jsonb,no,'{}',no,no,,terms jsonb NOT NULL DEFAULT '{}'
core,organization_relationships,9,created_at,timestamptz,no,now(),no,no,,created_at timestamptz NOT NULL DEFAULT now()
core,organization_relationships,10,CHECK(source_organization_id<>target_organization_id),,yes,,no,no,,CHECK(source_organization_id<>target_organization_id)
core,organization_relationships,11,CHECK(valid_to,IS,yes,,no,no,,CHECK(valid_to IS NULL OR valid_to>valid_from)
core,facilities,1,id,uuid,no,gen_random_uuid(),yes,no,,id uuid PRIMARY KEY DEFAULT gen_random_uuid()
core,facilities,2,tenant_id,uuid,no,,no,no,core.tenants(id),tenant_id uuid NOT NULL REFERENCES core.tenants(id) ON DELETE CASCADE
core,facilities,3,organization_id,uuid,no,,no,no,core.organizations(id),organization_id uuid NOT NULL REFERENCES core.organizations(id)
core,facilities,4,parent_facility_id,uuid,yes,,no,no,core.facilities(id),parent_facility_id uuid REFERENCES core.facilities(id)
core,facilities,5,facility_code,citext,no,,no,no,,facility_code citext NOT NULL
core,facilities,6,facility_type,text,no,,no,no,,facility_type text NOT NULL
core,facilities,7,name,core.nonempty_text,no,,no,no,,name core.nonempty_text NOT NULL
core,facilities,8,status,core.record_status,no,'active',no,no,,status core.record_status NOT NULL DEFAULT 'active'
core,facilities,9,timezone,text,no,,no,no,,timezone text NOT NULL
core,facilities,10,trauma_level,text,yes,,no,no,,trauma_level text
core,facilities,11,teaching_status,text,yes,,no,no,,teaching_status text
core,facilities,12,licensed_bed_count,integer,yes,,no,no,,licensed_bed_count integer CHECK(licensed_bed_count>=0)
core,facilities,13,staffed_bed_count,integer,yes,,no,no,,staffed_bed_count integer CHECK(staffed_bed_count>=0)
core,facilities,14,latitude,"numeric(9,6)",yes,,no,no,,"latitude numeric(9,6)"
core,facilities,15,longitude,"numeric(9,6)",yes,,no,no,,"longitude numeric(9,6)"
core,facilities,16,metadata,jsonb,no,'{}',no,no,,metadata jsonb NOT NULL DEFAULT '{}'
core,facilities,17,created_by,uuid,yes,,no,no,,created_by uuid
core,facilities,18,updated_by,uuid,yes,,no,no,,updated_by uuid
core,facilities,19,created_at,timestamptz,no,now(),no,no,,created_at timestamptz NOT NULL DEFAULT now()
core,facilities,20,updated_at,timestamptz,no,now(),no,no,,updated_at timestamptz NOT NULL DEFAULT now()
core,facilities,21,row_version,bigint,no,1,no,no,,row_version bigint NOT NULL DEFAULT 1
core,facilities,22,"UNIQUE(tenant_id,facility_code)",,yes,,no,yes,,"UNIQUE(tenant_id,facility_code)"
core,facilities,23,"UNIQUE(tenant_id,id)",,yes,,no,yes,,"UNIQUE(tenant_id,id)"
core,addresses,1,id,uuid,no,gen_random_uuid(),yes,no,,id uuid PRIMARY KEY DEFAULT gen_random_uuid()
core,addresses,2,tenant_id,uuid,no,,no,no,core.tenants(id),tenant_id uuid NOT NULL REFERENCES core.tenants(id) ON DELETE CASCADE
core,addresses,3,entity_type,text,no,,no,no,,entity_type text NOT NULL
core,addresses,4,entity_id,uuid,no,,no,no,,entity_id uuid NOT NULL
core,addresses,5,use_code,text,yes,,no,no,,use_code text
core,addresses,6,line1,text,yes,,no,no,,line1 text
core,addresses,7,line2,text,yes,,no,no,,line2 text
core,addresses,8,city,text,yes,,no,no,,city text
core,addresses,9,district,text,yes,,no,no,,district text
core,addresses,10,state_region,text,yes,,no,no,,state_region text
core,addresses,11,postal_code,text,yes,,no,no,,postal_code text
core,addresses,12,country_code,char(2),yes,,no,no,,country_code char(2)
core,addresses,13,latitude,"numeric(9,6)",yes,,no,no,,"latitude numeric(9,6)"
core,addresses,14,longitude,"numeric(9,6)",yes,,no,no,,"longitude numeric(9,6)"
core,addresses,15,valid_from,timestamptz,yes,,no,no,,valid_from timestamptz
core,addresses,16,valid_to,timestamptz,yes,,no,no,,valid_to timestamptz
core,addresses,17,created_at,timestamptz,no,now(),no,no,,created_at timestamptz NOT NULL DEFAULT now()
core,contacts,1,id,uuid,no,gen_random_uuid(),yes,no,,id uuid PRIMARY KEY DEFAULT gen_random_uuid()
core,contacts,2,tenant_id,uuid,no,,no,no,core.tenants(id),tenant_id uuid NOT NULL REFERENCES core.tenants(id) ON DELETE CASCADE
core,contacts,3,entity_type,text,no,,no,no,,entity_type text NOT NULL
core,contacts,4,entity_id,uuid,no,,no,no,,entity_id uuid NOT NULL
core,contacts,5,contact_type,text,no,,no,no,,contact_type text NOT NULL
core,contacts,6,contact_value_encrypted,bytea,yes,,no,no,,contact_value_encrypted bytea
core,contacts,7,contact_value_hash,core.sha256_hex,yes,,no,no,,contact_value_hash core.sha256_hex
core,contacts,8,use_code,text,yes,,no,no,,use_code text
core,contacts,9,priority,smallint,no,1,no,no,,priority smallint NOT NULL DEFAULT 1 CHECK(priority>0)
core,contacts,10,verified_at,timestamptz,yes,,no,no,,verified_at timestamptz
core,contacts,11,valid_from,timestamptz,yes,,no,no,,valid_from timestamptz
core,contacts,12,valid_to,timestamptz,yes,,no,no,,valid_to timestamptz
core,contacts,13,created_at,timestamptz,no,now(),no,no,,created_at timestamptz NOT NULL DEFAULT now()
core,departments,1,id,uuid,no,gen_random_uuid(),yes,no,,id uuid PRIMARY KEY DEFAULT gen_random_uuid()
core,departments,2,tenant_id,uuid,no,,no,no,core.tenants(id),tenant_id uuid NOT NULL REFERENCES core.tenants(id) ON DELETE CASCADE
core,departments,3,facility_id,uuid,no,,no,no,core.facilities(id),facility_id uuid NOT NULL REFERENCES core.facilities(id)
core,departments,4,parent_department_id,uuid,yes,,no,no,core.departments(id),parent_department_id uuid REFERENCES core.departments(id)
core,departments,5,code,citext,no,,no,no,,code citext NOT NULL
core,departments,6,name,core.nonempty_text,no,,no,no,,name core.nonempty_text NOT NULL
core,departments,7,department_type,text,no,,no,no,,department_type text NOT NULL
core,departments,8,cost_center_code,text,yes,,no,no,,cost_center_code text
core,departments,9,status,core.record_status,no,'active',no,no,,status core.record_status NOT NULL DEFAULT 'active'
core,departments,10,metadata,jsonb,no,'{}',no,no,,metadata jsonb NOT NULL DEFAULT '{}'
core,departments,11,created_at,timestamptz,no,now(),no,no,,created_at timestamptz NOT NULL DEFAULT now()
core,departments,12,updated_at,timestamptz,no,now(),no,no,,updated_at timestamptz NOT NULL DEFAULT now()
core,departments,13,row_version,bigint,no,1,no,no,,row_version bigint NOT NULL DEFAULT 1
core,departments,14,"UNIQUE(tenant_id,facility_id,code)",,yes,,no,yes,,"UNIQUE(tenant_id,facility_id,code)"
core,service_lines,1,id,uuid,no,gen_random_uuid(),yes,no,,id uuid PRIMARY KEY DEFAULT gen_random_uuid()
core,service_lines,2,tenant_id,uuid,no,,no,no,core.tenants(id),tenant_id uuid NOT NULL REFERENCES core.tenants(id) ON DELETE CASCADE
core,service_lines,3,code,citext,no,,no,no,,code citext NOT NULL
core,service_lines,4,name,core.nonempty_text,no,,no,no,,name core.nonempty_text NOT NULL
core,service_lines,5,description,text,yes,,no,no,,description text
core,service_lines,6,status,core.record_status,no,'active',no,no,,status core.record_status NOT NULL DEFAULT 'active'
core,service_lines,7,created_at,timestamptz,no,now(),no,no,,created_at timestamptz NOT NULL DEFAULT now()
core,service_lines,8,updated_at,timestamptz,no,now(),no,no,,updated_at timestamptz NOT NULL DEFAULT now()
core,service_lines,9,row_version,bigint,no,1,no,no,,row_version bigint NOT NULL DEFAULT 1
core,service_lines,10,"UNIQUE(tenant_id,code)",,yes,,no,yes,,"UNIQUE(tenant_id,code)"
core,department_service_lines,1,tenant_id,uuid,no,,no,no,core.tenants(id),tenant_id uuid NOT NULL REFERENCES core.tenants(id) ON DELETE CASCADE
core,department_service_lines,2,department_id,uuid,no,,no,no,core.departments(id),department_id uuid NOT NULL REFERENCES core.departments(id) ON DELETE CASCADE
core,department_service_lines,3,service_line_id,uuid,no,,no,no,core.service_lines(id),service_line_id uuid NOT NULL REFERENCES core.service_lines(id) ON DELETE CASCADE
core,department_service_lines,4,is_primary,boolean,no,false,no,no,,is_primary boolean NOT NULL DEFAULT false
core,department_service_lines,5,created_at,timestamptz,no,now(),no,no,,created_at timestamptz NOT NULL DEFAULT now()
core,configurations,1,id,uuid,no,gen_random_uuid(),yes,no,,id uuid PRIMARY KEY DEFAULT gen_random_uuid()
core,configurations,2,tenant_id,uuid,no,,no,no,core.tenants(id),tenant_id uuid NOT NULL REFERENCES core.tenants(id) ON DELETE CASCADE
core,configurations,3,facility_id,uuid,yes,,no,no,core.facilities(id),facility_id uuid REFERENCES core.facilities(id) ON DELETE CASCADE
core,configurations,4,namespace,citext,no,,no,no,,namespace citext NOT NULL
core,configurations,5,config_key,citext,no,,no,no,,config_key citext NOT NULL
core,configurations,6,config_value,jsonb,no,,no,no,,config_value jsonb NOT NULL
core,configurations,7,is_secret_reference,boolean,no,false,no,no,,is_secret_reference boolean NOT NULL DEFAULT false
core,configurations,8,valid_from,timestamptz,no,now(),no,no,,valid_from timestamptz NOT NULL DEFAULT now()
core,configurations,9,valid_to,timestamptz,yes,,no,no,,valid_to timestamptz
core,configurations,10,created_by,uuid,yes,,no,no,,created_by uuid
core,configurations,11,created_at,timestamptz,no,now(),no,no,,created_at timestamptz NOT NULL DEFAULT now()
core,retention_policies,1,id,uuid,no,gen_random_uuid(),yes,no,,id uuid PRIMARY KEY DEFAULT gen_random_uuid()
core,retention_policies,2,tenant_id,uuid,no,,no,no,core.tenants(id),tenant_id uuid NOT NULL REFERENCES core.tenants(id) ON DELETE CASCADE
core,retention_policies,3,data_category,text,no,,no,no,,data_category text NOT NULL
core,retention_policies,4,jurisdiction,text,yes,,no,no,,jurisdiction text
core,retention_policies,5,retention_days,integer,no,,no,no,,retention_days integer NOT NULL CHECK(retention_days>0)
core,retention_policies,6,disposition_action,text,no,,no,no,,"disposition_action text NOT NULL CHECK(disposition_action IN('delete','anonymize','archive','review'))"
core,retention_policies,7,legal_basis,text,yes,,no,no,,legal_basis text
core,retention_policies,8,status,core.record_status,no,'active',no,no,,status core.record_status NOT NULL DEFAULT 'active'
core,retention_policies,9,valid_from,timestamptz,no,now(),no,no,,valid_from timestamptz NOT NULL DEFAULT now()
core,retention_policies,10,valid_to,timestamptz,yes,,no,no,,valid_to timestamptz
core,retention_policies,11,created_at,timestamptz,no,now(),no,no,,created_at timestamptz NOT NULL DEFAULT now()
core,retention_policies,12,"UNIQUE(tenant_id,data_category,jurisdiction,valid_from)",,yes,,no,yes,,"UNIQUE(tenant_id,data_category,jurisdiction,valid_from)"
iam,users,1,id,uuid,no,gen_random_uuid(),yes,no,,id uuid PRIMARY KEY DEFAULT gen_random_uuid()
iam,users,2,tenant_id,uuid,no,,no,no,core.tenants(id),tenant_id uuid NOT NULL REFERENCES core.tenants(id) ON DELETE CASCADE
iam,users,3,username,citext,no,,no,no,,username citext NOT NULL
iam,users,4,display_name,text,no,,no,no,,display_name text NOT NULL
iam,users,5,email_encrypted,bytea,yes,,no,no,,email_encrypted bytea
iam,users,6,email_hash,core.sha256_hex,yes,,no,no,,email_hash core.sha256_hex
iam,users,7,phone_encrypted,bytea,yes,,no,no,,phone_encrypted bytea
iam,users,8,status,core.record_status,no,'active',no,no,,status core.record_status NOT NULL DEFAULT 'active'
iam,users,9,preferred_locale,text,yes,,no,no,,preferred_locale text
iam,users,10,preferred_timezone,text,yes,,no,no,,preferred_timezone text
iam,users,11,last_login_at,timestamptz,yes,,no,no,,last_login_at timestamptz
iam,users,12,password_auth_disabled,boolean,no,true,no,no,,password_auth_disabled boolean NOT NULL DEFAULT true
iam,users,13,mfa_required,boolean,no,true,no,no,,mfa_required boolean NOT NULL DEFAULT true
iam,users,14,attributes,jsonb,no,'{}',no,no,,attributes jsonb NOT NULL DEFAULT '{}'
iam,users,15,created_at,timestamptz,no,now(),no,no,,created_at timestamptz NOT NULL DEFAULT now()
iam,users,16,updated_at,timestamptz,no,now(),no,no,,updated_at timestamptz NOT NULL DEFAULT now()
iam,users,17,row_version,bigint,no,1,no,no,,row_version bigint NOT NULL DEFAULT 1
iam,users,18,"UNIQUE(tenant_id,username)",,yes,,no,yes,,"UNIQUE(tenant_id,username)"
iam,users,19,"UNIQUE(tenant_id,id)",,yes,,no,yes,,"UNIQUE(tenant_id,id)"
iam,user_identities,1,id,uuid,no,gen_random_uuid(),yes,no,,id uuid PRIMARY KEY DEFAULT gen_random_uuid()
iam,user_identities,2,tenant_id,uuid,no,,no,no,core.tenants(id),tenant_id uuid NOT NULL REFERENCES core.tenants(id) ON DELETE CASCADE
iam,user_identities,3,user_id,uuid,no,,no,no,iam.users(id),user_id uuid NOT NULL REFERENCES iam.users(id) ON DELETE CASCADE
iam,user_identities,4,issuer,text,no,,no,no,,issuer text NOT NULL
iam,user_identities,5,subject,text,no,,no,no,,subject text NOT NULL
iam,user_identities,6,identity_type,text,no,'oidc',no,no,,identity_type text NOT NULL DEFAULT 'oidc'
iam,user_identities,7,claims_snapshot,jsonb,no,'{}',no,no,,claims_snapshot jsonb NOT NULL DEFAULT '{}'
iam,user_identities,8,linked_at,timestamptz,no,now(),no,no,,linked_at timestamptz NOT NULL DEFAULT now()
iam,user_identities,9,last_seen_at,timestamptz,yes,,no,no,,last_seen_at timestamptz
iam,user_identities,10,"UNIQUE(tenant_id,issuer,subject)",,yes,,no,yes,,"UNIQUE(tenant_id,issuer,subject)"
iam,service_accounts,1,id,uuid,no,gen_random_uuid(),yes,no,,id uuid PRIMARY KEY DEFAULT gen_random_uuid()
iam,service_accounts,2,tenant_id,uuid,no,,no,no,core.tenants(id),tenant_id uuid NOT NULL REFERENCES core.tenants(id) ON DELETE CASCADE
iam,service_accounts,3,name,citext,no,,no,no,,name citext NOT NULL
iam,service_accounts,4,description,text,yes,,no,no,,description text
iam,service_accounts,5,status,core.record_status,no,'active',no,no,,status core.record_status NOT NULL DEFAULT 'active'
iam,service_accounts,6,owner_user_id,uuid,yes,,no,no,iam.users(id),owner_user_id uuid REFERENCES iam.users(id)
iam,service_accounts,7,credential_reference,text,yes,,no,no,,credential_reference text
iam,service_accounts,8,allowed_audiences,text[],no,'{}',no,no,,allowed_audiences text[] NOT NULL DEFAULT '{}'
iam,service_accounts,9,expires_at,timestamptz,yes,,no,no,,expires_at timestamptz
iam,service_accounts,10,created_at,timestamptz,no,now(),no,no,,created_at timestamptz NOT NULL DEFAULT now()
iam,service_accounts,11,updated_at,timestamptz,no,now(),no,no,,updated_at timestamptz NOT NULL DEFAULT now()
iam,service_accounts,12,row_version,bigint,no,1,no,no,,row_version bigint NOT NULL DEFAULT 1
iam,service_accounts,13,"UNIQUE(tenant_id,name)",,yes,,no,yes,,"UNIQUE(tenant_id,name)"
iam,service_accounts,14,"UNIQUE(tenant_id,id)",,yes,,no,yes,,"UNIQUE(tenant_id,id)"
iam,oauth_clients,1,id,uuid,no,gen_random_uuid(),yes,no,,id uuid PRIMARY KEY DEFAULT gen_random_uuid()
iam,oauth_clients,2,tenant_id,uuid,no,,no,no,core.tenants(id),tenant_id uuid NOT NULL REFERENCES core.tenants(id) ON DELETE CASCADE
iam,oauth_clients,3,client_id,text,no,,no,no,,client_id text NOT NULL
iam,oauth_clients,4,client_name,text,no,,no,no,,client_name text NOT NULL
iam,oauth_clients,5,client_type,text,no,,no,no,,"client_type text NOT NULL CHECK(client_type IN('public','confidential','service'))"
iam,oauth_clients,6,status,core.record_status,no,'active',no,no,,status core.record_status NOT NULL DEFAULT 'active'
iam,oauth_clients,7,token_endpoint_auth_method,text,yes,,no,no,,token_endpoint_auth_method text
iam,oauth_clients,8,jwks_uri,text,yes,,no,no,,jwks_uri text
iam,oauth_clients,9,jwks,jsonb,yes,,no,no,,jwks jsonb
iam,oauth_clients,10,allowed_grant_types,text[],no,'{}',no,no,,allowed_grant_types text[] NOT NULL DEFAULT '{}'
iam,oauth_clients,11,allowed_scopes,text[],no,'{}',no,no,,allowed_scopes text[] NOT NULL DEFAULT '{}'
iam,oauth_clients,12,credential_reference,text,yes,,no,no,,credential_reference text
iam,oauth_clients,13,metadata_document_uri,text,yes,,no,no,,metadata_document_uri text
iam,oauth_clients,14,redirect_uris,text[],no,'{}',no,no,,redirect_uris text[] NOT NULL DEFAULT '{}'
iam,oauth_clients,15,created_at,timestamptz,no,now(),no,no,,created_at timestamptz NOT NULL DEFAULT now()
iam,oauth_clients,16,updated_at,timestamptz,no,now(),no,no,,updated_at timestamptz NOT NULL DEFAULT now()
iam,oauth_clients,17,row_version,bigint,no,1,no,no,,row_version bigint NOT NULL DEFAULT 1
iam,oauth_clients,18,"UNIQUE(tenant_id,client_id)",,yes,,no,yes,,"UNIQUE(tenant_id,client_id)"
iam,oauth_clients,19,"UNIQUE(tenant_id,id)",,yes,,no,yes,,"UNIQUE(tenant_id,id)"
iam,api_keys,1,id,uuid,no,gen_random_uuid(),yes,no,,id uuid PRIMARY KEY DEFAULT gen_random_uuid()
iam,api_keys,2,tenant_id,uuid,no,,no,no,core.tenants(id),tenant_id uuid NOT NULL REFERENCES core.tenants(id) ON DELETE CASCADE
iam,api_keys,3,principal_kind,core.actor_kind,no,,no,no,,principal_kind core.actor_kind NOT NULL
iam,api_keys,4,principal_id,uuid,no,,no,no,,principal_id uuid NOT NULL
iam,api_keys,5,key_prefix,text,no,,no,no,,key_prefix text NOT NULL
iam,api_keys,6,key_hash,core.sha256_hex,no,,no,no,,key_hash core.sha256_hex NOT NULL
iam,api_keys,7,name,text,no,,no,no,,name text NOT NULL
iam,api_keys,8,scopes,text[],no,'{}',no,no,,scopes text[] NOT NULL DEFAULT '{}'
iam,api_keys,9,expires_at,timestamptz,yes,,no,no,,expires_at timestamptz
iam,api_keys,10,revoked_at,timestamptz,yes,,no,no,,revoked_at timestamptz
iam,api_keys,11,last_used_at,timestamptz,yes,,no,no,,last_used_at timestamptz
iam,api_keys,12,created_at,timestamptz,no,now(),no,no,,created_at timestamptz NOT NULL DEFAULT now()
iam,api_keys,13,"UNIQUE(tenant_id,key_hash)",,yes,,no,yes,,"UNIQUE(tenant_id,key_hash)"
iam,roles,1,id,uuid,no,gen_random_uuid(),yes,no,,id uuid PRIMARY KEY DEFAULT gen_random_uuid()
iam,roles,2,tenant_id,uuid,no,,no,no,core.tenants(id),tenant_id uuid NOT NULL REFERENCES core.tenants(id) ON DELETE CASCADE
iam,roles,3,code,citext,no,,no,no,,code citext NOT NULL
iam,roles,4,name,text,no,,no,no,,name text NOT NULL
iam,roles,5,description,text,yes,,no,no,,description text
iam,roles,6,is_system,boolean,no,false,no,no,,is_system boolean NOT NULL DEFAULT false
iam,roles,7,status,core.record_status,no,'active',no,no,,status core.record_status NOT NULL DEFAULT 'active'
iam,roles,8,created_at,timestamptz,no,now(),no,no,,created_at timestamptz NOT NULL DEFAULT now()
iam,roles,9,updated_at,timestamptz,no,now(),no,no,,updated_at timestamptz NOT NULL DEFAULT now()
iam,roles,10,row_version,bigint,no,1,no,no,,row_version bigint NOT NULL DEFAULT 1
iam,roles,11,"UNIQUE(tenant_id,code)",,yes,,no,yes,,"UNIQUE(tenant_id,code)"
iam,permissions,1,id,uuid,no,gen_random_uuid(),yes,no,,id uuid PRIMARY KEY DEFAULT gen_random_uuid()
iam,permissions,2,permission_key,citext,no,,no,yes,,permission_key citext NOT NULL UNIQUE
iam,permissions,3,resource_type,text,no,,no,no,,resource_type text NOT NULL
iam,permissions,4,action,core.action_kind,no,,no,no,,action core.action_kind NOT NULL
iam,permissions,5,description,text,no,,no,no,,description text NOT NULL
iam,permissions,6,is_phi_access,boolean,no,false,no,no,,is_phi_access boolean NOT NULL DEFAULT false
iam,permissions,7,requires_purpose_of_use,boolean,no,false,no,no,,requires_purpose_of_use boolean NOT NULL DEFAULT false
iam,role_permissions,1,role_id,uuid,no,,no,no,iam.roles(id),role_id uuid NOT NULL REFERENCES iam.roles(id) ON DELETE CASCADE
iam,role_permissions,2,permission_id,uuid,no,,no,no,iam.permissions(id),permission_id uuid NOT NULL REFERENCES iam.permissions(id) ON DELETE CASCADE
iam,role_permissions,3,conditions,jsonb,no,'{}',no,no,,conditions jsonb NOT NULL DEFAULT '{}'
iam,role_permissions,4,created_at,timestamptz,no,now(),no,no,,created_at timestamptz NOT NULL DEFAULT now()
iam,user_roles,1,id,uuid,no,gen_random_uuid(),yes,no,,id uuid PRIMARY KEY DEFAULT gen_random_uuid()
iam,user_roles,2,tenant_id,uuid,no,,no,no,core.tenants(id),tenant_id uuid NOT NULL REFERENCES core.tenants(id) ON DELETE CASCADE
iam,user_roles,3,user_id,uuid,no,,no,no,iam.users(id),user_id uuid NOT NULL REFERENCES iam.users(id) ON DELETE CASCADE
iam,user_roles,4,role_id,uuid,no,,no,no,iam.roles(id),role_id uuid NOT NULL REFERENCES iam.roles(id) ON DELETE CASCADE
iam,user_roles,5,facility_id,uuid,yes,,no,no,core.facilities(id),facility_id uuid REFERENCES core.facilities(id) ON DELETE CASCADE
iam,user_roles,6,department_id,uuid,yes,,no,no,core.departments(id),department_id uuid REFERENCES core.departments(id) ON DELETE CASCADE
iam,user_roles,7,valid_from,timestamptz,no,now(),no,no,,valid_from timestamptz NOT NULL DEFAULT now()
iam,user_roles,8,valid_to,timestamptz,yes,,no,no,,valid_to timestamptz
iam,user_roles,9,granted_by,uuid,yes,,no,no,iam.users(id),granted_by uuid REFERENCES iam.users(id)
iam,user_roles,10,grant_reason,text,yes,,no,no,,grant_reason text
iam,user_roles,11,created_at,timestamptz,no,now(),no,no,,created_at timestamptz NOT NULL DEFAULT now()
iam,data_scopes,1,id,uuid,no,gen_random_uuid(),yes,no,,id uuid PRIMARY KEY DEFAULT gen_random_uuid()
iam,data_scopes,2,tenant_id,uuid,no,,no,no,core.tenants(id),tenant_id uuid NOT NULL REFERENCES core.tenants(id) ON DELETE CASCADE
iam,data_scopes,3,scope_key,citext,no,,no,no,,scope_key citext NOT NULL
iam,data_scopes,4,scope_type,text,no,,no,no,,scope_type text NOT NULL
iam,data_scopes,5,expression,jsonb,no,,no,no,,expression jsonb NOT NULL
iam,data_scopes,6,description,text,yes,,no,no,,description text
iam,data_scopes,7,created_at,timestamptz,no,now(),no,no,,created_at timestamptz NOT NULL DEFAULT now()
iam,data_scopes,8,"UNIQUE(tenant_id,scope_key)",,yes,,no,yes,,"UNIQUE(tenant_id,scope_key)"
iam,principal_scopes,1,id,uuid,no,gen_random_uuid(),yes,no,,id uuid PRIMARY KEY DEFAULT gen_random_uuid()
iam,principal_scopes,2,tenant_id,uuid,no,,no,no,core.tenants(id),tenant_id uuid NOT NULL REFERENCES core.tenants(id) ON DELETE CASCADE
iam,principal_scopes,3,principal_kind,core.actor_kind,no,,no,no,,principal_kind core.actor_kind NOT NULL
iam,principal_scopes,4,principal_id,uuid,no,,no,no,,principal_id uuid NOT NULL
iam,principal_scopes,5,data_scope_id,uuid,no,,no,no,iam.data_scopes(id),data_scope_id uuid NOT NULL REFERENCES iam.data_scopes(id) ON DELETE CASCADE
iam,principal_scopes,6,valid_from,timestamptz,no,now(),no,no,,valid_from timestamptz NOT NULL DEFAULT now()
iam,principal_scopes,7,valid_to,timestamptz,yes,,no,no,,valid_to timestamptz
iam,principal_scopes,8,created_at,timestamptz,no,now(),no,no,,created_at timestamptz NOT NULL DEFAULT now()
iam,principal_scopes,9,"UNIQUE(principal_kind,principal_id,data_scope_id,valid_from)",,yes,,no,yes,,"UNIQUE(principal_kind,principal_id,data_scope_id,valid_from)"
iam,delegations,1,id,uuid,no,gen_random_uuid(),yes,no,,id uuid PRIMARY KEY DEFAULT gen_random_uuid()
iam,delegations,2,tenant_id,uuid,no,,no,no,core.tenants(id),tenant_id uuid NOT NULL REFERENCES core.tenants(id) ON DELETE CASCADE
iam,delegations,3,delegator_user_id,uuid,no,,no,no,iam.users(id),delegator_user_id uuid NOT NULL REFERENCES iam.users(id)
iam,delegations,4,delegate_user_id,uuid,no,,no,no,iam.users(id),delegate_user_id uuid NOT NULL REFERENCES iam.users(id)
iam,delegations,5,scope,jsonb,no,,no,no,,scope jsonb NOT NULL
iam,delegations,6,reason,text,no,,no,no,,reason text NOT NULL
iam,delegations,7,valid_from,timestamptz,no,,no,no,,valid_from timestamptz NOT NULL
iam,delegations,8,valid_to,timestamptz,no,,no,no,,valid_to timestamptz NOT NULL
iam,delegations,9,revoked_at,timestamptz,yes,,no,no,,revoked_at timestamptz
iam,delegations,10,created_at,timestamptz,no,now(),no,no,,created_at timestamptz NOT NULL DEFAULT now()
iam,delegations,11,CHECK(delegator_user_id<>delegate_user_id),,yes,,no,no,,CHECK(delegator_user_id<>delegate_user_id)
iam,delegations,12,CHECK(valid_to>valid_from),,yes,,no,no,,CHECK(valid_to>valid_from)
iam,break_glass_sessions,1,id,uuid,no,gen_random_uuid(),yes,no,,id uuid PRIMARY KEY DEFAULT gen_random_uuid()
iam,break_glass_sessions,2,tenant_id,uuid,no,,no,no,core.tenants(id),tenant_id uuid NOT NULL REFERENCES core.tenants(id) ON DELETE CASCADE
iam,break_glass_sessions,3,user_id,uuid,no,,no,no,iam.users(id),user_id uuid NOT NULL REFERENCES iam.users(id)
iam,break_glass_sessions,4,facility_id,uuid,yes,,no,no,core.facilities(id),facility_id uuid REFERENCES core.facilities(id)
iam,break_glass_sessions,5,reason_code,text,no,,no,no,,reason_code text NOT NULL
iam,break_glass_sessions,6,reason_text,text,no,,no,no,,reason_text text NOT NULL
iam,break_glass_sessions,7,requested_scope,jsonb,no,,no,no,,requested_scope jsonb NOT NULL
iam,break_glass_sessions,8,approved_by,uuid,yes,,no,no,iam.users(id),approved_by uuid REFERENCES iam.users(id)
iam,break_glass_sessions,9,started_at,timestamptz,no,now(),no,no,,started_at timestamptz NOT NULL DEFAULT now()
iam,break_glass_sessions,10,expires_at,timestamptz,no,,no,no,,expires_at timestamptz NOT NULL
iam,break_glass_sessions,11,ended_at,timestamptz,yes,,no,no,,ended_at timestamptz
iam,break_glass_sessions,12,review_status,core.approval_status,no,'pending',no,no,,review_status core.approval_status NOT NULL DEFAULT 'pending'
iam,break_glass_sessions,13,reviewed_by,uuid,yes,,no,no,iam.users(id),reviewed_by uuid REFERENCES iam.users(id)
iam,break_glass_sessions,14,reviewed_at,timestamptz,yes,,no,no,,reviewed_at timestamptz
iam,break_glass_sessions,15,review_notes,text,yes,,no,no,,review_notes text
iam,break_glass_sessions,16,CHECK(expires_at>started_at),,yes,,no,no,,CHECK(expires_at>started_at)
iam,sessions,1,id,uuid,no,gen_random_uuid(),yes,no,,id uuid PRIMARY KEY DEFAULT gen_random_uuid()
iam,sessions,2,tenant_id,uuid,no,,no,no,core.tenants(id),tenant_id uuid NOT NULL REFERENCES core.tenants(id) ON DELETE CASCADE
iam,sessions,3,user_id,uuid,yes,,no,no,iam.users(id),user_id uuid REFERENCES iam.users(id) ON DELETE CASCADE
iam,sessions,4,service_account_id,uuid,yes,,no,no,iam.service_accounts(id),service_account_id uuid REFERENCES iam.service_accounts(id) ON DELETE CASCADE
iam,sessions,5,oauth_client_id,uuid,yes,,no,no,iam.oauth_clients(id),oauth_client_id uuid REFERENCES iam.oauth_clients(id) ON DELETE CASCADE
iam,sessions,6,token_jti_hash,core.sha256_hex,yes,,no,no,,token_jti_hash core.sha256_hex
iam,sessions,7,auth_strength,text,yes,,no,no,,auth_strength text
iam,sessions,8,ip_address,inet,yes,,no,no,,ip_address inet
iam,sessions,9,user_agent,text,yes,,no,no,,user_agent text
iam,sessions,10,started_at,timestamptz,no,now(),no,no,,started_at timestamptz NOT NULL DEFAULT now()
iam,sessions,11,last_seen_at,timestamptz,no,now(),no,no,,last_seen_at timestamptz NOT NULL DEFAULT now()
iam,sessions,12,expires_at,timestamptz,no,,no,no,,expires_at timestamptz NOT NULL
iam,sessions,13,revoked_at,timestamptz,yes,,no,no,,revoked_at timestamptz
iam,sessions,14,revoke_reason,text,yes,,no,no,,revoke_reason text
iam,sessions,15,"CHECK(num_nonnulls(user_id,service_account_id)=1)",,yes,,no,no,,"CHECK(num_nonnulls(user_id,service_account_id)=1)"
iam,auth_events,1,id,uuid,no,gen_random_uuid(),yes,no,,id uuid PRIMARY KEY DEFAULT gen_random_uuid()
iam,auth_events,2,tenant_id,uuid,yes,,no,no,core.tenants(id),tenant_id uuid REFERENCES core.tenants(id) ON DELETE SET NULL
iam,auth_events,3,user_id,uuid,yes,,no,no,iam.users(id),user_id uuid REFERENCES iam.users(id) ON DELETE SET NULL
iam,auth_events,4,service_account_id,uuid,yes,,no,no,iam.service_accounts(id),service_account_id uuid REFERENCES iam.service_accounts(id) ON DELETE SET NULL
iam,auth_events,5,event_type,text,no,,no,no,,event_type text NOT NULL
iam,auth_events,6,outcome,text,no,,no,no,,outcome text NOT NULL
iam,auth_events,7,ip_address,inet,yes,,no,no,,ip_address inet
iam,auth_events,8,user_agent,text,yes,,no,no,,user_agent text
iam,auth_events,9,details,jsonb,no,'{}',no,no,,details jsonb NOT NULL DEFAULT '{}'
iam,auth_events,10,occurred_at,timestamptz,no,now(),no,no,,occurred_at timestamptz NOT NULL DEFAULT now()
terminology,code_systems,1,id,uuid,no,gen_random_uuid(),yes,no,,id uuid PRIMARY KEY DEFAULT gen_random_uuid()
terminology,code_systems,2,uri,text,no,,no,no,,uri text NOT NULL
terminology,code_systems,3,version,text,no,'',no,no,,version text NOT NULL DEFAULT ''
terminology,code_systems,4,name,text,yes,,no,no,,name text
terminology,code_systems,5,title,text,yes,,no,no,,title text
terminology,code_systems,6,publisher,text,yes,,no,no,,publisher text
terminology,code_systems,7,status,core.record_status,no,'active',no,no,,status core.record_status NOT NULL DEFAULT 'active'
terminology,code_systems,8,content_mode,text,yes,,no,no,,content_mode text
terminology,code_systems,9,license_text,text,yes,,no,no,,license_text text
terminology,code_systems,10,imported_at,timestamptz,yes,,no,no,,imported_at timestamptz
terminology,code_systems,11,metadata,jsonb,no,'{}',no,no,,metadata jsonb NOT NULL DEFAULT '{}'
terminology,code_systems,12,"UNIQUE(uri,version)",,yes,,no,yes,,"UNIQUE(uri,version)"
terminology,concepts,1,id,uuid,no,gen_random_uuid(),yes,no,,id uuid PRIMARY KEY DEFAULT gen_random_uuid()
terminology,concepts,2,code_system_id,uuid,no,,no,no,terminology.code_systems(id),code_system_id uuid NOT NULL REFERENCES terminology.code_systems(id) ON DELETE CASCADE
terminology,concepts,3,code,text,no,,no,no,,code text NOT NULL
terminology,concepts,4,display,text,yes,,no,no,,display text
terminology,concepts,5,definition,text,yes,,no,no,,definition text
terminology,concepts,6,parent_concept_id,uuid,yes,,no,no,terminology.concepts(id),parent_concept_id uuid REFERENCES terminology.concepts(id)
terminology,concepts,7,status,core.record_status,no,'active',no,no,,status core.record_status NOT NULL DEFAULT 'active'
terminology,concepts,8,properties,jsonb,no,'{}',no,no,,properties jsonb NOT NULL DEFAULT '{}'
terminology,concepts,9,"UNIQUE(code_system_id,code)",,yes,,no,yes,,"UNIQUE(code_system_id,code)"
terminology,value_sets,1,id,uuid,no,gen_random_uuid(),yes,no,,id uuid PRIMARY KEY DEFAULT gen_random_uuid()
terminology,value_sets,2,uri,text,no,,no,no,,uri text NOT NULL
terminology,value_sets,3,version,text,no,'',no,no,,version text NOT NULL DEFAULT ''
terminology,value_sets,4,name,text,yes,,no,no,,name text
terminology,value_sets,5,title,text,yes,,no,no,,title text
terminology,value_sets,6,status,core.record_status,no,'active',no,no,,status core.record_status NOT NULL DEFAULT 'active'
terminology,value_sets,7,compose_definition,jsonb,no,'{}',no,no,,compose_definition jsonb NOT NULL DEFAULT '{}'
terminology,value_sets,8,expansion_timestamp,timestamptz,yes,,no,no,,expansion_timestamp timestamptz
terminology,value_sets,9,"UNIQUE(uri,version)",,yes,,no,yes,,"UNIQUE(uri,version)"
terminology,value_set_members,1,value_set_id,uuid,no,,no,no,terminology.value_sets(id),value_set_id uuid NOT NULL REFERENCES terminology.value_sets(id) ON DELETE CASCADE
terminology,value_set_members,2,concept_id,uuid,no,,no,no,terminology.concepts(id),concept_id uuid NOT NULL REFERENCES terminology.concepts(id) ON DELETE CASCADE
terminology,value_set_members,3,included,boolean,no,true,no,no,,included boolean NOT NULL DEFAULT true
terminology,concept_maps,1,id,uuid,no,gen_random_uuid(),yes,no,,id uuid PRIMARY KEY DEFAULT gen_random_uuid()
terminology,concept_maps,2,uri,text,no,,no,no,,uri text NOT NULL
terminology,concept_maps,3,version,text,no,'',no,no,,version text NOT NULL DEFAULT ''
terminology,concept_maps,4,name,text,yes,,no,no,,name text
terminology,concept_maps,5,source_system_uri,text,yes,,no,no,,source_system_uri text
terminology,concept_maps,6,target_system_uri,text,yes,,no,no,,target_system_uri text
terminology,concept_maps,7,status,core.record_status,no,'active',no,no,,status core.record_status NOT NULL DEFAULT 'active'
terminology,concept_maps,8,metadata,jsonb,no,'{}',no,no,,metadata jsonb NOT NULL DEFAULT '{}'
terminology,concept_maps,9,"UNIQUE(uri,version)",,yes,,no,yes,,"UNIQUE(uri,version)"
terminology,concept_map_items,1,id,uuid,no,gen_random_uuid(),yes,no,,id uuid PRIMARY KEY DEFAULT gen_random_uuid()
terminology,concept_map_items,2,concept_map_id,uuid,no,,no,no,terminology.concept_maps(id),concept_map_id uuid NOT NULL REFERENCES terminology.concept_maps(id) ON DELETE CASCADE
terminology,concept_map_items,3,source_code,text,no,,no,no,,source_code text NOT NULL
terminology,concept_map_items,4,target_code,text,no,,no,no,,target_code text NOT NULL
terminology,concept_map_items,5,equivalence,text,no,,no,no,,equivalence text NOT NULL
terminology,concept_map_items,6,comment,text,yes,,no,no,,comment text
terminology,concept_map_items,7,depends_on,jsonb,no,'[]',no,no,,depends_on jsonb NOT NULL DEFAULT '[]'
terminology,concept_map_items,8,product,jsonb,no,'[]',no,no,,product jsonb NOT NULL DEFAULT '[]'
terminology,local_codes,1,id,uuid,no,gen_random_uuid(),yes,no,,id uuid PRIMARY KEY DEFAULT gen_random_uuid()
terminology,local_codes,2,tenant_id,uuid,no,,no,no,core.tenants(id),tenant_id uuid NOT NULL REFERENCES core.tenants(id) ON DELETE CASCADE
terminology,local_codes,3,code_set,citext,no,,no,no,,code_set citext NOT NULL
terminology,local_codes,4,code,citext,no,,no,no,,code citext NOT NULL
terminology,local_codes,5,display,text,no,,no,no,,display text NOT NULL
terminology,local_codes,6,definition,text,yes,,no,no,,definition text
terminology,local_codes,7,status,core.record_status,no,'active',no,no,,status core.record_status NOT NULL DEFAULT 'active'
terminology,local_codes,8,metadata,jsonb,no,'{}',no,no,,metadata jsonb NOT NULL DEFAULT '{}'
terminology,local_codes,9,"UNIQUE(tenant_id,code_set,code)",,yes,,no,yes,,"UNIQUE(tenant_id,code_set,code)"
terminology,local_code_mappings,1,id,uuid,no,gen_random_uuid(),yes,no,,id uuid PRIMARY KEY DEFAULT gen_random_uuid()
terminology,local_code_mappings,2,tenant_id,uuid,no,,no,no,core.tenants(id),tenant_id uuid NOT NULL REFERENCES core.tenants(id) ON DELETE CASCADE
terminology,local_code_mappings,3,local_code_id,uuid,no,,no,no,terminology.local_codes(id),local_code_id uuid NOT NULL REFERENCES terminology.local_codes(id) ON DELETE CASCADE
terminology,local_code_mappings,4,target_system_uri,text,no,,no,no,,target_system_uri text NOT NULL
terminology,local_code_mappings,5,target_code,text,no,,no,no,,target_code text NOT NULL
terminology,local_code_mappings,6,equivalence,text,no,,no,no,,equivalence text NOT NULL
terminology,local_code_mappings,7,confidence,core.probability,yes,,no,no,,confidence core.probability
terminology,local_code_mappings,8,reviewed_by,uuid,yes,,no,no,iam.users(id),reviewed_by uuid REFERENCES iam.users(id)
terminology,local_code_mappings,9,reviewed_at,timestamptz,yes,,no,no,,reviewed_at timestamptz
terminology,local_code_mappings,10,created_at,timestamptz,no,now(),no,no,,created_at timestamptz NOT NULL DEFAULT now()
workforce,practitioners,1,id,uuid,no,gen_random_uuid(),yes,no,,id uuid PRIMARY KEY DEFAULT gen_random_uuid()
workforce,practitioners,2,tenant_id,uuid,no,,no,no,core.tenants(id),tenant_id uuid NOT NULL REFERENCES core.tenants(id) ON DELETE CASCADE
workforce,practitioners,3,user_id,uuid,yes,,no,no,iam.users(id),user_id uuid REFERENCES iam.users(id) ON DELETE SET NULL
workforce,practitioners,4,display_name,text,no,,no,no,,display_name text NOT NULL
workforce,practitioners,5,legal_name_encrypted,bytea,yes,,no,no,,legal_name_encrypted bytea
workforce,practitioners,6,birth_date_encrypted,bytea,yes,,no,no,,birth_date_encrypted bytea
workforce,practitioners,7,status,core.record_status,no,'active',no,no,,status core.record_status NOT NULL DEFAULT 'active'
workforce,practitioners,8,practitioner_type,text,no,,no,no,,practitioner_type text NOT NULL
workforce,practitioners,9,home_facility_id,uuid,yes,,no,no,core.facilities(id),home_facility_id uuid REFERENCES core.facilities(id)
workforce,practitioners,10,source_kind,core.source_kind,no,'ehr',no,no,,source_kind core.source_kind NOT NULL DEFAULT 'ehr'
workforce,practitioners,11,external_last_updated_at,timestamptz,yes,,no,no,,external_last_updated_at timestamptz
workforce,practitioners,12,attributes,jsonb,no,'{}',no,no,,attributes jsonb NOT NULL DEFAULT '{}'
workforce,practitioners,13,created_at,timestamptz,no,now(),no,no,,created_at timestamptz NOT NULL DEFAULT now()
workforce,practitioners,14,updated_at,timestamptz,no,now(),no,no,,updated_at timestamptz NOT NULL DEFAULT now()
workforce,practitioners,15,row_version,bigint,no,1,no,no,,row_version bigint NOT NULL DEFAULT 1
workforce,practitioners,16,"UNIQUE(tenant_id,id)",,yes,,no,yes,,"UNIQUE(tenant_id,id)"
workforce,practitioner_identifiers,1,id,uuid,no,gen_random_uuid(),yes,no,,id uuid PRIMARY KEY DEFAULT gen_random_uuid()
workforce,practitioner_identifiers,2,tenant_id,uuid,no,,no,no,core.tenants(id),tenant_id uuid NOT NULL REFERENCES core.tenants(id) ON DELETE CASCADE
workforce,practitioner_identifiers,3,practitioner_id,uuid,no,,no,no,workforce.practitioners(id),practitioner_id uuid NOT NULL REFERENCES workforce.practitioners(id) ON DELETE CASCADE
workforce,practitioner_identifiers,4,system_uri,text,no,,no,no,,system_uri text NOT NULL
workforce,practitioner_identifiers,5,identifier_value_encrypted,bytea,yes,,no,no,,identifier_value_encrypted bytea
workforce,practitioner_identifiers,6,identifier_value_hash,core.sha256_hex,no,,no,no,,identifier_value_hash core.sha256_hex NOT NULL
workforce,practitioner_identifiers,7,identifier_type,text,yes,,no,no,,identifier_type text
workforce,practitioner_identifiers,8,use_code,text,yes,,no,no,,use_code text
workforce,practitioner_identifiers,9,valid_from,timestamptz,yes,,no,no,,valid_from timestamptz
workforce,practitioner_identifiers,10,valid_to,timestamptz,yes,,no,no,,valid_to timestamptz
workforce,practitioner_identifiers,11,"UNIQUE(tenant_id,system_uri,identifier_value_hash)",,yes,,no,yes,,"UNIQUE(tenant_id,system_uri,identifier_value_hash)"
workforce,employments,1,id,uuid,no,gen_random_uuid(),yes,no,,id uuid PRIMARY KEY DEFAULT gen_random_uuid()
workforce,employments,2,tenant_id,uuid,no,,no,no,core.tenants(id),tenant_id uuid NOT NULL REFERENCES core.tenants(id) ON DELETE CASCADE
workforce,employments,3,practitioner_id,uuid,no,,no,no,workforce.practitioners(id),practitioner_id uuid NOT NULL REFERENCES workforce.practitioners(id) ON DELETE CASCADE
workforce,employments,4,organization_id,uuid,no,,no,no,core.organizations(id),organization_id uuid NOT NULL REFERENCES core.organizations(id)
workforce,employments,5,facility_id,uuid,yes,,no,no,core.facilities(id),facility_id uuid REFERENCES core.facilities(id)
workforce,employments,6,employment_type,text,no,,no,no,,employment_type text NOT NULL
workforce,employments,7,employee_number_hash,core.sha256_hex,yes,,no,no,,employee_number_hash core.sha256_hex
workforce,employments,8,fte,"numeric(5,4)",yes,,no,no,,"fte numeric(5,4) CHECK(fte BETWEEN 0 AND 2)"
workforce,employments,9,union_code,text,yes,,no,no,,union_code text
workforce,employments,10,hire_date,date,yes,,no,no,,hire_date date
workforce,employments,11,termination_date,date,yes,,no,no,,termination_date date
workforce,employments,12,status,core.record_status,no,'active',no,no,,status core.record_status NOT NULL DEFAULT 'active'
workforce,employments,13,created_at,timestamptz,no,now(),no,no,,created_at timestamptz NOT NULL DEFAULT now()
workforce,employments,14,CHECK(termination_date,IS,yes,,no,no,,CHECK(termination_date IS NULL OR hire_date IS NULL OR termination_date>=hire_date)
workforce,role_definitions,1,id,uuid,no,gen_random_uuid(),yes,no,,id uuid PRIMARY KEY DEFAULT gen_random_uuid()
workforce,role_definitions,2,tenant_id,uuid,no,,no,no,core.tenants(id),tenant_id uuid NOT NULL REFERENCES core.tenants(id) ON DELETE CASCADE
workforce,role_definitions,3,code,citext,no,,no,no,,code citext NOT NULL
workforce,role_definitions,4,name,text,no,,no,no,,name text NOT NULL
workforce,role_definitions,5,role_family,text,no,,no,no,,role_family text NOT NULL
workforce,role_definitions,6,description,text,yes,,no,no,,description text
workforce,role_definitions,7,minimum_experience_months,integer,yes,,no,no,,minimum_experience_months integer CHECK(minimum_experience_months>=0)
workforce,role_definitions,8,status,core.record_status,no,'active',no,no,,status core.record_status NOT NULL DEFAULT 'active'
workforce,role_definitions,9,created_at,timestamptz,no,now(),no,no,,created_at timestamptz NOT NULL DEFAULT now()
workforce,role_definitions,10,"UNIQUE(tenant_id,code)",,yes,,no,yes,,"UNIQUE(tenant_id,code)"
workforce,role_capabilities,1,id,uuid,no,gen_random_uuid(),yes,no,,id uuid PRIMARY KEY DEFAULT gen_random_uuid()
workforce,role_capabilities,2,tenant_id,uuid,no,,no,no,core.tenants(id),tenant_id uuid NOT NULL REFERENCES core.tenants(id) ON DELETE CASCADE
workforce,role_capabilities,3,role_definition_id,uuid,no,,no,no,workforce.role_definitions(id),role_definition_id uuid NOT NULL REFERENCES workforce.role_definitions(id) ON DELETE CASCADE
workforce,role_capabilities,4,capability_code,text,no,,no,no,,capability_code text NOT NULL
workforce,role_capabilities,5,proficiency_min,smallint,yes,,no,no,,proficiency_min smallint CHECK(proficiency_min BETWEEN 1 AND 5)
workforce,role_capabilities,6,required,boolean,no,true,no,no,,required boolean NOT NULL DEFAULT true
workforce,role_capabilities,7,metadata,jsonb,no,'{}',no,no,,metadata jsonb NOT NULL DEFAULT '{}'
workforce,role_capabilities,8,"UNIQUE(role_definition_id,capability_code)",,yes,,no,yes,,"UNIQUE(role_definition_id,capability_code)"
workforce,practitioner_roles,1,id,uuid,no,gen_random_uuid(),yes,no,,id uuid PRIMARY KEY DEFAULT gen_random_uuid()
workforce,practitioner_roles,2,tenant_id,uuid,no,,no,no,core.tenants(id),tenant_id uuid NOT NULL REFERENCES core.tenants(id) ON DELETE CASCADE
workforce,practitioner_roles,3,practitioner_id,uuid,no,,no,no,workforce.practitioners(id),practitioner_id uuid NOT NULL REFERENCES workforce.practitioners(id) ON DELETE CASCADE
workforce,practitioner_roles,4,role_definition_id,uuid,no,,no,no,workforce.role_definitions(id),role_definition_id uuid NOT NULL REFERENCES workforce.role_definitions(id)
workforce,practitioner_roles,5,organization_id,uuid,yes,,no,no,core.organizations(id),organization_id uuid REFERENCES core.organizations(id)
workforce,practitioner_roles,6,facility_id,uuid,yes,,no,no,core.facilities(id),facility_id uuid REFERENCES core.facilities(id)
workforce,practitioner_roles,7,department_id,uuid,yes,,no,no,core.departments(id),department_id uuid REFERENCES core.departments(id)
workforce,practitioner_roles,8,specialty_code,text,yes,,no,no,,specialty_code text
workforce,practitioner_roles,9,status,core.record_status,no,'active',no,no,,status core.record_status NOT NULL DEFAULT 'active'
workforce,practitioner_roles,10,valid_from,timestamptz,no,now(),no,no,,valid_from timestamptz NOT NULL DEFAULT now()
workforce,practitioner_roles,11,valid_to,timestamptz,yes,,no,no,,valid_to timestamptz
workforce,practitioner_roles,12,source_kind,core.source_kind,no,'ehr',no,no,,source_kind core.source_kind NOT NULL DEFAULT 'ehr'
workforce,practitioner_roles,13,created_at,timestamptz,no,now(),no,no,,created_at timestamptz NOT NULL DEFAULT now()
workforce,licenses,1,id,uuid,no,gen_random_uuid(),yes,no,,id uuid PRIMARY KEY DEFAULT gen_random_uuid()
workforce,licenses,2,tenant_id,uuid,no,,no,no,core.tenants(id),tenant_id uuid NOT NULL REFERENCES core.tenants(id) ON DELETE CASCADE
workforce,licenses,3,practitioner_id,uuid,no,,no,no,workforce.practitioners(id),practitioner_id uuid NOT NULL REFERENCES workforce.practitioners(id) ON DELETE CASCADE
workforce,licenses,4,license_type,text,no,,no,no,,license_type text NOT NULL
workforce,licenses,5,issuing_authority,text,no,,no,no,,issuing_authority text NOT NULL
workforce,licenses,6,jurisdiction,text,no,,no,no,,jurisdiction text NOT NULL
workforce,licenses,7,license_number_encrypted,bytea,yes,,no,no,,license_number_encrypted bytea
workforce,licenses,8,license_number_hash,core.sha256_hex,no,,no,no,,license_number_hash core.sha256_hex NOT NULL
workforce,licenses,9,status,text,no,,no,no,,status text NOT NULL
workforce,licenses,10,issued_on,date,yes,,no,no,,issued_on date
workforce,licenses,11,expires_on,date,yes,,no,no,,expires_on date
workforce,licenses,12,verified_at,timestamptz,yes,,no,no,,verified_at timestamptz
workforce,licenses,13,verification_source,text,yes,,no,no,,verification_source text
workforce,licenses,14,restrictions,jsonb,no,'[]',no,no,,restrictions jsonb NOT NULL DEFAULT '[]'
workforce,licenses,15,created_at,timestamptz,no,now(),no,no,,created_at timestamptz NOT NULL DEFAULT now()
workforce,licenses,16,"UNIQUE(tenant_id,issuing_authority,jurisdiction,license_number_hash)",,yes,,no,yes,,"UNIQUE(tenant_id,issuing_authority,jurisdiction,license_number_hash)"
workforce,certifications,1,id,uuid,no,gen_random_uuid(),yes,no,,id uuid PRIMARY KEY DEFAULT gen_random_uuid()
workforce,certifications,2,tenant_id,uuid,no,,no,no,core.tenants(id),tenant_id uuid NOT NULL REFERENCES core.tenants(id) ON DELETE CASCADE
workforce,certifications,3,practitioner_id,uuid,no,,no,no,workforce.practitioners(id),practitioner_id uuid NOT NULL REFERENCES workforce.practitioners(id) ON DELETE CASCADE
workforce,certifications,4,certification_code,text,no,,no,no,,certification_code text NOT NULL
workforce,certifications,5,issuer,text,no,,no,no,,issuer text NOT NULL
workforce,certifications,6,credential_number_hash,core.sha256_hex,yes,,no,no,,credential_number_hash core.sha256_hex
workforce,certifications,7,issued_on,date,yes,,no,no,,issued_on date
workforce,certifications,8,expires_on,date,yes,,no,no,,expires_on date
workforce,certifications,9,status,text,no,,no,no,,status text NOT NULL
workforce,certifications,10,verified_at,timestamptz,yes,,no,no,,verified_at timestamptz
workforce,certifications,11,evidence_file_id,uuid,yes,,no,no,,evidence_file_id uuid
workforce,certifications,12,created_at,timestamptz,no,now(),no,no,,created_at timestamptz NOT NULL DEFAULT now()
workforce,competency_definitions,1,id,uuid,no,gen_random_uuid(),yes,no,,id uuid PRIMARY KEY DEFAULT gen_random_uuid()
workforce,competency_definitions,2,tenant_id,uuid,no,,no,no,core.tenants(id),tenant_id uuid NOT NULL REFERENCES core.tenants(id) ON DELETE CASCADE
workforce,competency_definitions,3,code,citext,no,,no,no,,code citext NOT NULL
workforce,competency_definitions,4,name,text,no,,no,no,,name text NOT NULL
workforce,competency_definitions,5,description,text,yes,,no,no,,description text
workforce,competency_definitions,6,proficiency_scale,jsonb,no,'{}',no,no,,proficiency_scale jsonb NOT NULL DEFAULT '{}'
workforce,competency_definitions,7,renewal_interval_days,integer,yes,,no,no,,renewal_interval_days integer CHECK(renewal_interval_days>0)
workforce,competency_definitions,8,status,core.record_status,no,'active',no,no,,status core.record_status NOT NULL DEFAULT 'active'
workforce,competency_definitions,9,"UNIQUE(tenant_id,code)",,yes,,no,yes,,"UNIQUE(tenant_id,code)"
workforce,practitioner_competencies,1,id,uuid,no,gen_random_uuid(),yes,no,,id uuid PRIMARY KEY DEFAULT gen_random_uuid()
workforce,practitioner_competencies,2,tenant_id,uuid,no,,no,no,core.tenants(id),tenant_id uuid NOT NULL REFERENCES core.tenants(id) ON DELETE CASCADE
workforce,practitioner_competencies,3,practitioner_id,uuid,no,,no,no,workforce.practitioners(id),practitioner_id uuid NOT NULL REFERENCES workforce.practitioners(id) ON DELETE CASCADE
workforce,practitioner_competencies,4,competency_definition_id,uuid,no,,no,no,workforce.competency_definitions(id),competency_definition_id uuid NOT NULL REFERENCES workforce.competency_definitions(id)
workforce,practitioner_competencies,5,proficiency_level,smallint,no,,no,no,,proficiency_level smallint NOT NULL CHECK(proficiency_level BETWEEN 1 AND 5)
workforce,practitioner_competencies,6,assessed_on,date,no,,no,no,,assessed_on date NOT NULL
workforce,practitioner_competencies,7,expires_on,date,yes,,no,no,,expires_on date
workforce,practitioner_competencies,8,assessor_practitioner_id,uuid,yes,,no,no,workforce.practitioners(id),assessor_practitioner_id uuid REFERENCES workforce.practitioners(id)
workforce,practitioner_competencies,9,evidence,jsonb,no,'{}',no,no,,evidence jsonb NOT NULL DEFAULT '{}'
workforce,practitioner_competencies,10,status,core.record_status,no,'active',no,no,,status core.record_status NOT NULL DEFAULT 'active'
workforce,practitioner_competencies,11,created_at,timestamptz,no,now(),no,no,,created_at timestamptz NOT NULL DEFAULT now()
workforce,practitioner_competencies,12,"UNIQUE(practitioner_id,competency_definition_id,assessed_on)",,yes,,no,yes,,"UNIQUE(practitioner_id,competency_definition_id,assessed_on)"
workforce,privilege_definitions,1,id,uuid,no,gen_random_uuid(),yes,no,,id uuid PRIMARY KEY DEFAULT gen_random_uuid()
workforce,privilege_definitions,2,tenant_id,uuid,no,,no,no,core.tenants(id),tenant_id uuid NOT NULL REFERENCES core.tenants(id) ON DELETE CASCADE
workforce,privilege_definitions,3,code,citext,no,,no,no,,code citext NOT NULL
workforce,privilege_definitions,4,name,text,no,,no,no,,name text NOT NULL
workforce,privilege_definitions,5,procedure_or_service_code,text,yes,,no,no,,procedure_or_service_code text
workforce,privilege_definitions,6,facility_scope_required,boolean,no,true,no,no,,facility_scope_required boolean NOT NULL DEFAULT true
workforce,privilege_definitions,7,status,core.record_status,no,'active',no,no,,status core.record_status NOT NULL DEFAULT 'active'
workforce,privilege_definitions,8,"UNIQUE(tenant_id,code)",,yes,,no,yes,,"UNIQUE(tenant_id,code)"
workforce,practitioner_privileges,1,id,uuid,no,gen_random_uuid(),yes,no,,id uuid PRIMARY KEY DEFAULT gen_random_uuid()
workforce,practitioner_privileges,2,tenant_id,uuid,no,,no,no,core.tenants(id),tenant_id uuid NOT NULL REFERENCES core.tenants(id) ON DELETE CASCADE
workforce,practitioner_privileges,3,practitioner_id,uuid,no,,no,no,workforce.practitioners(id),practitioner_id uuid NOT NULL REFERENCES workforce.practitioners(id) ON DELETE CASCADE
workforce,practitioner_privileges,4,privilege_definition_id,uuid,no,,no,no,workforce.privilege_definitions(id),privilege_definition_id uuid NOT NULL REFERENCES workforce.privilege_definitions(id)
workforce,practitioner_privileges,5,facility_id,uuid,yes,,no,no,core.facilities(id),facility_id uuid REFERENCES core.facilities(id)
workforce,practitioner_privileges,6,department_id,uuid,yes,,no,no,core.departments(id),department_id uuid REFERENCES core.departments(id)
workforce,practitioner_privileges,7,status,text,no,,no,no,,status text NOT NULL
workforce,practitioner_privileges,8,valid_from,timestamptz,no,,no,no,,valid_from timestamptz NOT NULL
workforce,practitioner_privileges,9,valid_to,timestamptz,yes,,no,no,,valid_to timestamptz
workforce,practitioner_privileges,10,granted_by,uuid,yes,,no,no,workforce.practitioners(id),granted_by uuid REFERENCES workforce.practitioners(id)
workforce,practitioner_privileges,11,restrictions,jsonb,no,'[]',no,no,,restrictions jsonb NOT NULL DEFAULT '[]'
workforce,practitioner_privileges,12,created_at,timestamptz,no,now(),no,no,,created_at timestamptz NOT NULL DEFAULT now()
workforce,practitioner_privileges,13,CHECK(valid_to,IS,yes,,no,no,,CHECK(valid_to IS NULL OR valid_to>valid_from)
workforce,practitioner_restrictions,1,id,uuid,no,gen_random_uuid(),yes,no,,id uuid PRIMARY KEY DEFAULT gen_random_uuid()
workforce,practitioner_restrictions,2,tenant_id,uuid,no,,no,no,core.tenants(id),tenant_id uuid NOT NULL REFERENCES core.tenants(id) ON DELETE CASCADE
workforce,practitioner_restrictions,3,practitioner_id,uuid,no,,no,no,workforce.practitioners(id),practitioner_id uuid NOT NULL REFERENCES workforce.practitioners(id) ON DELETE CASCADE
workforce,practitioner_restrictions,4,restriction_type,text,no,,no,no,,restriction_type text NOT NULL
workforce,practitioner_restrictions,5,severity,core.severity_level,no,,no,no,,severity core.severity_level NOT NULL
workforce,practitioner_restrictions,6,details_encrypted,bytea,yes,,no,no,,details_encrypted bytea
workforce,practitioner_restrictions,7,valid_from,timestamptz,no,,no,no,,valid_from timestamptz NOT NULL
workforce,practitioner_restrictions,8,valid_to,timestamptz,yes,,no,no,,valid_to timestamptz
workforce,practitioner_restrictions,9,imposed_by,text,yes,,no,no,,imposed_by text
workforce,practitioner_restrictions,10,source_reference,text,yes,,no,no,,source_reference text
workforce,practitioner_restrictions,11,status,core.record_status,no,'active',no,no,,status core.record_status NOT NULL DEFAULT 'active'
workforce,practitioner_restrictions,12,created_at,timestamptz,no,now(),no,no,,created_at timestamptz NOT NULL DEFAULT now()
workforce,availability_windows,1,id,uuid,no,gen_random_uuid(),yes,no,,id uuid PRIMARY KEY DEFAULT gen_random_uuid()
workforce,availability_windows,2,tenant_id,uuid,no,,no,no,core.tenants(id),tenant_id uuid NOT NULL REFERENCES core.tenants(id) ON DELETE CASCADE
workforce,availability_windows,3,practitioner_id,uuid,no,,no,no,workforce.practitioners(id),practitioner_id uuid NOT NULL REFERENCES workforce.practitioners(id) ON DELETE CASCADE
workforce,availability_windows,4,facility_id,uuid,yes,,no,no,core.facilities(id),facility_id uuid REFERENCES core.facilities(id)
workforce,availability_windows,5,starts_at,timestamptz,no,,no,no,,starts_at timestamptz NOT NULL
workforce,availability_windows,6,ends_at,timestamptz,no,,no,no,,ends_at timestamptz NOT NULL
workforce,availability_windows,7,availability_type,text,no,,no,no,,"availability_type text NOT NULL CHECK(availability_type IN('available','preferred','unavailable','on_call'))"
workforce,availability_windows,8,source_kind,core.source_kind,no,'manual',no,no,,source_kind core.source_kind NOT NULL DEFAULT 'manual'
workforce,availability_windows,9,notes,text,yes,,no,no,,notes text
workforce,availability_windows,10,created_at,timestamptz,no,now(),no,no,,created_at timestamptz NOT NULL DEFAULT now()
workforce,availability_windows,11,CHECK(ends_at>starts_at),,yes,,no,no,,CHECK(ends_at>starts_at)
workforce,leave_periods,1,id,uuid,no,gen_random_uuid(),yes,no,,id uuid PRIMARY KEY DEFAULT gen_random_uuid()
workforce,leave_periods,2,tenant_id,uuid,no,,no,no,core.tenants(id),tenant_id uuid NOT NULL REFERENCES core.tenants(id) ON DELETE CASCADE
workforce,leave_periods,3,practitioner_id,uuid,no,,no,no,workforce.practitioners(id),practitioner_id uuid NOT NULL REFERENCES workforce.practitioners(id) ON DELETE CASCADE
workforce,leave_periods,4,leave_type,text,no,,no,no,,leave_type text NOT NULL
workforce,leave_periods,5,starts_at,timestamptz,no,,no,no,,starts_at timestamptz NOT NULL
workforce,leave_periods,6,ends_at,timestamptz,no,,no,no,,ends_at timestamptz NOT NULL
workforce,leave_periods,7,status,core.approval_status,no,'approved',no,no,,status core.approval_status NOT NULL DEFAULT 'approved'
workforce,leave_periods,8,details_encrypted,bytea,yes,,no,no,,details_encrypted bytea
workforce,leave_periods,9,created_at,timestamptz,no,now(),no,no,,created_at timestamptz NOT NULL DEFAULT now()
workforce,leave_periods,10,CHECK(ends_at>starts_at),,yes,,no,no,,CHECK(ends_at>starts_at)
workforce,shifts,1,id,uuid,no,gen_random_uuid(),yes,no,,id uuid PRIMARY KEY DEFAULT gen_random_uuid()
workforce,shifts,2,tenant_id,uuid,no,,no,no,core.tenants(id),tenant_id uuid NOT NULL REFERENCES core.tenants(id) ON DELETE CASCADE
workforce,shifts,3,facility_id,uuid,no,,no,no,core.facilities(id),facility_id uuid NOT NULL REFERENCES core.facilities(id)
workforce,shifts,4,department_id,uuid,yes,,no,no,core.departments(id),department_id uuid REFERENCES core.departments(id)
workforce,shifts,5,role_definition_id,uuid,no,,no,no,workforce.role_definitions(id),role_definition_id uuid NOT NULL REFERENCES workforce.role_definitions(id)
workforce,shifts,6,starts_at,timestamptz,no,,no,no,,starts_at timestamptz NOT NULL
workforce,shifts,7,ends_at,timestamptz,no,,no,no,,ends_at timestamptz NOT NULL
workforce,shifts,8,minimum_headcount,integer,no,1,no,no,,minimum_headcount integer NOT NULL DEFAULT 1 CHECK(minimum_headcount>=0)
workforce,shifts,9,target_headcount,integer,no,1,no,no,,target_headcount integer NOT NULL DEFAULT 1
workforce,shifts,10,maximum_headcount,integer,yes,,no,no,,maximum_headcount integer
workforce,shifts,11,surge_shift,boolean,no,false,no,no,,surge_shift boolean NOT NULL DEFAULT false
workforce,shifts,12,status,core.record_status,no,'active',no,no,,status core.record_status NOT NULL DEFAULT 'active'
workforce,shifts,13,source_reference,text,yes,,no,no,,source_reference text
workforce,shifts,14,created_at,timestamptz,no,now(),no,no,,created_at timestamptz NOT NULL DEFAULT now()
workforce,shifts,15,updated_at,timestamptz,no,now(),no,no,,updated_at timestamptz NOT NULL DEFAULT now()
workforce,shifts,16,row_version,bigint,no,1,no,no,,row_version bigint NOT NULL DEFAULT 1
workforce,shifts,17,CHECK(ends_at>starts_at),,yes,,no,no,,CHECK(ends_at>starts_at)
workforce,shifts,18,CHECK(target_headcount>=minimum_headcount),,yes,,no,no,,CHECK(target_headcount>=minimum_headcount)
workforce,shifts,19,CHECK(maximum_headcount,IS,yes,,no,no,,CHECK(maximum_headcount IS NULL OR maximum_headcount>=target_headcount)
workforce,shift_requirements,1,id,uuid,no,gen_random_uuid(),yes,no,,id uuid PRIMARY KEY DEFAULT gen_random_uuid()
workforce,shift_requirements,2,tenant_id,uuid,no,,no,no,core.tenants(id),tenant_id uuid NOT NULL REFERENCES core.tenants(id) ON DELETE CASCADE
workforce,shift_requirements,3,shift_id,uuid,no,,no,no,workforce.shifts(id),shift_id uuid NOT NULL REFERENCES workforce.shifts(id) ON DELETE CASCADE
workforce,shift_requirements,4,requirement_type,text,no,,no,no,,requirement_type text NOT NULL
workforce,shift_requirements,5,requirement_code,text,no,,no,no,,requirement_code text NOT NULL
workforce,shift_requirements,6,minimum_count,integer,no,1,no,no,,minimum_count integer NOT NULL DEFAULT 1 CHECK(minimum_count>=1)
workforce,shift_requirements,7,minimum_proficiency,smallint,yes,,no,no,,minimum_proficiency smallint CHECK(minimum_proficiency BETWEEN 1 AND 5)
workforce,shift_requirements,8,hard_requirement,boolean,no,true,no,no,,hard_requirement boolean NOT NULL DEFAULT true
workforce,shift_requirements,9,"UNIQUE(shift_id,requirement_type,requirement_code)",,yes,,no,yes,,"UNIQUE(shift_id,requirement_type,requirement_code)"
workforce,shift_assignments,1,id,uuid,no,gen_random_uuid(),yes,no,,id uuid PRIMARY KEY DEFAULT gen_random_uuid()
workforce,shift_assignments,2,tenant_id,uuid,no,,no,no,core.tenants(id),tenant_id uuid NOT NULL REFERENCES core.tenants(id) ON DELETE CASCADE
workforce,shift_assignments,3,shift_id,uuid,no,,no,no,workforce.shifts(id),shift_id uuid NOT NULL REFERENCES workforce.shifts(id) ON DELETE CASCADE
workforce,shift_assignments,4,practitioner_id,uuid,no,,no,no,workforce.practitioners(id),practitioner_id uuid NOT NULL REFERENCES workforce.practitioners(id)
workforce,shift_assignments,5,assignment_role_id,uuid,yes,,no,no,workforce.role_definitions(id),assignment_role_id uuid REFERENCES workforce.role_definitions(id)
workforce,shift_assignments,6,status,core.shift_status,no,'planned',no,no,,status core.shift_status NOT NULL DEFAULT 'planned'
workforce,shift_assignments,7,assigned_by,uuid,yes,,no,no,iam.users(id),assigned_by uuid REFERENCES iam.users(id)
workforce,shift_assignments,8,assignment_source,text,no,'manual',no,no,,assignment_source text NOT NULL DEFAULT 'manual'
workforce,shift_assignments,9,offered_at,timestamptz,yes,,no,no,,offered_at timestamptz
workforce,shift_assignments,10,responded_at,timestamptz,yes,,no,no,,responded_at timestamptz
workforce,shift_assignments,11,checked_in_at,timestamptz,yes,,no,no,,checked_in_at timestamptz
workforce,shift_assignments,12,checked_out_at,timestamptz,yes,,no,no,,checked_out_at timestamptz
workforce,shift_assignments,13,overtime_minutes,integer,no,0,no,no,,overtime_minutes integer NOT NULL DEFAULT 0 CHECK(overtime_minutes>=0)
workforce,shift_assignments,14,waiver_id,uuid,yes,,no,no,,waiver_id uuid
workforce,shift_assignments,15,created_at,timestamptz,no,now(),no,no,,created_at timestamptz NOT NULL DEFAULT now()
workforce,shift_assignments,16,"UNIQUE(shift_id,practitioner_id)",,yes,,no,yes,,"UNIQUE(shift_id,practitioner_id)"
workforce,fatigue_events,1,id,uuid,no,gen_random_uuid(),yes,no,,id uuid PRIMARY KEY DEFAULT gen_random_uuid()
workforce,fatigue_events,2,tenant_id,uuid,no,,no,no,core.tenants(id),tenant_id uuid NOT NULL REFERENCES core.tenants(id) ON DELETE CASCADE
workforce,fatigue_events,3,practitioner_id,uuid,no,,no,no,workforce.practitioners(id),practitioner_id uuid NOT NULL REFERENCES workforce.practitioners(id) ON DELETE CASCADE
workforce,fatigue_events,4,observed_at,timestamptz,no,,no,no,,observed_at timestamptz NOT NULL
workforce,fatigue_events,5,consecutive_work_minutes,integer,yes,,no,no,,consecutive_work_minutes integer CHECK(consecutive_work_minutes>=0)
workforce,fatigue_events,6,rolling_24h_work_minutes,integer,yes,,no,no,,rolling_24h_work_minutes integer CHECK(rolling_24h_work_minutes>=0)
workforce,fatigue_events,7,rolling_7d_work_minutes,integer,yes,,no,no,,rolling_7d_work_minutes integer CHECK(rolling_7d_work_minutes>=0)
workforce,fatigue_events,8,rest_minutes_since_last_shift,integer,yes,,no,no,,rest_minutes_since_last_shift integer CHECK(rest_minutes_since_last_shift>=0)
workforce,fatigue_events,9,risk_level,core.severity_level,no,,no,no,,risk_level core.severity_level NOT NULL
workforce,fatigue_events,10,calculation_details,jsonb,no,,no,no,,calculation_details jsonb NOT NULL
workforce,fatigue_events,11,source_kind,core.source_kind,no,'derived',no,no,,source_kind core.source_kind NOT NULL DEFAULT 'derived'
workforce,fatigue_events,12,created_at,timestamptz,no,now(),no,no,,created_at timestamptz NOT NULL DEFAULT now()
workforce,staffing_pools,1,id,uuid,no,gen_random_uuid(),yes,no,,id uuid PRIMARY KEY DEFAULT gen_random_uuid()
workforce,staffing_pools,2,tenant_id,uuid,no,,no,no,core.tenants(id),tenant_id uuid NOT NULL REFERENCES core.tenants(id) ON DELETE CASCADE
workforce,staffing_pools,3,facility_id,uuid,yes,,no,no,core.facilities(id),facility_id uuid REFERENCES core.facilities(id)
workforce,staffing_pools,4,name,text,no,,no,no,,name text NOT NULL
workforce,staffing_pools,5,pool_type,text,no,,no,no,,pool_type text NOT NULL
workforce,staffing_pools,6,activation_lead_minutes,integer,yes,,no,no,,activation_lead_minutes integer CHECK(activation_lead_minutes>=0)
workforce,staffing_pools,7,status,core.record_status,no,'active',no,no,,status core.record_status NOT NULL DEFAULT 'active'
workforce,staffing_pools,8,rules,jsonb,no,'{}',no,no,,rules jsonb NOT NULL DEFAULT '{}'
workforce,staffing_pool_memberships,1,staffing_pool_id,uuid,no,,no,no,workforce.staffing_pools(id),staffing_pool_id uuid NOT NULL REFERENCES workforce.staffing_pools(id) ON DELETE CASCADE
workforce,staffing_pool_memberships,2,practitioner_id,uuid,no,,no,no,workforce.practitioners(id),practitioner_id uuid NOT NULL REFERENCES workforce.practitioners(id) ON DELETE CASCADE
workforce,staffing_pool_memberships,3,priority,integer,no,100,no,no,,priority integer NOT NULL DEFAULT 100
workforce,staffing_pool_memberships,4,valid_from,timestamptz,no,now(),no,no,,valid_from timestamptz NOT NULL DEFAULT now()
workforce,staffing_pool_memberships,5,valid_to,timestamptz,yes,,no,no,,valid_to timestamptz
workforce,agency_contracts,1,id,uuid,no,gen_random_uuid(),yes,no,,id uuid PRIMARY KEY DEFAULT gen_random_uuid()
workforce,agency_contracts,2,tenant_id,uuid,no,,no,no,core.tenants(id),tenant_id uuid NOT NULL REFERENCES core.tenants(id) ON DELETE CASCADE
workforce,agency_contracts,3,vendor_organization_id,uuid,no,,no,no,core.organizations(id),vendor_organization_id uuid NOT NULL REFERENCES core.organizations(id)
workforce,agency_contracts,4,facility_id,uuid,yes,,no,no,core.facilities(id),facility_id uuid REFERENCES core.facilities(id)
workforce,agency_contracts,5,contract_reference,text,yes,,no,no,,contract_reference text
workforce,agency_contracts,6,starts_on,date,no,,no,no,,starts_on date NOT NULL
workforce,agency_contracts,7,ends_on,date,yes,,no,no,,ends_on date
workforce,agency_contracts,8,role_rates,jsonb,no,'{}',no,no,,role_rates jsonb NOT NULL DEFAULT '{}'
workforce,agency_contracts,9,credential_requirements,jsonb,no,'{}',no,no,,credential_requirements jsonb NOT NULL DEFAULT '{}'
workforce,agency_contracts,10,response_sla_minutes,integer,yes,,no,no,,response_sla_minutes integer
workforce,agency_contracts,11,status,core.record_status,no,'active',no,no,,status core.record_status NOT NULL DEFAULT 'active'
workforce,agency_contracts,12,CHECK(ends_on,IS,yes,,no,no,,CHECK(ends_on IS NULL OR ends_on>=starts_on)
workforce,on_call_rosters,1,id,uuid,no,gen_random_uuid(),yes,no,,id uuid PRIMARY KEY DEFAULT gen_random_uuid()
workforce,on_call_rosters,2,tenant_id,uuid,no,,no,no,core.tenants(id),tenant_id uuid NOT NULL REFERENCES core.tenants(id) ON DELETE CASCADE
workforce,on_call_rosters,3,facility_id,uuid,no,,no,no,core.facilities(id),facility_id uuid NOT NULL REFERENCES core.facilities(id)
workforce,on_call_rosters,4,department_id,uuid,yes,,no,no,core.departments(id),department_id uuid REFERENCES core.departments(id)
workforce,on_call_rosters,5,role_definition_id,uuid,no,,no,no,workforce.role_definitions(id),role_definition_id uuid NOT NULL REFERENCES workforce.role_definitions(id)
workforce,on_call_rosters,6,starts_at,timestamptz,no,,no,no,,starts_at timestamptz NOT NULL
workforce,on_call_rosters,7,ends_at,timestamptz,no,,no,no,,ends_at timestamptz NOT NULL
workforce,on_call_rosters,8,primary_practitioner_id,uuid,yes,,no,no,workforce.practitioners(id),primary_practitioner_id uuid REFERENCES workforce.practitioners(id)
workforce,on_call_rosters,9,backup_practitioner_id,uuid,yes,,no,no,workforce.practitioners(id),backup_practitioner_id uuid REFERENCES workforce.practitioners(id)
workforce,on_call_rosters,10,escalation_minutes,integer,no,10,no,no,,escalation_minutes integer NOT NULL DEFAULT 10 CHECK(escalation_minutes>0)
workforce,on_call_rosters,11,created_at,timestamptz,no,now(),no,no,,created_at timestamptz NOT NULL DEFAULT now()
workforce,on_call_rosters,12,CHECK(ends_at>starts_at),,yes,,no,no,,CHECK(ends_at>starts_at)
capacity,locations,1,id,uuid,no,gen_random_uuid(),yes,no,,id uuid PRIMARY KEY DEFAULT gen_random_uuid()
capacity,locations,2,tenant_id,uuid,no,,no,no,core.tenants(id),tenant_id uuid NOT NULL REFERENCES core.tenants(id) ON DELETE CASCADE
capacity,locations,3,facility_id,uuid,no,,no,no,core.facilities(id),facility_id uuid NOT NULL REFERENCES core.facilities(id)
capacity,locations,4,parent_location_id,uuid,yes,,no,no,capacity.locations(id),parent_location_id uuid REFERENCES capacity.locations(id)
capacity,locations,5,department_id,uuid,yes,,no,no,core.departments(id),department_id uuid REFERENCES core.departments(id)
capacity,locations,6,location_code,citext,no,,no,no,,location_code citext NOT NULL
capacity,locations,7,name,text,no,,no,no,,name text NOT NULL
capacity,locations,8,location_type,text,no,,no,no,,location_type text NOT NULL
capacity,locations,9,physical_type,text,yes,,no,no,,physical_type text
capacity,locations,10,status,core.record_status,no,'active',no,no,,status core.record_status NOT NULL DEFAULT 'active'
capacity,locations,11,operational_status,text,yes,,no,no,,operational_status text
capacity,locations,12,floor_label,text,yes,,no,no,,floor_label text
capacity,locations,13,zone_label,text,yes,,no,no,,zone_label text
capacity,locations,14,fire_compartment,text,yes,,no,no,,fire_compartment text
capacity,locations,15,negative_pressure_capable,boolean,no,false,no,no,,negative_pressure_capable boolean NOT NULL DEFAULT false
capacity,locations,16,oxygen_available,boolean,no,false,no,no,,oxygen_available boolean NOT NULL DEFAULT false
capacity,locations,17,suction_available,boolean,no,false,no,no,,suction_available boolean NOT NULL DEFAULT false
capacity,locations,18,telemetry_available,boolean,no,false,no,no,,telemetry_available boolean NOT NULL DEFAULT false
capacity,locations,19,bariatric_capable,boolean,no,false,no,no,,bariatric_capable boolean NOT NULL DEFAULT false
capacity,locations,20,pediatric_capable,boolean,no,false,no,no,,pediatric_capable boolean NOT NULL DEFAULT false
capacity,locations,21,accessibility_attributes,jsonb,no,'{}',no,no,,accessibility_attributes jsonb NOT NULL DEFAULT '{}'
capacity,locations,22,geo,jsonb,no,'{}',no,no,,geo jsonb NOT NULL DEFAULT '{}'
capacity,locations,23,source_kind,core.source_kind,no,'ehr',no,no,,source_kind core.source_kind NOT NULL DEFAULT 'ehr'
capacity,locations,24,created_at,timestamptz,no,now(),no,no,,created_at timestamptz NOT NULL DEFAULT now()
capacity,locations,25,updated_at,timestamptz,no,now(),no,no,,updated_at timestamptz NOT NULL DEFAULT now()
capacity,locations,26,row_version,bigint,no,1,no,no,,row_version bigint NOT NULL DEFAULT 1
capacity,locations,27,"UNIQUE(tenant_id,facility_id,location_code)",,yes,,no,yes,,"UNIQUE(tenant_id,facility_id,location_code)"
capacity,locations,28,"UNIQUE(tenant_id,id)",,yes,,no,yes,,"UNIQUE(tenant_id,id)"
capacity,location_capabilities,1,id,uuid,no,gen_random_uuid(),yes,no,,id uuid PRIMARY KEY DEFAULT gen_random_uuid()
capacity,location_capabilities,2,tenant_id,uuid,no,,no,no,core.tenants(id),tenant_id uuid NOT NULL REFERENCES core.tenants(id) ON DELETE CASCADE
capacity,location_capabilities,3,location_id,uuid,no,,no,no,capacity.locations(id),location_id uuid NOT NULL REFERENCES capacity.locations(id) ON DELETE CASCADE
capacity,location_capabilities,4,capability_code,text,no,,no,no,,capability_code text NOT NULL
capacity,location_capabilities,5,capability_value,jsonb,no,'{}',no,no,,capability_value jsonb NOT NULL DEFAULT '{}'
capacity,location_capabilities,6,valid_from,timestamptz,no,now(),no,no,,valid_from timestamptz NOT NULL DEFAULT now()
capacity,location_capabilities,7,valid_to,timestamptz,yes,,no,no,,valid_to timestamptz
capacity,location_capabilities,8,verified_at,timestamptz,yes,,no,no,,verified_at timestamptz
capacity,location_capabilities,9,source_kind,core.source_kind,no,'manual',no,no,,source_kind core.source_kind NOT NULL DEFAULT 'manual'
capacity,location_capabilities,10,"UNIQUE(location_id,capability_code,valid_from)",,yes,,no,yes,,"UNIQUE(location_id,capability_code,valid_from)"
capacity,beds,1,id,uuid,no,gen_random_uuid(),yes,no,,id uuid PRIMARY KEY DEFAULT gen_random_uuid()
capacity,beds,2,tenant_id,uuid,no,,no,no,core.tenants(id),tenant_id uuid NOT NULL REFERENCES core.tenants(id) ON DELETE CASCADE
capacity,beds,3,location_id,uuid,no,,no,no,capacity.locations(id),location_id uuid NOT NULL REFERENCES capacity.locations(id)
capacity,beds,4,bed_code,citext,no,,no,no,,bed_code citext NOT NULL
capacity,beds,5,bed_type,text,no,,no,no,,bed_type text NOT NULL
capacity,beds,6,licensed,boolean,no,true,no,no,,licensed boolean NOT NULL DEFAULT true
capacity,beds,7,staffed_by_default,boolean,no,true,no,no,,staffed_by_default boolean NOT NULL DEFAULT true
capacity,beds,8,state,core.bed_state,no,'unknown',no,no,,state core.bed_state NOT NULL DEFAULT 'unknown'
capacity,beds,9,gender_restriction,text,yes,,no,no,,gender_restriction text
capacity,beds,10,weight_limit_kg,"numeric(8,2)",yes,,no,no,,"weight_limit_kg numeric(8,2)"
capacity,beds,11,infection_use_restrictions,jsonb,no,'[]',no,no,,infection_use_restrictions jsonb NOT NULL DEFAULT '[]'
capacity,beds,12,status,core.record_status,no,'active',no,no,,status core.record_status NOT NULL DEFAULT 'active'
capacity,beds,13,source_kind,core.source_kind,no,'ehr',no,no,,source_kind core.source_kind NOT NULL DEFAULT 'ehr'
capacity,beds,14,created_at,timestamptz,no,now(),no,no,,created_at timestamptz NOT NULL DEFAULT now()
capacity,beds,15,updated_at,timestamptz,no,now(),no,no,,updated_at timestamptz NOT NULL DEFAULT now()
capacity,beds,16,row_version,bigint,no,1,no,no,,row_version bigint NOT NULL DEFAULT 1
capacity,beds,17,"UNIQUE(tenant_id,location_id,bed_code)",,yes,,no,yes,,"UNIQUE(tenant_id,location_id,bed_code)"
capacity,beds,18,"UNIQUE(tenant_id,id)",,yes,,no,yes,,"UNIQUE(tenant_id,id)"
capacity,bed_capabilities,1,id,uuid,no,gen_random_uuid(),yes,no,,id uuid PRIMARY KEY DEFAULT gen_random_uuid()
capacity,bed_capabilities,2,tenant_id,uuid,no,,no,no,core.tenants(id),tenant_id uuid NOT NULL REFERENCES core.tenants(id) ON DELETE CASCADE
capacity,bed_capabilities,3,bed_id,uuid,no,,no,no,capacity.beds(id),bed_id uuid NOT NULL REFERENCES capacity.beds(id) ON DELETE CASCADE
capacity,bed_capabilities,4,capability_code,text,no,,no,no,,capability_code text NOT NULL
capacity,bed_capabilities,5,capability_value,jsonb,no,'{}',no,no,,capability_value jsonb NOT NULL DEFAULT '{}'
capacity,bed_capabilities,6,valid_from,timestamptz,no,now(),no,no,,valid_from timestamptz NOT NULL DEFAULT now()
capacity,bed_capabilities,7,valid_to,timestamptz,yes,,no,no,,valid_to timestamptz
capacity,bed_capabilities,8,"UNIQUE(bed_id,capability_code,valid_from)",,yes,,no,yes,,"UNIQUE(bed_id,capability_code,valid_from)"
capacity,capacity_profiles,1,id,uuid,no,gen_random_uuid(),yes,no,,id uuid PRIMARY KEY DEFAULT gen_random_uuid()
capacity,capacity_profiles,2,tenant_id,uuid,no,,no,no,core.tenants(id),tenant_id uuid NOT NULL REFERENCES core.tenants(id) ON DELETE CASCADE
capacity,capacity_profiles,3,facility_id,uuid,no,,no,no,core.facilities(id),facility_id uuid NOT NULL REFERENCES core.facilities(id)
capacity,capacity_profiles,4,location_id,uuid,yes,,no,no,capacity.locations(id),location_id uuid REFERENCES capacity.locations(id)
capacity,capacity_profiles,5,name,text,no,,no,no,,name text NOT NULL
capacity,capacity_profiles,6,care_level,text,no,,no,no,,care_level text NOT NULL
capacity,capacity_profiles,7,normal_capacity,integer,no,,no,no,,normal_capacity integer NOT NULL CHECK(normal_capacity>=0)
capacity,capacity_profiles,8,contingency_capacity,integer,no,,no,no,,contingency_capacity integer NOT NULL
capacity,capacity_profiles,9,crisis_capacity,integer,no,,no,no,,crisis_capacity integer NOT NULL
capacity,capacity_profiles,10,minimum_staffing_ratio,"numeric(10,4)",yes,,no,no,,"minimum_staffing_ratio numeric(10,4)"
capacity,capacity_profiles,11,maximum_occupancy_percentage,core.percentage,yes,,no,no,,maximum_occupancy_percentage core.percentage
capacity,capacity_profiles,12,status,core.record_status,no,'active',no,no,,status core.record_status NOT NULL DEFAULT 'active'
capacity,capacity_profiles,13,valid_from,timestamptz,no,now(),no,no,,valid_from timestamptz NOT NULL DEFAULT now()
capacity,capacity_profiles,14,valid_to,timestamptz,yes,,no,no,,valid_to timestamptz
capacity,capacity_profiles,15,assumptions,jsonb,no,'{}',no,no,,assumptions jsonb NOT NULL DEFAULT '{}'
capacity,capacity_profiles,16,CHECK(contingency_capacity>=normal_capacity),,yes,,no,no,,CHECK(contingency_capacity>=normal_capacity)
capacity,capacity_profiles,17,CHECK(crisis_capacity>=contingency_capacity),,yes,,no,no,,CHECK(crisis_capacity>=contingency_capacity)
capacity,capacity_windows,1,id,uuid,no,gen_random_uuid(),yes,no,,id uuid PRIMARY KEY DEFAULT gen_random_uuid()
capacity,capacity_windows,2,tenant_id,uuid,no,,no,no,core.tenants(id),tenant_id uuid NOT NULL REFERENCES core.tenants(id) ON DELETE CASCADE
capacity,capacity_windows,3,capacity_profile_id,uuid,no,,no,no,capacity.capacity_profiles(id),capacity_profile_id uuid NOT NULL REFERENCES capacity.capacity_profiles(id) ON DELETE CASCADE
capacity,capacity_windows,4,starts_at,timestamptz,no,,no,no,,starts_at timestamptz NOT NULL
capacity,capacity_windows,5,ends_at,timestamptz,no,,no,no,,ends_at timestamptz NOT NULL
capacity,capacity_windows,6,licensed_capacity,integer,yes,,no,no,,licensed_capacity integer CHECK(licensed_capacity>=0)
capacity,capacity_windows,7,staffed_capacity,integer,yes,,no,no,,staffed_capacity integer CHECK(staffed_capacity>=0)
capacity,capacity_windows,8,operational_capacity,integer,yes,,no,no,,operational_capacity integer CHECK(operational_capacity>=0)
capacity,capacity_windows,9,reserved_capacity,integer,no,0,no,no,,reserved_capacity integer NOT NULL DEFAULT 0 CHECK(reserved_capacity>=0)
capacity,capacity_windows,10,unavailable_capacity,integer,no,0,no,no,,unavailable_capacity integer NOT NULL DEFAULT 0 CHECK(unavailable_capacity>=0)
capacity,capacity_windows,11,reason,text,yes,,no,no,,reason text
capacity,capacity_windows,12,source_kind,core.source_kind,no,'derived',no,no,,source_kind core.source_kind NOT NULL DEFAULT 'derived'
capacity,capacity_windows,13,created_at,timestamptz,no,now(),no,no,,created_at timestamptz NOT NULL DEFAULT now()
capacity,capacity_windows,14,CHECK(ends_at>starts_at),,yes,,no,no,,CHECK(ends_at>starts_at)
capacity,bed_status_events,1,id,uuid,no,gen_random_uuid(),yes,no,,id uuid PRIMARY KEY DEFAULT gen_random_uuid()
capacity,bed_status_events,2,tenant_id,uuid,no,,no,no,core.tenants(id),tenant_id uuid NOT NULL REFERENCES core.tenants(id) ON DELETE CASCADE
capacity,bed_status_events,3,bed_id,uuid,no,,no,no,capacity.beds(id),bed_id uuid NOT NULL REFERENCES capacity.beds(id) ON DELETE CASCADE
capacity,bed_status_events,4,prior_state,core.bed_state,yes,,no,no,,prior_state core.bed_state
capacity,bed_status_events,5,new_state,core.bed_state,no,,no,no,,new_state core.bed_state NOT NULL
capacity,bed_status_events,6,reason_code,text,yes,,no,no,,reason_code text
capacity,bed_status_events,7,occurred_at,timestamptz,no,,no,no,,occurred_at timestamptz NOT NULL
capacity,bed_status_events,8,source_kind,core.source_kind,no,'ehr',no,no,,source_kind core.source_kind NOT NULL DEFAULT 'ehr'
capacity,bed_status_events,9,source_reference,text,yes,,no,no,,source_reference text
capacity,bed_status_events,10,actor_id,uuid,yes,,no,no,,actor_id uuid
capacity,bed_status_events,11,details,jsonb,no,'{}',no,no,,details jsonb NOT NULL DEFAULT '{}'
capacity,bed_status_events,12,created_at,timestamptz,no,now(),no,no,,created_at timestamptz NOT NULL DEFAULT now()
capacity,bed_assignments,1,id,uuid,no,gen_random_uuid(),yes,no,,id uuid PRIMARY KEY DEFAULT gen_random_uuid()
capacity,bed_assignments,2,tenant_id,uuid,no,,no,no,core.tenants(id),tenant_id uuid NOT NULL REFERENCES core.tenants(id) ON DELETE CASCADE
capacity,bed_assignments,3,bed_id,uuid,no,,no,no,capacity.beds(id),bed_id uuid NOT NULL REFERENCES capacity.beds(id)
capacity,bed_assignments,4,patient_id,uuid,no,,no,no,,patient_id uuid NOT NULL
capacity,bed_assignments,5,encounter_id,uuid,yes,,no,no,,encounter_id uuid
capacity,bed_assignments,6,starts_at,timestamptz,no,,no,no,,starts_at timestamptz NOT NULL
capacity,bed_assignments,7,ends_at,timestamptz,yes,,no,no,,ends_at timestamptz
capacity,bed_assignments,8,assignment_type,text,no,'occupancy',no,no,,assignment_type text NOT NULL DEFAULT 'occupancy'
capacity,bed_assignments,9,source_kind,core.source_kind,no,'ehr',no,no,,source_kind core.source_kind NOT NULL DEFAULT 'ehr'
capacity,bed_assignments,10,source_reference,text,yes,,no,no,,source_reference text
capacity,bed_assignments,11,created_at,timestamptz,no,now(),no,no,,created_at timestamptz NOT NULL DEFAULT now()
capacity,bed_holds,1,id,uuid,no,gen_random_uuid(),yes,no,,id uuid PRIMARY KEY DEFAULT gen_random_uuid()
capacity,bed_holds,2,tenant_id,uuid,no,,no,no,core.tenants(id),tenant_id uuid NOT NULL REFERENCES core.tenants(id) ON DELETE CASCADE
capacity,bed_holds,3,bed_id,uuid,no,,no,no,capacity.beds(id),bed_id uuid NOT NULL REFERENCES capacity.beds(id)
capacity,bed_holds,4,hold_type,text,no,,no,no,,hold_type text NOT NULL
capacity,bed_holds,5,patient_id,uuid,yes,,no,no,,patient_id uuid
capacity,bed_holds,6,encounter_id,uuid,yes,,no,no,,encounter_id uuid
capacity,bed_holds,7,starts_at,timestamptz,no,,no,no,,starts_at timestamptz NOT NULL
capacity,bed_holds,8,expires_at,timestamptz,no,,no,no,,expires_at timestamptz NOT NULL
capacity,bed_holds,9,released_at,timestamptz,yes,,no,no,,released_at timestamptz
capacity,bed_holds,10,reason,text,no,,no,no,,reason text NOT NULL
capacity,bed_holds,11,created_by,uuid,yes,,no,no,,created_by uuid
capacity,bed_holds,12,created_at,timestamptz,no,now(),no,no,,created_at timestamptz NOT NULL DEFAULT now()
capacity,bed_holds,13,CHECK(expires_at>starts_at),,yes,,no,no,,CHECK(expires_at>starts_at)
capacity,bed_turnovers,1,id,uuid,no,gen_random_uuid(),yes,no,,id uuid PRIMARY KEY DEFAULT gen_random_uuid()
capacity,bed_turnovers,2,tenant_id,uuid,no,,no,no,core.tenants(id),tenant_id uuid NOT NULL REFERENCES core.tenants(id) ON DELETE CASCADE
capacity,bed_turnovers,3,bed_id,uuid,no,,no,no,capacity.beds(id),bed_id uuid NOT NULL REFERENCES capacity.beds(id)
capacity,bed_turnovers,4,triggered_at,timestamptz,no,,no,no,,triggered_at timestamptz NOT NULL
capacity,bed_turnovers,5,cleaning_type,text,no,,no,no,,cleaning_type text NOT NULL
capacity,bed_turnovers,6,required_precautions,jsonb,no,'[]',no,no,,required_precautions jsonb NOT NULL DEFAULT '[]'
capacity,bed_turnovers,7,assigned_team,text,yes,,no,no,,assigned_team text
capacity,bed_turnovers,8,started_at,timestamptz,yes,,no,no,,started_at timestamptz
capacity,bed_turnovers,9,completed_at,timestamptz,yes,,no,no,,completed_at timestamptz
capacity,bed_turnovers,10,verified_at,timestamptz,yes,,no,no,,verified_at timestamptz
capacity,bed_turnovers,11,verified_by,uuid,yes,,no,no,,verified_by uuid
capacity,bed_turnovers,12,status,core.task_status,no,'ready',no,no,,status core.task_status NOT NULL DEFAULT 'ready'
capacity,bed_turnovers,13,delay_reason,text,yes,,no,no,,delay_reason text
capacity,bed_turnovers,14,source_reference,text,yes,,no,no,,source_reference text
capacity,environmental_constraints,1,id,uuid,no,gen_random_uuid(),yes,no,,id uuid PRIMARY KEY DEFAULT gen_random_uuid()
capacity,environmental_constraints,2,tenant_id,uuid,no,,no,no,core.tenants(id),tenant_id uuid NOT NULL REFERENCES core.tenants(id) ON DELETE CASCADE
capacity,environmental_constraints,3,location_id,uuid,no,,no,no,capacity.locations(id),location_id uuid NOT NULL REFERENCES capacity.locations(id) ON DELETE CASCADE
capacity,environmental_constraints,4,constraint_type,text,no,,no,no,,constraint_type text NOT NULL
capacity,environmental_constraints,5,severity,core.severity_level,no,,no,no,,severity core.severity_level NOT NULL
capacity,environmental_constraints,6,details,jsonb,no,,no,no,,details jsonb NOT NULL
capacity,environmental_constraints,7,starts_at,timestamptz,no,,no,no,,starts_at timestamptz NOT NULL
capacity,environmental_constraints,8,ends_at,timestamptz,yes,,no,no,,ends_at timestamptz
capacity,environmental_constraints,9,status,core.record_status,no,'active',no,no,,status core.record_status NOT NULL DEFAULT 'active'
capacity,environmental_constraints,10,source_reference,text,yes,,no,no,,source_reference text
capacity,environmental_constraints,11,created_at,timestamptz,no,now(),no,no,,created_at timestamptz NOT NULL DEFAULT now()
capacity,surge_spaces,1,id,uuid,no,gen_random_uuid(),yes,no,,id uuid PRIMARY KEY DEFAULT gen_random_uuid()
capacity,surge_spaces,2,tenant_id,uuid,no,,no,no,core.tenants(id),tenant_id uuid NOT NULL REFERENCES core.tenants(id) ON DELETE CASCADE
capacity,surge_spaces,3,facility_id,uuid,no,,no,no,core.facilities(id),facility_id uuid NOT NULL REFERENCES core.facilities(id)
capacity,surge_spaces,4,location_id,uuid,yes,,no,no,capacity.locations(id),location_id uuid REFERENCES capacity.locations(id)
capacity,surge_spaces,5,name,text,no,,no,no,,name text NOT NULL
capacity,surge_spaces,6,surge_space_type,text,no,,no,no,,surge_space_type text NOT NULL
capacity,surge_spaces,7,base_capacity,integer,no,0,no,no,,base_capacity integer NOT NULL DEFAULT 0 CHECK(base_capacity>=0)
capacity,surge_spaces,8,maximum_capacity,integer,no,,no,no,,maximum_capacity integer NOT NULL
capacity,surge_spaces,9,care_levels,text[],no,'{}',no,no,,care_levels text[] NOT NULL DEFAULT '{}'
capacity,surge_spaces,10,activation_lead_minutes,integer,no,0,no,no,,activation_lead_minutes integer NOT NULL DEFAULT 0 CHECK(activation_lead_minutes>=0)
capacity,surge_spaces,11,deactivation_lead_minutes,integer,no,0,no,no,,deactivation_lead_minutes integer NOT NULL DEFAULT 0 CHECK(deactivation_lead_minutes>=0)
capacity,surge_spaces,12,infrastructure_requirements,jsonb,no,'{}',no,no,,infrastructure_requirements jsonb NOT NULL DEFAULT '{}'
capacity,surge_spaces,13,status,core.record_status,no,'active',no,no,,status core.record_status NOT NULL DEFAULT 'active'
capacity,surge_spaces,14,created_at,timestamptz,no,now(),no,no,,created_at timestamptz NOT NULL DEFAULT now()
capacity,surge_spaces,15,CHECK(maximum_capacity>=base_capacity),,yes,,no,no,,CHECK(maximum_capacity>=base_capacity)
capacity,surge_spaces,16,"UNIQUE(tenant_id,facility_id,name)",,yes,,no,yes,,"UNIQUE(tenant_id,facility_id,name)"
capacity,surge_space_prerequisites,1,id,uuid,no,gen_random_uuid(),yes,no,,id uuid PRIMARY KEY DEFAULT gen_random_uuid()
capacity,surge_space_prerequisites,2,tenant_id,uuid,no,,no,no,core.tenants(id),tenant_id uuid NOT NULL REFERENCES core.tenants(id) ON DELETE CASCADE
capacity,surge_space_prerequisites,3,surge_space_id,uuid,no,,no,no,capacity.surge_spaces(id),surge_space_id uuid NOT NULL REFERENCES capacity.surge_spaces(id) ON DELETE CASCADE
capacity,surge_space_prerequisites,4,prerequisite_type,text,no,,no,no,,prerequisite_type text NOT NULL
capacity,surge_space_prerequisites,5,prerequisite_code,text,no,,no,no,,prerequisite_code text NOT NULL
capacity,surge_space_prerequisites,6,required_quantity,"numeric(14,4)",yes,,no,no,,"required_quantity numeric(14,4)"
capacity,surge_space_prerequisites,7,hard_requirement,boolean,no,true,no,no,,hard_requirement boolean NOT NULL DEFAULT true
capacity,surge_space_prerequisites,8,lead_minutes,integer,no,0,no,no,,lead_minutes integer NOT NULL DEFAULT 0 CHECK(lead_minutes>=0)
capacity,surge_space_prerequisites,9,evidence_requirement,text,yes,,no,no,,evidence_requirement text
capacity,surge_space_prerequisites,10,"UNIQUE(surge_space_id,prerequisite_type,prerequisite_code)",,yes,,no,yes,,"UNIQUE(surge_space_id,prerequisite_type,prerequisite_code)"
capacity,device_types,1,id,uuid,no,gen_random_uuid(),yes,no,,id uuid PRIMARY KEY DEFAULT gen_random_uuid()
capacity,device_types,2,tenant_id,uuid,no,,no,no,core.tenants(id),tenant_id uuid NOT NULL REFERENCES core.tenants(id) ON DELETE CASCADE
capacity,device_types,3,code,citext,no,,no,no,,code citext NOT NULL
capacity,device_types,4,name,text,no,,no,no,,name text NOT NULL
capacity,device_types,5,category,text,no,,no,no,,category text NOT NULL
capacity,device_types,6,capabilities,jsonb,no,'{}',no,no,,capabilities jsonb NOT NULL DEFAULT '{}'
capacity,device_types,7,preventive_maintenance_interval_days,integer,yes,,no,no,,preventive_maintenance_interval_days integer
capacity,device_types,8,status,core.record_status,no,'active',no,no,,status core.record_status NOT NULL DEFAULT 'active'
capacity,device_types,9,"UNIQUE(tenant_id,code)",,yes,,no,yes,,"UNIQUE(tenant_id,code)"
capacity,devices,1,id,uuid,no,gen_random_uuid(),yes,no,,id uuid PRIMARY KEY DEFAULT gen_random_uuid()
capacity,devices,2,tenant_id,uuid,no,,no,no,core.tenants(id),tenant_id uuid NOT NULL REFERENCES core.tenants(id) ON DELETE CASCADE
capacity,devices,3,device_type_id,uuid,no,,no,no,capacity.device_types(id),device_type_id uuid NOT NULL REFERENCES capacity.device_types(id)
capacity,devices,4,facility_id,uuid,yes,,no,no,core.facilities(id),facility_id uuid REFERENCES core.facilities(id)
capacity,devices,5,location_id,uuid,yes,,no,no,capacity.locations(id),location_id uuid REFERENCES capacity.locations(id)
capacity,devices,6,asset_tag,citext,yes,,no,no,,asset_tag citext
capacity,devices,7,serial_number_encrypted,bytea,yes,,no,no,,serial_number_encrypted bytea
capacity,devices,8,serial_number_hash,core.sha256_hex,yes,,no,no,,serial_number_hash core.sha256_hex
capacity,devices,9,manufacturer,text,yes,,no,no,,manufacturer text
capacity,devices,10,model,text,yes,,no,no,,model text
capacity,devices,11,status,text,no,,no,no,,status text NOT NULL
capacity,devices,12,availability_status,text,no,,no,no,,availability_status text NOT NULL
capacity,devices,13,last_maintenance_at,timestamptz,yes,,no,no,,last_maintenance_at timestamptz
capacity,devices,14,next_maintenance_at,timestamptz,yes,,no,no,,next_maintenance_at timestamptz
capacity,devices,15,source_kind,core.source_kind,no,'ehr',no,no,,source_kind core.source_kind NOT NULL DEFAULT 'ehr'
capacity,devices,16,metadata,jsonb,no,'{}',no,no,,metadata jsonb NOT NULL DEFAULT '{}'
capacity,devices,17,created_at,timestamptz,no,now(),no,no,,created_at timestamptz NOT NULL DEFAULT now()
capacity,device_status_events,1,id,uuid,no,gen_random_uuid(),yes,no,,id uuid PRIMARY KEY DEFAULT gen_random_uuid()
capacity,device_status_events,2,tenant_id,uuid,no,,no,no,core.tenants(id),tenant_id uuid NOT NULL REFERENCES core.tenants(id) ON DELETE CASCADE
capacity,device_status_events,3,device_id,uuid,no,,no,no,capacity.devices(id),device_id uuid NOT NULL REFERENCES capacity.devices(id) ON DELETE CASCADE
capacity,device_status_events,4,prior_status,text,yes,,no,no,,prior_status text
capacity,device_status_events,5,new_status,text,no,,no,no,,new_status text NOT NULL
capacity,device_status_events,6,reason,text,yes,,no,no,,reason text
capacity,device_status_events,7,occurred_at,timestamptz,no,,no,no,,occurred_at timestamptz NOT NULL
capacity,device_status_events,8,actor_id,uuid,yes,,no,no,,actor_id uuid
capacity,device_status_events,9,source_reference,text,yes,,no,no,,source_reference text
capacity,device_status_events,10,created_at,timestamptz,no,now(),no,no,,created_at timestamptz NOT NULL DEFAULT now()
capacity,device_assignments,1,id,uuid,no,gen_random_uuid(),yes,no,,id uuid PRIMARY KEY DEFAULT gen_random_uuid()
capacity,device_assignments,2,tenant_id,uuid,no,,no,no,core.tenants(id),tenant_id uuid NOT NULL REFERENCES core.tenants(id) ON DELETE CASCADE
capacity,device_assignments,3,device_id,uuid,no,,no,no,capacity.devices(id),device_id uuid NOT NULL REFERENCES capacity.devices(id)
capacity,device_assignments,4,patient_id,uuid,yes,,no,no,,patient_id uuid
capacity,device_assignments,5,encounter_id,uuid,yes,,no,no,,encounter_id uuid
capacity,device_assignments,6,location_id,uuid,yes,,no,no,capacity.locations(id),location_id uuid REFERENCES capacity.locations(id)
capacity,device_assignments,7,assigned_at,timestamptz,no,,no,no,,assigned_at timestamptz NOT NULL
capacity,device_assignments,8,released_at,timestamptz,yes,,no,no,,released_at timestamptz
capacity,device_assignments,9,assignment_reason,text,yes,,no,no,,assignment_reason text
capacity,device_assignments,10,created_at,timestamptz,no,now(),no,no,,created_at timestamptz NOT NULL DEFAULT now()
capacity,inventory_items,1,id,uuid,no,gen_random_uuid(),yes,no,,id uuid PRIMARY KEY DEFAULT gen_random_uuid()
capacity,inventory_items,2,tenant_id,uuid,no,,no,no,core.tenants(id),tenant_id uuid NOT NULL REFERENCES core.tenants(id) ON DELETE CASCADE
capacity,inventory_items,3,sku,citext,no,,no,no,,sku citext NOT NULL
capacity,inventory_items,4,name,text,no,,no,no,,name text NOT NULL
capacity,inventory_items,5,category,text,no,,no,no,,category text NOT NULL
capacity,inventory_items,6,unit_of_measure,text,no,,no,no,,unit_of_measure text NOT NULL
capacity,inventory_items,7,criticality,core.severity_level,no,'medium',no,no,,criticality core.severity_level NOT NULL DEFAULT 'medium'
capacity,inventory_items,8,substitutable,boolean,no,false,no,no,,substitutable boolean NOT NULL DEFAULT false
capacity,inventory_items,9,substitute_group,text,yes,,no,no,,substitute_group text
capacity,inventory_items,10,cold_chain_required,boolean,no,false,no,no,,cold_chain_required boolean NOT NULL DEFAULT false
capacity,inventory_items,11,controlled_item,boolean,no,false,no,no,,controlled_item boolean NOT NULL DEFAULT false
capacity,inventory_items,12,status,core.record_status,no,'active',no,no,,status core.record_status NOT NULL DEFAULT 'active'
capacity,inventory_items,13,metadata,jsonb,no,'{}',no,no,,metadata jsonb NOT NULL DEFAULT '{}'
capacity,inventory_items,14,"UNIQUE(tenant_id,sku)",,yes,,no,yes,,"UNIQUE(tenant_id,sku)"
capacity,inventory_lots,1,id,uuid,no,gen_random_uuid(),yes,no,,id uuid PRIMARY KEY DEFAULT gen_random_uuid()
capacity,inventory_lots,2,tenant_id,uuid,no,,no,no,core.tenants(id),tenant_id uuid NOT NULL REFERENCES core.tenants(id) ON DELETE CASCADE
capacity,inventory_lots,3,inventory_item_id,uuid,no,,no,no,capacity.inventory_items(id),inventory_item_id uuid NOT NULL REFERENCES capacity.inventory_items(id)
capacity,inventory_lots,4,facility_id,uuid,no,,no,no,core.facilities(id),facility_id uuid NOT NULL REFERENCES core.facilities(id)
capacity,inventory_lots,5,location_id,uuid,yes,,no,no,capacity.locations(id),location_id uuid REFERENCES capacity.locations(id)
capacity,inventory_lots,6,lot_number,text,yes,,no,no,,lot_number text
capacity,inventory_lots,7,serial_number,text,yes,,no,no,,serial_number text
capacity,inventory_lots,8,expires_on,date,yes,,no,no,,expires_on date
capacity,inventory_lots,9,quantity_on_hand,"numeric(16,4)",no,0,no,no,,"quantity_on_hand numeric(16,4) NOT NULL DEFAULT 0 CHECK(quantity_on_hand>=0)"
capacity,inventory_lots,10,quantity_reserved,"numeric(16,4)",no,0,no,no,,"quantity_reserved numeric(16,4) NOT NULL DEFAULT 0 CHECK(quantity_reserved>=0)"
capacity,inventory_lots,11,quantity_quarantined,"numeric(16,4)",no,0,no,no,,"quantity_quarantined numeric(16,4) NOT NULL DEFAULT 0 CHECK(quantity_quarantined>=0)"
capacity,inventory_lots,12,status,text,no,'available',no,no,,status text NOT NULL DEFAULT 'available'
capacity,inventory_lots,13,last_counted_at,timestamptz,yes,,no,no,,last_counted_at timestamptz
capacity,inventory_lots,14,created_at,timestamptz,no,now(),no,no,,created_at timestamptz NOT NULL DEFAULT now()
capacity,inventory_movements,1,id,uuid,no,gen_random_uuid(),yes,no,,id uuid PRIMARY KEY DEFAULT gen_random_uuid()
capacity,inventory_movements,2,tenant_id,uuid,no,,no,no,core.tenants(id),tenant_id uuid NOT NULL REFERENCES core.tenants(id) ON DELETE CASCADE
capacity,inventory_movements,3,inventory_item_id,uuid,no,,no,no,capacity.inventory_items(id),inventory_item_id uuid NOT NULL REFERENCES capacity.inventory_items(id)
capacity,inventory_movements,4,lot_id,uuid,yes,,no,no,capacity.inventory_lots(id),lot_id uuid REFERENCES capacity.inventory_lots(id)
capacity,inventory_movements,5,facility_id,uuid,no,,no,no,core.facilities(id),facility_id uuid NOT NULL REFERENCES core.facilities(id)
capacity,inventory_movements,6,from_location_id,uuid,yes,,no,no,capacity.locations(id),from_location_id uuid REFERENCES capacity.locations(id)
capacity,inventory_movements,7,to_location_id,uuid,yes,,no,no,capacity.locations(id),to_location_id uuid REFERENCES capacity.locations(id)
capacity,inventory_movements,8,movement_type,text,no,,no,no,,movement_type text NOT NULL
capacity,inventory_movements,9,quantity,"numeric(16,4)",no,,no,no,,"quantity numeric(16,4) NOT NULL CHECK(quantity>0)"
capacity,inventory_movements,10,unit_of_measure,text,no,,no,no,,unit_of_measure text NOT NULL
capacity,inventory_movements,11,occurred_at,timestamptz,no,,no,no,,occurred_at timestamptz NOT NULL
capacity,inventory_movements,12,source_reference,text,yes,,no,no,,source_reference text
capacity,inventory_movements,13,actor_id,uuid,yes,,no,no,,actor_id uuid
capacity,inventory_movements,14,created_at,timestamptz,no,now(),no,no,,created_at timestamptz NOT NULL DEFAULT now()
capacity,par_levels,1,id,uuid,no,gen_random_uuid(),yes,no,,id uuid PRIMARY KEY DEFAULT gen_random_uuid()
capacity,par_levels,2,tenant_id,uuid,no,,no,no,core.tenants(id),tenant_id uuid NOT NULL REFERENCES core.tenants(id) ON DELETE CASCADE
capacity,par_levels,3,inventory_item_id,uuid,no,,no,no,capacity.inventory_items(id),inventory_item_id uuid NOT NULL REFERENCES capacity.inventory_items(id)
capacity,par_levels,4,facility_id,uuid,no,,no,no,core.facilities(id),facility_id uuid NOT NULL REFERENCES core.facilities(id)
capacity,par_levels,5,location_id,uuid,yes,,no,no,capacity.locations(id),location_id uuid REFERENCES capacity.locations(id)
capacity,par_levels,6,minimum_quantity,"numeric(16,4)",no,,no,no,,"minimum_quantity numeric(16,4) NOT NULL CHECK(minimum_quantity>=0)"
capacity,par_levels,7,target_quantity,"numeric(16,4)",no,,no,no,,"target_quantity numeric(16,4) NOT NULL"
capacity,par_levels,8,critical_quantity,"numeric(16,4)",no,,no,no,,"critical_quantity numeric(16,4) NOT NULL CHECK(critical_quantity>=0)"
capacity,par_levels,9,reorder_lead_minutes,integer,yes,,no,no,,reorder_lead_minutes integer
capacity,par_levels,10,surge_multiplier,"numeric(8,4)",no,1,no,no,,"surge_multiplier numeric(8,4) NOT NULL DEFAULT 1 CHECK(surge_multiplier>0)"
capacity,par_levels,11,valid_from,timestamptz,no,now(),no,no,,valid_from timestamptz NOT NULL DEFAULT now()
capacity,par_levels,12,valid_to,timestamptz,yes,,no,no,,valid_to timestamptz
capacity,par_levels,13,CHECK(target_quantity>=minimum_quantity),,yes,,no,no,,CHECK(target_quantity>=minimum_quantity)
capacity,vendors,1,id,uuid,no,gen_random_uuid(),yes,no,,id uuid PRIMARY KEY DEFAULT gen_random_uuid()
capacity,vendors,2,tenant_id,uuid,no,,no,no,core.tenants(id),tenant_id uuid NOT NULL REFERENCES core.tenants(id) ON DELETE CASCADE
capacity,vendors,3,organization_id,uuid,yes,,no,no,core.organizations(id),organization_id uuid REFERENCES core.organizations(id)
capacity,vendors,4,vendor_code,citext,no,,no,no,,vendor_code citext NOT NULL
capacity,vendors,5,name,text,no,,no,no,,name text NOT NULL
capacity,vendors,6,emergency_contact_encrypted,bytea,yes,,no,no,,emergency_contact_encrypted bytea
capacity,vendors,7,response_sla_minutes,integer,yes,,no,no,,response_sla_minutes integer
capacity,vendors,8,status,core.record_status,no,'active',no,no,,status core.record_status NOT NULL DEFAULT 'active'
capacity,vendors,9,capabilities,jsonb,no,'{}',no,no,,capabilities jsonb NOT NULL DEFAULT '{}'
capacity,vendors,10,"UNIQUE(tenant_id,vendor_code)",,yes,,no,yes,,"UNIQUE(tenant_id,vendor_code)"
capacity,purchase_orders,1,id,uuid,no,gen_random_uuid(),yes,no,,id uuid PRIMARY KEY DEFAULT gen_random_uuid()
capacity,purchase_orders,2,tenant_id,uuid,no,,no,no,core.tenants(id),tenant_id uuid NOT NULL REFERENCES core.tenants(id) ON DELETE CASCADE
capacity,purchase_orders,3,vendor_id,uuid,no,,no,no,capacity.vendors(id),vendor_id uuid NOT NULL REFERENCES capacity.vendors(id)
capacity,purchase_orders,4,facility_id,uuid,no,,no,no,core.facilities(id),facility_id uuid NOT NULL REFERENCES core.facilities(id)
capacity,purchase_orders,5,order_number,citext,no,,no,no,,order_number citext NOT NULL
capacity,purchase_orders,6,status,text,no,,no,no,,status text NOT NULL
capacity,purchase_orders,7,ordered_at,timestamptz,yes,,no,no,,ordered_at timestamptz
capacity,purchase_orders,8,expected_at,timestamptz,yes,,no,no,,expected_at timestamptz
capacity,purchase_orders,9,emergency_order,boolean,no,false,no,no,,emergency_order boolean NOT NULL DEFAULT false
capacity,purchase_orders,10,total_amount,"numeric(18,2)",yes,,no,no,,"total_amount numeric(18,2)"
capacity,purchase_orders,11,currency_code,char(3),yes,,no,no,,currency_code char(3)
capacity,purchase_orders,12,source_reference,text,yes,,no,no,,source_reference text
capacity,purchase_orders,13,created_at,timestamptz,no,now(),no,no,,created_at timestamptz NOT NULL DEFAULT now()
capacity,purchase_orders,14,"UNIQUE(tenant_id,order_number)",,yes,,no,yes,,"UNIQUE(tenant_id,order_number)"
capacity,purchase_order_lines,1,id,uuid,no,gen_random_uuid(),yes,no,,id uuid PRIMARY KEY DEFAULT gen_random_uuid()
capacity,purchase_order_lines,2,tenant_id,uuid,no,,no,no,core.tenants(id),tenant_id uuid NOT NULL REFERENCES core.tenants(id) ON DELETE CASCADE
capacity,purchase_order_lines,3,purchase_order_id,uuid,no,,no,no,capacity.purchase_orders(id),purchase_order_id uuid NOT NULL REFERENCES capacity.purchase_orders(id) ON DELETE CASCADE
capacity,purchase_order_lines,4,inventory_item_id,uuid,no,,no,no,capacity.inventory_items(id),inventory_item_id uuid NOT NULL REFERENCES capacity.inventory_items(id)
capacity,purchase_order_lines,5,quantity,"numeric(16,4)",no,,no,no,,"quantity numeric(16,4) NOT NULL CHECK(quantity>0)"
capacity,purchase_order_lines,6,unit_price,"numeric(18,4)",yes,,no,no,,"unit_price numeric(18,4)"
capacity,purchase_order_lines,7,quantity_received,"numeric(16,4)",no,0,no,no,,"quantity_received numeric(16,4) NOT NULL DEFAULT 0 CHECK(quantity_received>=0)"
capacity,purchase_order_lines,8,expected_at,timestamptz,yes,,no,no,,expected_at timestamptz
clinical,patients,1,id,uuid,no,gen_random_uuid(),yes,no,,id uuid PRIMARY KEY DEFAULT gen_random_uuid()
clinical,patients,2,tenant_id,uuid,no,,no,no,core.tenants(id),tenant_id uuid NOT NULL REFERENCES core.tenants(id) ON DELETE CASCADE
clinical,patients,3,display_label,text,no,,no,no,,display_label text NOT NULL
clinical,patients,4,legal_name_encrypted,bytea,yes,,no,no,,legal_name_encrypted bytea
clinical,patients,5,date_of_birth_encrypted,bytea,yes,,no,no,,date_of_birth_encrypted bytea
clinical,patients,6,sex_at_birth_code,text,yes,,no,no,,sex_at_birth_code text
clinical,patients,7,administrative_gender_code,text,yes,,no,no,,administrative_gender_code text
clinical,patients,8,deceased,boolean,no,false,no,no,,deceased boolean NOT NULL DEFAULT false
clinical,patients,9,vip_restricted,boolean,no,false,no,no,,vip_restricted boolean NOT NULL DEFAULT false
clinical,patients,10,status,core.record_status,no,'active',no,no,,status core.record_status NOT NULL DEFAULT 'active'
clinical,patients,11,source_kind,core.source_kind,no,'ehr',no,no,,source_kind core.source_kind NOT NULL DEFAULT 'ehr'
clinical,patients,12,source_last_updated_at,timestamptz,yes,,no,no,,source_last_updated_at timestamptz
clinical,patients,13,attributes,jsonb,no,'{}',no,no,,attributes jsonb NOT NULL DEFAULT '{}'
clinical,patients,14,created_at,timestamptz,no,now(),no,no,,created_at timestamptz NOT NULL DEFAULT now()
clinical,patients,15,updated_at,timestamptz,no,now(),no,no,,updated_at timestamptz NOT NULL DEFAULT now()
clinical,patients,16,row_version,bigint,no,1,no,no,,row_version bigint NOT NULL DEFAULT 1
clinical,patients,17,"UNIQUE(tenant_id,id)",,yes,,no,yes,,"UNIQUE(tenant_id,id)"
clinical,patient_identifiers,1,id,uuid,no,gen_random_uuid(),yes,no,,id uuid PRIMARY KEY DEFAULT gen_random_uuid()
clinical,patient_identifiers,2,tenant_id,uuid,no,,no,no,core.tenants(id),tenant_id uuid NOT NULL REFERENCES core.tenants(id) ON DELETE CASCADE
clinical,patient_identifiers,3,patient_id,uuid,no,,no,no,clinical.patients(id),patient_id uuid NOT NULL REFERENCES clinical.patients(id) ON DELETE CASCADE
clinical,patient_identifiers,4,system_uri,text,no,,no,no,,system_uri text NOT NULL
clinical,patient_identifiers,5,identifier_type,text,yes,,no,no,,identifier_type text
clinical,patient_identifiers,6,identifier_value_encrypted,bytea,yes,,no,no,,identifier_value_encrypted bytea
clinical,patient_identifiers,7,identifier_value_hash,core.sha256_hex,no,,no,no,,identifier_value_hash core.sha256_hex NOT NULL
clinical,patient_identifiers,8,use_code,text,yes,,no,no,,use_code text
clinical,patient_identifiers,9,valid_from,timestamptz,yes,,no,no,,valid_from timestamptz
clinical,patient_identifiers,10,valid_to,timestamptz,yes,,no,no,,valid_to timestamptz
clinical,patient_identifiers,11,"UNIQUE(tenant_id,system_uri,identifier_value_hash)",,yes,,no,yes,,"UNIQUE(tenant_id,system_uri,identifier_value_hash)"
clinical,encounters,1,id,uuid,no,gen_random_uuid(),yes,no,,id uuid PRIMARY KEY DEFAULT gen_random_uuid()
clinical,encounters,2,tenant_id,uuid,no,,no,no,core.tenants(id),tenant_id uuid NOT NULL REFERENCES core.tenants(id) ON DELETE CASCADE
clinical,encounters,3,patient_id,uuid,no,,no,no,clinical.patients(id),patient_id uuid NOT NULL REFERENCES clinical.patients(id)
clinical,encounters,4,facility_id,uuid,no,,no,no,core.facilities(id),facility_id uuid NOT NULL REFERENCES core.facilities(id)
clinical,encounters,5,department_id,uuid,yes,,no,no,core.departments(id),department_id uuid REFERENCES core.departments(id)
clinical,encounters,6,encounter_class,text,no,,no,no,,encounter_class text NOT NULL
clinical,encounters,7,encounter_type,text,yes,,no,no,,encounter_type text
clinical,encounters,8,service_type,text,yes,,no,no,,service_type text
clinical,encounters,9,status,text,no,,no,no,,status text NOT NULL
clinical,encounters,10,priority_code,text,yes,,no,no,,priority_code text
clinical,encounters,11,arrival_mode,text,yes,,no,no,,arrival_mode text
clinical,encounters,12,admission_source,text,yes,,no,no,,admission_source text
clinical,encounters,13,started_at,timestamptz,no,,no,no,,started_at timestamptz NOT NULL
clinical,encounters,14,expected_end_at,timestamptz,yes,,no,no,,expected_end_at timestamptz
clinical,encounters,15,ended_at,timestamptz,yes,,no,no,,ended_at timestamptz
clinical,encounters,16,attending_practitioner_id,uuid,yes,,no,no,workforce.practitioners(id),attending_practitioner_id uuid REFERENCES workforce.practitioners(id)
clinical,encounters,17,current_location_id,uuid,yes,,no,no,capacity.locations(id),current_location_id uuid REFERENCES capacity.locations(id)
clinical,encounters,18,current_bed_id,uuid,yes,,no,no,capacity.beds(id),current_bed_id uuid REFERENCES capacity.beds(id)
clinical,encounters,19,source_kind,core.source_kind,no,'ehr',no,no,,source_kind core.source_kind NOT NULL DEFAULT 'ehr'
clinical,encounters,20,source_reference,text,yes,,no,no,,source_reference text
clinical,encounters,21,source_last_updated_at,timestamptz,yes,,no,no,,source_last_updated_at timestamptz
clinical,encounters,22,metadata,jsonb,no,'{}',no,no,,metadata jsonb NOT NULL DEFAULT '{}'
clinical,encounters,23,created_at,timestamptz,no,now(),no,no,,created_at timestamptz NOT NULL DEFAULT now()
clinical,encounters,24,updated_at,timestamptz,no,now(),no,no,,updated_at timestamptz NOT NULL DEFAULT now()
clinical,encounters,25,row_version,bigint,no,1,no,no,,row_version bigint NOT NULL DEFAULT 1
clinical,encounters,26,"UNIQUE(tenant_id,source_kind,source_reference)",,yes,,no,yes,,"UNIQUE(tenant_id,source_kind,source_reference)"
clinical,encounters,27,"UNIQUE(tenant_id,id)",,yes,,no,yes,,"UNIQUE(tenant_id,id)"
clinical,encounter_status_history,1,id,uuid,no,gen_random_uuid(),yes,no,,id uuid PRIMARY KEY DEFAULT gen_random_uuid()
clinical,encounter_status_history,2,tenant_id,uuid,no,,no,no,core.tenants(id),tenant_id uuid NOT NULL REFERENCES core.tenants(id) ON DELETE CASCADE
clinical,encounter_status_history,3,encounter_id,uuid,no,,no,no,clinical.encounters(id),encounter_id uuid NOT NULL REFERENCES clinical.encounters(id) ON DELETE CASCADE
clinical,encounter_status_history,4,status,text,no,,no,no,,status text NOT NULL
clinical,encounter_status_history,5,starts_at,timestamptz,no,,no,no,,starts_at timestamptz NOT NULL
clinical,encounter_status_history,6,ends_at,timestamptz,yes,,no,no,,ends_at timestamptz
clinical,encounter_status_history,7,reason_code,text,yes,,no,no,,reason_code text
clinical,encounter_status_history,8,source_reference,text,yes,,no,no,,source_reference text
clinical,encounter_status_history,9,created_at,timestamptz,no,now(),no,no,,created_at timestamptz NOT NULL DEFAULT now()
clinical,acuity_assessments,1,id,uuid,no,gen_random_uuid(),yes,no,,id uuid PRIMARY KEY DEFAULT gen_random_uuid()
clinical,acuity_assessments,2,tenant_id,uuid,no,,no,no,core.tenants(id),tenant_id uuid NOT NULL REFERENCES core.tenants(id) ON DELETE CASCADE
clinical,acuity_assessments,3,encounter_id,uuid,no,,no,no,clinical.encounters(id),encounter_id uuid NOT NULL REFERENCES clinical.encounters(id) ON DELETE CASCADE
clinical,acuity_assessments,4,assessment_system,text,no,,no,no,,assessment_system text NOT NULL
clinical,acuity_assessments,5,acuity_level,text,no,,no,no,,acuity_level text NOT NULL
clinical,acuity_assessments,6,score,"numeric(10,4)",yes,,no,no,,"score numeric(10,4)"
clinical,acuity_assessments,7,assessed_at,timestamptz,no,,no,no,,assessed_at timestamptz NOT NULL
clinical,acuity_assessments,8,assessed_by_practitioner_id,uuid,yes,,no,no,workforce.practitioners(id),assessed_by_practitioner_id uuid REFERENCES workforce.practitioners(id)
clinical,acuity_assessments,9,factors,jsonb,no,'{}',no,no,,factors jsonb NOT NULL DEFAULT '{}'
clinical,acuity_assessments,10,source_kind,core.source_kind,no,'ehr',no,no,,source_kind core.source_kind NOT NULL DEFAULT 'ehr'
clinical,acuity_assessments,11,source_reference,text,yes,,no,no,,source_reference text
clinical,acuity_assessments,12,created_at,timestamptz,no,now(),no,no,,created_at timestamptz NOT NULL DEFAULT now()
clinical,triage_events,1,id,uuid,no,gen_random_uuid(),yes,no,,id uuid PRIMARY KEY DEFAULT gen_random_uuid()
clinical,triage_events,2,tenant_id,uuid,no,,no,no,core.tenants(id),tenant_id uuid NOT NULL REFERENCES core.tenants(id) ON DELETE CASCADE
clinical,triage_events,3,encounter_id,uuid,no,,no,no,clinical.encounters(id),encounter_id uuid NOT NULL REFERENCES clinical.encounters(id) ON DELETE CASCADE
clinical,triage_events,4,triage_category,text,no,,no,no,,triage_category text NOT NULL
clinical,triage_events,5,chief_complaint_encrypted,bytea,yes,,no,no,,chief_complaint_encrypted bytea
clinical,triage_events,6,triaged_at,timestamptz,no,,no,no,,triaged_at timestamptz NOT NULL
clinical,triage_events,7,triaged_by_practitioner_id,uuid,yes,,no,no,workforce.practitioners(id),triaged_by_practitioner_id uuid REFERENCES workforce.practitioners(id)
clinical,triage_events,8,red_flags,jsonb,no,'[]',no,no,,red_flags jsonb NOT NULL DEFAULT '[]'
clinical,triage_events,9,reassessment_due_at,timestamptz,yes,,no,no,,reassessment_due_at timestamptz
clinical,triage_events,10,source_reference,text,yes,,no,no,,source_reference text
clinical,triage_events,11,created_at,timestamptz,no,now(),no,no,,created_at timestamptz NOT NULL DEFAULT now()
clinical,diagnoses,1,id,uuid,no,gen_random_uuid(),yes,no,,id uuid PRIMARY KEY DEFAULT gen_random_uuid()
clinical,diagnoses,2,tenant_id,uuid,no,,no,no,core.tenants(id),tenant_id uuid NOT NULL REFERENCES core.tenants(id) ON DELETE CASCADE
clinical,diagnoses,3,encounter_id,uuid,no,,no,no,clinical.encounters(id),encounter_id uuid NOT NULL REFERENCES clinical.encounters(id) ON DELETE CASCADE
clinical,diagnoses,4,code_system_uri,text,no,,no,no,,code_system_uri text NOT NULL
clinical,diagnoses,5,code,text,no,,no,no,,code text NOT NULL
clinical,diagnoses,6,display,text,yes,,no,no,,display text
clinical,diagnoses,7,diagnosis_type,text,yes,,no,no,,diagnosis_type text
clinical,diagnoses,8,rank,integer,yes,,no,no,,rank integer
clinical,diagnoses,9,onset_at,timestamptz,yes,,no,no,,onset_at timestamptz
clinical,diagnoses,10,recorded_at,timestamptz,yes,,no,no,,recorded_at timestamptz
clinical,diagnoses,11,verification_status,text,yes,,no,no,,verification_status text
clinical,diagnoses,12,clinical_status,text,yes,,no,no,,clinical_status text
clinical,diagnoses,13,source_reference,text,yes,,no,no,,source_reference text
clinical,diagnoses,14,created_at,timestamptz,no,now(),no,no,,created_at timestamptz NOT NULL DEFAULT now()
clinical,patient_flags,1,id,uuid,no,gen_random_uuid(),yes,no,,id uuid PRIMARY KEY DEFAULT gen_random_uuid()
clinical,patient_flags,2,tenant_id,uuid,no,,no,no,core.tenants(id),tenant_id uuid NOT NULL REFERENCES core.tenants(id) ON DELETE CASCADE
clinical,patient_flags,3,patient_id,uuid,no,,no,no,clinical.patients(id),patient_id uuid NOT NULL REFERENCES clinical.patients(id) ON DELETE CASCADE
clinical,patient_flags,4,encounter_id,uuid,yes,,no,no,clinical.encounters(id),encounter_id uuid REFERENCES clinical.encounters(id) ON DELETE CASCADE
clinical,patient_flags,5,flag_code,text,no,,no,no,,flag_code text NOT NULL
clinical,patient_flags,6,category,text,no,,no,no,,category text NOT NULL
clinical,patient_flags,7,severity,core.severity_level,no,,no,no,,severity core.severity_level NOT NULL
clinical,patient_flags,8,description_encrypted,bytea,yes,,no,no,,description_encrypted bytea
clinical,patient_flags,9,starts_at,timestamptz,no,,no,no,,starts_at timestamptz NOT NULL
clinical,patient_flags,10,ends_at,timestamptz,yes,,no,no,,ends_at timestamptz
clinical,patient_flags,11,status,core.record_status,no,'active',no,no,,status core.record_status NOT NULL DEFAULT 'active'
clinical,patient_flags,12,source_reference,text,yes,,no,no,,source_reference text
clinical,patient_flags,13,created_at,timestamptz,no,now(),no,no,,created_at timestamptz NOT NULL DEFAULT now()
clinical,isolation_requirements,1,id,uuid,no,gen_random_uuid(),yes,no,,id uuid PRIMARY KEY DEFAULT gen_random_uuid()
clinical,isolation_requirements,2,tenant_id,uuid,no,,no,no,core.tenants(id),tenant_id uuid NOT NULL REFERENCES core.tenants(id) ON DELETE CASCADE
clinical,isolation_requirements,3,patient_id,uuid,no,,no,no,clinical.patients(id),patient_id uuid NOT NULL REFERENCES clinical.patients(id) ON DELETE CASCADE
clinical,isolation_requirements,4,encounter_id,uuid,no,,no,no,clinical.encounters(id),encounter_id uuid NOT NULL REFERENCES clinical.encounters(id) ON DELETE CASCADE
clinical,isolation_requirements,5,category,core.isolation_category,no,,no,no,,category core.isolation_category NOT NULL
clinical,isolation_requirements,6,custom_category,text,yes,,no,no,,custom_category text
clinical,isolation_requirements,7,organism_code_system,text,yes,,no,no,,organism_code_system text
clinical,isolation_requirements,8,organism_code,text,yes,,no,no,,organism_code text
clinical,isolation_requirements,9,negative_pressure_required,boolean,no,false,no,no,,negative_pressure_required boolean NOT NULL DEFAULT false
clinical,isolation_requirements,10,private_room_required,boolean,no,false,no,no,,private_room_required boolean NOT NULL DEFAULT false
clinical,isolation_requirements,11,cohorting_allowed,boolean,no,false,no,no,,cohorting_allowed boolean NOT NULL DEFAULT false
clinical,isolation_requirements,12,ppe_requirements,jsonb,no,'[]',no,no,,ppe_requirements jsonb NOT NULL DEFAULT '[]'
clinical,isolation_requirements,13,starts_at,timestamptz,no,,no,no,,starts_at timestamptz NOT NULL
clinical,isolation_requirements,14,ends_at,timestamptz,yes,,no,no,,ends_at timestamptz
clinical,isolation_requirements,15,status,core.record_status,no,'active',no,no,,status core.record_status NOT NULL DEFAULT 'active'
clinical,isolation_requirements,16,source_reference,text,yes,,no,no,,source_reference text
clinical,isolation_requirements,17,created_at,timestamptz,no,now(),no,no,,created_at timestamptz NOT NULL DEFAULT now()
clinical,isolation_requirements,18,CHECK((category='custom',AND custom_category IS,no,,no,no,,CHECK((category='custom' AND custom_category IS NOT NULL) OR category<>'custom')
clinical,care_requirements,1,id,uuid,no,gen_random_uuid(),yes,no,,id uuid PRIMARY KEY DEFAULT gen_random_uuid()
clinical,care_requirements,2,tenant_id,uuid,no,,no,no,core.tenants(id),tenant_id uuid NOT NULL REFERENCES core.tenants(id) ON DELETE CASCADE
clinical,care_requirements,3,encounter_id,uuid,no,,no,no,clinical.encounters(id),encounter_id uuid NOT NULL REFERENCES clinical.encounters(id) ON DELETE CASCADE
clinical,care_requirements,4,requirement_type,text,no,,no,no,,requirement_type text NOT NULL
clinical,care_requirements,5,requirement_code,text,no,,no,no,,requirement_code text NOT NULL
clinical,care_requirements,6,quantity,"numeric(14,4)",yes,,no,no,,"quantity numeric(14,4)"
clinical,care_requirements,7,frequency,text,yes,,no,no,,frequency text
clinical,care_requirements,8,minimum_staff_skill,text,yes,,no,no,,minimum_staff_skill text
clinical,care_requirements,9,required_location_capability,text,yes,,no,no,,required_location_capability text
clinical,care_requirements,10,starts_at,timestamptz,no,,no,no,,starts_at timestamptz NOT NULL
clinical,care_requirements,11,ends_at,timestamptz,yes,,no,no,,ends_at timestamptz
clinical,care_requirements,12,priority,core.severity_level,no,'medium',no,no,,priority core.severity_level NOT NULL DEFAULT 'medium'
clinical,care_requirements,13,source_reference,text,yes,,no,no,,source_reference text
clinical,care_requirements,14,created_at,timestamptz,no,now(),no,no,,created_at timestamptz NOT NULL DEFAULT now()
clinical,queue_definitions,1,id,uuid,no,gen_random_uuid(),yes,no,,id uuid PRIMARY KEY DEFAULT gen_random_uuid()
clinical,queue_definitions,2,tenant_id,uuid,no,,no,no,core.tenants(id),tenant_id uuid NOT NULL REFERENCES core.tenants(id) ON DELETE CASCADE
clinical,queue_definitions,3,facility_id,uuid,no,,no,no,core.facilities(id),facility_id uuid NOT NULL REFERENCES core.facilities(id)
clinical,queue_definitions,4,department_id,uuid,yes,,no,no,core.departments(id),department_id uuid REFERENCES core.departments(id)
clinical,queue_definitions,5,code,citext,no,,no,no,,code citext NOT NULL
clinical,queue_definitions,6,name,text,no,,no,no,,name text NOT NULL
clinical,queue_definitions,7,queue_type,text,no,,no,no,,queue_type text NOT NULL
clinical,queue_definitions,8,service_level_minutes,integer,yes,,no,no,,service_level_minutes integer CHECK(service_level_minutes>0)
clinical,queue_definitions,9,priority_rules,jsonb,no,'{}',no,no,,priority_rules jsonb NOT NULL DEFAULT '{}'
clinical,queue_definitions,10,status,core.record_status,no,'active',no,no,,status core.record_status NOT NULL DEFAULT 'active'
clinical,queue_definitions,11,"UNIQUE(tenant_id,facility_id,code)",,yes,,no,yes,,"UNIQUE(tenant_id,facility_id,code)"
clinical,queue_entries,1,id,uuid,no,gen_random_uuid(),yes,no,,id uuid PRIMARY KEY DEFAULT gen_random_uuid()
clinical,queue_entries,2,tenant_id,uuid,no,,no,no,core.tenants(id),tenant_id uuid NOT NULL REFERENCES core.tenants(id) ON DELETE CASCADE
clinical,queue_entries,3,queue_definition_id,uuid,no,,no,no,clinical.queue_definitions(id),queue_definition_id uuid NOT NULL REFERENCES clinical.queue_definitions(id)
clinical,queue_entries,4,encounter_id,uuid,no,,no,no,clinical.encounters(id),encounter_id uuid NOT NULL REFERENCES clinical.encounters(id) ON DELETE CASCADE
clinical,queue_entries,5,entered_at,timestamptz,no,,no,no,,entered_at timestamptz NOT NULL
clinical,queue_entries,6,exited_at,timestamptz,yes,,no,no,,exited_at timestamptz
clinical,queue_entries,7,queue_status,text,no,,no,no,,queue_status text NOT NULL
clinical,queue_entries,8,priority_score,"numeric(12,4)",yes,,no,no,,"priority_score numeric(12,4)"
clinical,queue_entries,9,position_hint,integer,yes,,no,no,,position_hint integer
clinical,queue_entries,10,waiting_reason,text,yes,,no,no,,waiting_reason text
clinical,queue_entries,11,assigned_location_id,uuid,yes,,no,no,capacity.locations(id),assigned_location_id uuid REFERENCES capacity.locations(id)
clinical,queue_entries,12,source_reference,text,yes,,no,no,,source_reference text
clinical,queue_entries,13,created_at,timestamptz,no,now(),no,no,,created_at timestamptz NOT NULL DEFAULT now()
clinical,patient_movements,1,id,uuid,no,gen_random_uuid(),yes,no,,id uuid PRIMARY KEY DEFAULT gen_random_uuid()
clinical,patient_movements,2,tenant_id,uuid,no,,no,no,core.tenants(id),tenant_id uuid NOT NULL REFERENCES core.tenants(id) ON DELETE CASCADE
clinical,patient_movements,3,patient_id,uuid,no,,no,no,clinical.patients(id),patient_id uuid NOT NULL REFERENCES clinical.patients(id)
clinical,patient_movements,4,encounter_id,uuid,no,,no,no,clinical.encounters(id),encounter_id uuid NOT NULL REFERENCES clinical.encounters(id) ON DELETE CASCADE
clinical,patient_movements,5,from_location_id,uuid,yes,,no,no,capacity.locations(id),from_location_id uuid REFERENCES capacity.locations(id)
clinical,patient_movements,6,to_location_id,uuid,yes,,no,no,capacity.locations(id),to_location_id uuid REFERENCES capacity.locations(id)
clinical,patient_movements,7,from_bed_id,uuid,yes,,no,no,capacity.beds(id),from_bed_id uuid REFERENCES capacity.beds(id)
clinical,patient_movements,8,to_bed_id,uuid,yes,,no,no,capacity.beds(id),to_bed_id uuid REFERENCES capacity.beds(id)
clinical,patient_movements,9,movement_type,text,no,,no,no,,movement_type text NOT NULL
clinical,patient_movements,10,requested_at,timestamptz,yes,,no,no,,requested_at timestamptz
clinical,patient_movements,11,started_at,timestamptz,yes,,no,no,,started_at timestamptz
clinical,patient_movements,12,completed_at,timestamptz,yes,,no,no,,completed_at timestamptz
clinical,patient_movements,13,status,text,no,,no,no,,status text NOT NULL
clinical,patient_movements,14,isolation_transport_requirements,jsonb,no,'[]',no,no,,isolation_transport_requirements jsonb NOT NULL DEFAULT '[]'
clinical,patient_movements,15,source_reference,text,yes,,no,no,,source_reference text
clinical,patient_movements,16,created_at,timestamptz,no,now(),no,no,,created_at timestamptz NOT NULL DEFAULT now()
clinical,discharge_readiness,1,id,uuid,no,gen_random_uuid(),yes,no,,id uuid PRIMARY KEY DEFAULT gen_random_uuid()
clinical,discharge_readiness,2,tenant_id,uuid,no,,no,no,core.tenants(id),tenant_id uuid NOT NULL REFERENCES core.tenants(id) ON DELETE CASCADE
clinical,discharge_readiness,3,encounter_id,uuid,no,,no,no,clinical.encounters(id),encounter_id uuid NOT NULL REFERENCES clinical.encounters(id) ON DELETE CASCADE
clinical,discharge_readiness,4,assessed_at,timestamptz,no,,no,no,,assessed_at timestamptz NOT NULL
clinical,discharge_readiness,5,medically_ready,boolean,no,,no,no,,medically_ready boolean NOT NULL
clinical,discharge_readiness,6,expected_discharge_at,timestamptz,yes,,no,no,,expected_discharge_at timestamptz
clinical,discharge_readiness,7,blockers,jsonb,no,'[]',no,no,,blockers jsonb NOT NULL DEFAULT '[]'
clinical,discharge_readiness,8,confidence,core.probability,yes,,no,no,,confidence core.probability
clinical,discharge_readiness,9,assessed_by_practitioner_id,uuid,yes,,no,no,workforce.practitioners(id),assessed_by_practitioner_id uuid REFERENCES workforce.practitioners(id)
clinical,discharge_readiness,10,source_reference,text,yes,,no,no,,source_reference text
clinical,discharge_readiness,11,created_at,timestamptz,no,now(),no,no,,created_at timestamptz NOT NULL DEFAULT now()
clinical,transfer_requests,1,id,uuid,no,gen_random_uuid(),yes,no,,id uuid PRIMARY KEY DEFAULT gen_random_uuid()
clinical,transfer_requests,2,tenant_id,uuid,no,,no,no,core.tenants(id),tenant_id uuid NOT NULL REFERENCES core.tenants(id) ON DELETE CASCADE
clinical,transfer_requests,3,encounter_id,uuid,no,,no,no,clinical.encounters(id),encounter_id uuid NOT NULL REFERENCES clinical.encounters(id)
clinical,transfer_requests,4,requested_by_practitioner_id,uuid,yes,,no,no,workforce.practitioners(id),requested_by_practitioner_id uuid REFERENCES workforce.practitioners(id)
clinical,transfer_requests,5,requested_at,timestamptz,no,,no,no,,requested_at timestamptz NOT NULL
clinical,transfer_requests,6,urgency,text,no,,no,no,,urgency text NOT NULL
clinical,transfer_requests,7,required_care_level,text,no,,no,no,,required_care_level text NOT NULL
clinical,transfer_requests,8,specialty_code,text,yes,,no,no,,specialty_code text
clinical,transfer_requests,9,reason_encrypted,bytea,yes,,no,no,,reason_encrypted bytea
clinical,transfer_requests,10,destination_preference,jsonb,no,'{}',no,no,,destination_preference jsonb NOT NULL DEFAULT '{}'
clinical,transfer_requests,11,status,text,no,,no,no,,status text NOT NULL
clinical,transfer_requests,12,accepted_destination_id,uuid,yes,,no,no,,accepted_destination_id uuid
clinical,transfer_requests,13,accepted_at,timestamptz,yes,,no,no,,accepted_at timestamptz
clinical,transfer_requests,14,source_reference,text,yes,,no,no,,source_reference text
clinical,transfer_requests,15,created_at,timestamptz,no,now(),no,no,,created_at timestamptz NOT NULL DEFAULT now()
clinical,transfer_destinations,1,id,uuid,no,gen_random_uuid(),yes,no,,id uuid PRIMARY KEY DEFAULT gen_random_uuid()
clinical,transfer_destinations,2,tenant_id,uuid,no,,no,no,core.tenants(id),tenant_id uuid NOT NULL REFERENCES core.tenants(id) ON DELETE CASCADE
clinical,transfer_destinations,3,transfer_request_id,uuid,no,,no,no,clinical.transfer_requests(id),transfer_request_id uuid NOT NULL REFERENCES clinical.transfer_requests(id) ON DELETE CASCADE
clinical,transfer_destinations,4,destination_facility_id,uuid,yes,,no,no,core.facilities(id),destination_facility_id uuid REFERENCES core.facilities(id)
clinical,transfer_destinations,5,external_facility_name,text,yes,,no,no,,external_facility_name text
clinical,transfer_destinations,6,contacted_at,timestamptz,yes,,no,no,,contacted_at timestamptz
clinical,transfer_destinations,7,response_at,timestamptz,yes,,no,no,,response_at timestamptz
clinical,transfer_destinations,8,response_status,text,yes,,no,no,,response_status text
clinical,transfer_destinations,9,available_bed_type,text,yes,,no,no,,available_bed_type text
clinical,transfer_destinations,10,estimated_acceptance_at,timestamptz,yes,,no,no,,estimated_acceptance_at timestamptz
clinical,transfer_destinations,11,notes_encrypted,bytea,yes,,no,no,,notes_encrypted bytea
clinical,transfer_destinations,12,created_at,timestamptz,no,now(),no,no,,created_at timestamptz NOT NULL DEFAULT now()
clinical,transport_requests,1,id,uuid,no,gen_random_uuid(),yes,no,,id uuid PRIMARY KEY DEFAULT gen_random_uuid()
clinical,transport_requests,2,tenant_id,uuid,no,,no,no,core.tenants(id),tenant_id uuid NOT NULL REFERENCES core.tenants(id) ON DELETE CASCADE
clinical,transport_requests,3,encounter_id,uuid,yes,,no,no,clinical.encounters(id),encounter_id uuid REFERENCES clinical.encounters(id)
clinical,transport_requests,4,patient_id,uuid,yes,,no,no,clinical.patients(id),patient_id uuid REFERENCES clinical.patients(id)
clinical,transport_requests,5,transport_type,text,no,,no,no,,transport_type text NOT NULL
clinical,transport_requests,6,origin_location_id,uuid,yes,,no,no,capacity.locations(id),origin_location_id uuid REFERENCES capacity.locations(id)
clinical,transport_requests,7,destination_location_id,uuid,yes,,no,no,capacity.locations(id),destination_location_id uuid REFERENCES capacity.locations(id)
clinical,transport_requests,8,external_destination,text,yes,,no,no,,external_destination text
clinical,transport_requests,9,priority,text,no,,no,no,,priority text NOT NULL
clinical,transport_requests,10,requested_at,timestamptz,no,,no,no,,requested_at timestamptz NOT NULL
clinical,transport_requests,11,needed_by,timestamptz,yes,,no,no,,needed_by timestamptz
clinical,transport_requests,12,assigned_resource,text,yes,,no,no,,assigned_resource text
clinical,transport_requests,13,status,text,no,,no,no,,status text NOT NULL
clinical,transport_requests,14,started_at,timestamptz,yes,,no,no,,started_at timestamptz
clinical,transport_requests,15,completed_at,timestamptz,yes,,no,no,,completed_at timestamptz
clinical,transport_requests,16,special_requirements,jsonb,no,'{}',no,no,,special_requirements jsonb NOT NULL DEFAULT '{}'
clinical,transport_requests,17,created_at,timestamptz,no,now(),no,no,,created_at timestamptz NOT NULL DEFAULT now()
clinical,patient_cohorts,1,id,uuid,no,gen_random_uuid(),yes,no,,id uuid PRIMARY KEY DEFAULT gen_random_uuid()
clinical,patient_cohorts,2,tenant_id,uuid,no,,no,no,core.tenants(id),tenant_id uuid NOT NULL REFERENCES core.tenants(id) ON DELETE CASCADE
clinical,patient_cohorts,3,facility_id,uuid,no,,no,no,core.facilities(id),facility_id uuid NOT NULL REFERENCES core.facilities(id)
clinical,patient_cohorts,4,name,text,no,,no,no,,name text NOT NULL
clinical,patient_cohorts,5,cohort_type,text,no,,no,no,,cohort_type text NOT NULL
clinical,patient_cohorts,6,criteria,jsonb,no,,no,no,,criteria jsonb NOT NULL
clinical,patient_cohorts,7,status,core.record_status,no,'active',no,no,,status core.record_status NOT NULL DEFAULT 'active'
clinical,patient_cohorts,8,created_at,timestamptz,no,now(),no,no,,created_at timestamptz NOT NULL DEFAULT now()
clinical,patient_cohort_members,1,patient_cohort_id,uuid,no,,no,no,clinical.patient_cohorts(id),patient_cohort_id uuid NOT NULL REFERENCES clinical.patient_cohorts(id) ON DELETE CASCADE
clinical,patient_cohort_members,2,patient_id,uuid,no,,no,no,clinical.patients(id),patient_id uuid NOT NULL REFERENCES clinical.patients(id) ON DELETE CASCADE
clinical,patient_cohort_members,3,encounter_id,uuid,yes,,no,no,clinical.encounters(id),encounter_id uuid REFERENCES clinical.encounters(id) ON DELETE CASCADE
clinical,patient_cohort_members,4,added_at,timestamptz,no,now(),no,no,,added_at timestamptz NOT NULL DEFAULT now()
clinical,patient_cohort_members,5,removed_at,timestamptz,yes,,no,no,,removed_at timestamptz
clinical,patient_cohort_members,6,reason,text,yes,,no,no,,reason text
incident,incident_types,1,id,uuid,no,gen_random_uuid(),yes,no,,id uuid PRIMARY KEY DEFAULT gen_random_uuid()
incident,incident_types,2,tenant_id,uuid,no,,no,no,core.tenants(id),tenant_id uuid NOT NULL REFERENCES core.tenants(id) ON DELETE CASCADE
incident,incident_types,3,code,citext,no,,no,no,,code citext NOT NULL
incident,incident_types,4,name,text,no,,no,no,,name text NOT NULL
incident,incident_types,5,category,text,no,,no,no,,category text NOT NULL
incident,incident_types,6,default_severity,core.severity_level,no,,no,no,,default_severity core.severity_level NOT NULL
incident,incident_types,7,default_playbook,jsonb,no,'{}',no,no,,default_playbook jsonb NOT NULL DEFAULT '{}'
incident,incident_types,8,status,core.record_status,no,'active',no,no,,status core.record_status NOT NULL DEFAULT 'active'
incident,incident_types,9,"UNIQUE(tenant_id,code)",,yes,,no,yes,,"UNIQUE(tenant_id,code)"
incident,incidents,1,id,uuid,no,gen_random_uuid(),yes,no,,id uuid PRIMARY KEY DEFAULT gen_random_uuid()
incident,incidents,2,tenant_id,uuid,no,,no,no,core.tenants(id),tenant_id uuid NOT NULL REFERENCES core.tenants(id) ON DELETE CASCADE
incident,incidents,3,incident_type_id,uuid,no,,no,no,incident.incident_types(id),incident_type_id uuid NOT NULL REFERENCES incident.incident_types(id)
incident,incidents,4,incident_number,citext,no,,no,no,,incident_number citext NOT NULL
incident,incidents,5,name,text,no,,no,no,,name text NOT NULL
incident,incidents,6,status,core.incident_status,no,'monitoring',no,no,,status core.incident_status NOT NULL DEFAULT 'monitoring'
incident,incidents,7,severity,core.severity_level,no,,no,no,,severity core.severity_level NOT NULL
incident,incidents,8,primary_facility_id,uuid,no,,no,no,core.facilities(id),primary_facility_id uuid NOT NULL REFERENCES core.facilities(id)
incident,incidents,9,started_at,timestamptz,no,,no,no,,started_at timestamptz NOT NULL
incident,incidents,10,activated_at,timestamptz,yes,,no,no,,activated_at timestamptz
incident,incidents,11,stabilized_at,timestamptz,yes,,no,no,,stabilized_at timestamptz
incident,incidents,12,closed_at,timestamptz,yes,,no,no,,closed_at timestamptz
incident,incidents,13,commander_user_id,uuid,yes,,no,no,iam.users(id),commander_user_id uuid REFERENCES iam.users(id)
incident,incidents,14,situation_summary,text,yes,,no,no,,situation_summary text
incident,incidents,15,objectives_summary,text,yes,,no,no,,objectives_summary text
incident,incidents,16,external_declaration_reference,text,yes,,no,no,,external_declaration_reference text
incident,incidents,17,source_kind,core.source_kind,no,'manual',no,no,,source_kind core.source_kind NOT NULL DEFAULT 'manual'
incident,incidents,18,metadata,jsonb,no,'{}',no,no,,metadata jsonb NOT NULL DEFAULT '{}'
incident,incidents,19,created_by,uuid,yes,,no,no,iam.users(id),created_by uuid REFERENCES iam.users(id)
incident,incidents,20,updated_by,uuid,yes,,no,no,iam.users(id),updated_by uuid REFERENCES iam.users(id)
incident,incidents,21,created_at,timestamptz,no,now(),no,no,,created_at timestamptz NOT NULL DEFAULT now()
incident,incidents,22,updated_at,timestamptz,no,now(),no,no,,updated_at timestamptz NOT NULL DEFAULT now()
incident,incidents,23,row_version,bigint,no,1,no,no,,row_version bigint NOT NULL DEFAULT 1
incident,incidents,24,"UNIQUE(tenant_id,incident_number)",,yes,,no,yes,,"UNIQUE(tenant_id,incident_number)"
incident,incidents,25,"UNIQUE(tenant_id,id)",,yes,,no,yes,,"UNIQUE(tenant_id,id)"
incident,incident_facilities,1,incident_id,uuid,no,,no,no,incident.incidents(id),incident_id uuid NOT NULL REFERENCES incident.incidents(id) ON DELETE CASCADE
incident,incident_facilities,2,facility_id,uuid,no,,no,no,core.facilities(id),facility_id uuid NOT NULL REFERENCES core.facilities(id)
incident,incident_facilities,3,role,text,no,,no,no,,role text NOT NULL
incident,incident_facilities,4,joined_at,timestamptz,no,now(),no,no,,joined_at timestamptz NOT NULL DEFAULT now()
incident,incident_facilities,5,left_at,timestamptz,yes,,no,no,,left_at timestamptz
incident,operational_periods,1,id,uuid,no,gen_random_uuid(),yes,no,,id uuid PRIMARY KEY DEFAULT gen_random_uuid()
incident,operational_periods,2,tenant_id,uuid,no,,no,no,core.tenants(id),tenant_id uuid NOT NULL REFERENCES core.tenants(id) ON DELETE CASCADE
incident,operational_periods,3,incident_id,uuid,no,,no,no,incident.incidents(id),incident_id uuid NOT NULL REFERENCES incident.incidents(id) ON DELETE CASCADE
incident,operational_periods,4,period_number,integer,no,,no,no,,period_number integer NOT NULL CHECK(period_number>0)
incident,operational_periods,5,starts_at,timestamptz,no,,no,no,,starts_at timestamptz NOT NULL
incident,operational_periods,6,ends_at,timestamptz,no,,no,no,,ends_at timestamptz NOT NULL
incident,operational_periods,7,status,core.record_status,no,'active',no,no,,status core.record_status NOT NULL DEFAULT 'active'
incident,operational_periods,8,briefing_at,timestamptz,yes,,no,no,,briefing_at timestamptz
incident,operational_periods,9,planning_deadline_at,timestamptz,yes,,no,no,,planning_deadline_at timestamptz
incident,operational_periods,10,approved_at,timestamptz,yes,,no,no,,approved_at timestamptz
incident,operational_periods,11,approved_by,uuid,yes,,no,no,iam.users(id),approved_by uuid REFERENCES iam.users(id)
incident,operational_periods,12,created_at,timestamptz,no,now(),no,no,,created_at timestamptz NOT NULL DEFAULT now()
incident,operational_periods,13,"UNIQUE(incident_id,period_number)",,yes,,no,yes,,"UNIQUE(incident_id,period_number)"
incident,operational_periods,14,CHECK(ends_at>starts_at),,yes,,no,no,,CHECK(ends_at>starts_at)
incident,command_position_definitions,1,id,uuid,no,gen_random_uuid(),yes,no,,id uuid PRIMARY KEY DEFAULT gen_random_uuid()
incident,command_position_definitions,2,tenant_id,uuid,no,,no,no,core.tenants(id),tenant_id uuid NOT NULL REFERENCES core.tenants(id) ON DELETE CASCADE
incident,command_position_definitions,3,code,citext,no,,no,no,,code citext NOT NULL
incident,command_position_definitions,4,name,text,no,,no,no,,name text NOT NULL
incident,command_position_definitions,5,section,text,no,,no,no,,section text NOT NULL
incident,command_position_definitions,6,reports_to_position_id,uuid,yes,,no,no,incident.command_position_definitions(id),reports_to_position_id uuid REFERENCES incident.command_position_definitions(id)
incident,command_position_definitions,7,responsibilities,jsonb,no,'[]',no,no,,responsibilities jsonb NOT NULL DEFAULT '[]'
incident,command_position_definitions,8,qualification_requirements,jsonb,no,'{}',no,no,,qualification_requirements jsonb NOT NULL DEFAULT '{}'
incident,command_position_definitions,9,status,core.record_status,no,'active',no,no,,status core.record_status NOT NULL DEFAULT 'active'
incident,command_position_definitions,10,"UNIQUE(tenant_id,code)",,yes,,no,yes,,"UNIQUE(tenant_id,code)"
incident,command_assignments,1,id,uuid,no,gen_random_uuid(),yes,no,,id uuid PRIMARY KEY DEFAULT gen_random_uuid()
incident,command_assignments,2,tenant_id,uuid,no,,no,no,core.tenants(id),tenant_id uuid NOT NULL REFERENCES core.tenants(id) ON DELETE CASCADE
incident,command_assignments,3,incident_id,uuid,no,,no,no,incident.incidents(id),incident_id uuid NOT NULL REFERENCES incident.incidents(id) ON DELETE CASCADE
incident,command_assignments,4,operational_period_id,uuid,yes,,no,no,incident.operational_periods(id),operational_period_id uuid REFERENCES incident.operational_periods(id) ON DELETE CASCADE
incident,command_assignments,5,position_definition_id,uuid,no,,no,no,incident.command_position_definitions(id),position_definition_id uuid NOT NULL REFERENCES incident.command_position_definitions(id)
incident,command_assignments,6,user_id,uuid,yes,,no,no,iam.users(id),user_id uuid REFERENCES iam.users(id)
incident,command_assignments,7,practitioner_id,uuid,yes,,no,no,workforce.practitioners(id),practitioner_id uuid REFERENCES workforce.practitioners(id)
incident,command_assignments,8,external_person_name,text,yes,,no,no,,external_person_name text
incident,command_assignments,9,starts_at,timestamptz,no,,no,no,,starts_at timestamptz NOT NULL
incident,command_assignments,10,ends_at,timestamptz,yes,,no,no,,ends_at timestamptz
incident,command_assignments,11,assignment_status,text,no,,no,no,,assignment_status text NOT NULL
incident,command_assignments,12,appointed_by,uuid,yes,,no,no,iam.users(id),appointed_by uuid REFERENCES iam.users(id)
incident,command_assignments,13,"CHECK(num_nonnulls(user_id,practitioner_id,external_person_name)=1)",,yes,,no,no,,"CHECK(num_nonnulls(user_id,practitioner_id,external_person_name)=1)"
incident,situation_reports,1,id,uuid,no,gen_random_uuid(),yes,no,,id uuid PRIMARY KEY DEFAULT gen_random_uuid()
incident,situation_reports,2,tenant_id,uuid,no,,no,no,core.tenants(id),tenant_id uuid NOT NULL REFERENCES core.tenants(id) ON DELETE CASCADE
incident,situation_reports,3,incident_id,uuid,no,,no,no,incident.incidents(id),incident_id uuid NOT NULL REFERENCES incident.incidents(id) ON DELETE CASCADE
incident,situation_reports,4,operational_period_id,uuid,yes,,no,no,incident.operational_periods(id),operational_period_id uuid REFERENCES incident.operational_periods(id)
incident,situation_reports,5,report_number,integer,no,,no,no,,report_number integer NOT NULL
incident,situation_reports,6,as_of,timestamptz,no,,no,no,,as_of timestamptz NOT NULL
incident,situation_reports,7,summary,text,no,,no,no,,summary text NOT NULL
incident,situation_reports,8,impact_summary,jsonb,no,'{}',no,no,,impact_summary jsonb NOT NULL DEFAULT '{}'
incident,situation_reports,9,capacity_summary,jsonb,no,'{}',no,no,,capacity_summary jsonb NOT NULL DEFAULT '{}'
incident,situation_reports,10,staffing_summary,jsonb,no,'{}',no,no,,staffing_summary jsonb NOT NULL DEFAULT '{}'
incident,situation_reports,11,safety_summary,jsonb,no,'{}',no,no,,safety_summary jsonb NOT NULL DEFAULT '{}'
incident,situation_reports,12,external_conditions,jsonb,no,'{}',no,no,,external_conditions jsonb NOT NULL DEFAULT '{}'
incident,situation_reports,13,prepared_by,uuid,yes,,no,no,iam.users(id),prepared_by uuid REFERENCES iam.users(id)
incident,situation_reports,14,approved_by,uuid,yes,,no,no,iam.users(id),approved_by uuid REFERENCES iam.users(id)
incident,situation_reports,15,approved_at,timestamptz,yes,,no,no,,approved_at timestamptz
incident,situation_reports,16,created_at,timestamptz,no,now(),no,no,,created_at timestamptz NOT NULL DEFAULT now()
incident,situation_reports,17,"UNIQUE(incident_id,report_number)",,yes,,no,yes,,"UNIQUE(incident_id,report_number)"
incident,hazards,1,id,uuid,no,gen_random_uuid(),yes,no,,id uuid PRIMARY KEY DEFAULT gen_random_uuid()
incident,hazards,2,tenant_id,uuid,no,,no,no,core.tenants(id),tenant_id uuid NOT NULL REFERENCES core.tenants(id) ON DELETE CASCADE
incident,hazards,3,incident_id,uuid,no,,no,no,incident.incidents(id),incident_id uuid NOT NULL REFERENCES incident.incidents(id) ON DELETE CASCADE
incident,hazards,4,operational_period_id,uuid,yes,,no,no,incident.operational_periods(id),operational_period_id uuid REFERENCES incident.operational_periods(id)
incident,hazards,5,facility_id,uuid,yes,,no,no,core.facilities(id),facility_id uuid REFERENCES core.facilities(id)
incident,hazards,6,location_id,uuid,yes,,no,no,capacity.locations(id),location_id uuid REFERENCES capacity.locations(id)
incident,hazards,7,hazard_type,text,no,,no,no,,hazard_type text NOT NULL
incident,hazards,8,description,text,no,,no,no,,description text NOT NULL
incident,hazards,9,likelihood,core.probability,yes,,no,no,,likelihood core.probability
incident,hazards,10,impact_level,core.severity_level,no,,no,no,,impact_level core.severity_level NOT NULL
incident,hazards,11,risk_score,"numeric(12,4)",yes,,no,no,,"risk_score numeric(12,4)"
incident,hazards,12,identified_at,timestamptz,no,,no,no,,identified_at timestamptz NOT NULL
incident,hazards,13,status,core.record_status,no,'active',no,no,,status core.record_status NOT NULL DEFAULT 'active'
incident,hazards,14,owner_user_id,uuid,yes,,no,no,iam.users(id),owner_user_id uuid REFERENCES iam.users(id)
incident,hazards,15,created_at,timestamptz,no,now(),no,no,,created_at timestamptz NOT NULL DEFAULT now()
incident,safety_measures,1,id,uuid,no,gen_random_uuid(),yes,no,,id uuid PRIMARY KEY DEFAULT gen_random_uuid()
incident,safety_measures,2,tenant_id,uuid,no,,no,no,core.tenants(id),tenant_id uuid NOT NULL REFERENCES core.tenants(id) ON DELETE CASCADE
incident,safety_measures,3,hazard_id,uuid,no,,no,no,incident.hazards(id),hazard_id uuid NOT NULL REFERENCES incident.hazards(id) ON DELETE CASCADE
incident,safety_measures,4,measure_type,text,no,,no,no,,measure_type text NOT NULL
incident,safety_measures,5,description,text,no,,no,no,,description text NOT NULL
incident,safety_measures,6,required_ppe,jsonb,no,'[]',no,no,,required_ppe jsonb NOT NULL DEFAULT '[]'
incident,safety_measures,7,assigned_to,uuid,yes,,no,no,iam.users(id),assigned_to uuid REFERENCES iam.users(id)
incident,safety_measures,8,due_at,timestamptz,yes,,no,no,,due_at timestamptz
incident,safety_measures,9,completed_at,timestamptz,yes,,no,no,,completed_at timestamptz
incident,safety_measures,10,effectiveness_status,text,yes,,no,no,,effectiveness_status text
incident,safety_measures,11,evidence,jsonb,no,'{}',no,no,,evidence jsonb NOT NULL DEFAULT '{}'
incident,safety_measures,12,created_at,timestamptz,no,now(),no,no,,created_at timestamptz NOT NULL DEFAULT now()
incident,objectives,1,id,uuid,no,gen_random_uuid(),yes,no,,id uuid PRIMARY KEY DEFAULT gen_random_uuid()
incident,objectives,2,tenant_id,uuid,no,,no,no,core.tenants(id),tenant_id uuid NOT NULL REFERENCES core.tenants(id) ON DELETE CASCADE
incident,objectives,3,incident_id,uuid,no,,no,no,incident.incidents(id),incident_id uuid NOT NULL REFERENCES incident.incidents(id) ON DELETE CASCADE
incident,objectives,4,operational_period_id,uuid,no,,no,no,incident.operational_periods(id),operational_period_id uuid NOT NULL REFERENCES incident.operational_periods(id) ON DELETE CASCADE
incident,objectives,5,objective_number,integer,no,,no,no,,objective_number integer NOT NULL
incident,objectives,6,description,text,no,,no,no,,description text NOT NULL
incident,objectives,7,priority,integer,no,100,no,no,,priority integer NOT NULL DEFAULT 100
incident,objectives,8,success_measure,jsonb,no,'{}',no,no,,success_measure jsonb NOT NULL DEFAULT '{}'
incident,objectives,9,owner_position_id,uuid,yes,,no,no,incident.command_position_definitions(id),owner_position_id uuid REFERENCES incident.command_position_definitions(id)
incident,objectives,10,status,core.task_status,no,'ready',no,no,,status core.task_status NOT NULL DEFAULT 'ready'
incident,objectives,11,created_at,timestamptz,no,now(),no,no,,created_at timestamptz NOT NULL DEFAULT now()
incident,objectives,12,"UNIQUE(operational_period_id,objective_number)",,yes,,no,yes,,"UNIQUE(operational_period_id,objective_number)"
incident,tactics,1,id,uuid,no,gen_random_uuid(),yes,no,,id uuid PRIMARY KEY DEFAULT gen_random_uuid()
incident,tactics,2,tenant_id,uuid,no,,no,no,core.tenants(id),tenant_id uuid NOT NULL REFERENCES core.tenants(id) ON DELETE CASCADE
incident,tactics,3,objective_id,uuid,no,,no,no,incident.objectives(id),objective_id uuid NOT NULL REFERENCES incident.objectives(id) ON DELETE CASCADE
incident,tactics,4,tactic_number,integer,no,,no,no,,tactic_number integer NOT NULL
incident,tactics,5,description,text,no,,no,no,,description text NOT NULL
incident,tactics,6,assigned_section,text,yes,,no,no,,assigned_section text
incident,tactics,7,assigned_unit,text,yes,,no,no,,assigned_unit text
incident,tactics,8,resource_requirements,jsonb,no,'[]',no,no,,resource_requirements jsonb NOT NULL DEFAULT '[]'
incident,tactics,9,starts_at,timestamptz,yes,,no,no,,starts_at timestamptz
incident,tactics,10,due_at,timestamptz,yes,,no,no,,due_at timestamptz
incident,tactics,11,status,core.task_status,no,'ready',no,no,,status core.task_status NOT NULL DEFAULT 'ready'
incident,tactics,12,created_at,timestamptz,no,now(),no,no,,created_at timestamptz NOT NULL DEFAULT now()
incident,tactics,13,"UNIQUE(objective_id,tactic_number)",,yes,,no,yes,,"UNIQUE(objective_id,tactic_number)"
incident,action_plans,1,id,uuid,no,gen_random_uuid(),yes,no,,id uuid PRIMARY KEY DEFAULT gen_random_uuid()
incident,action_plans,2,tenant_id,uuid,no,,no,no,core.tenants(id),tenant_id uuid NOT NULL REFERENCES core.tenants(id) ON DELETE CASCADE
incident,action_plans,3,incident_id,uuid,no,,no,no,incident.incidents(id),incident_id uuid NOT NULL REFERENCES incident.incidents(id) ON DELETE CASCADE
incident,action_plans,4,operational_period_id,uuid,no,,no,no,incident.operational_periods(id),operational_period_id uuid NOT NULL REFERENCES incident.operational_periods(id) ON DELETE CASCADE
incident,action_plans,5,title,text,no,,no,no,,title text NOT NULL
incident,action_plans,6,status,core.approval_status,no,'pending',no,no,,status core.approval_status NOT NULL DEFAULT 'pending'
incident,action_plans,7,situation_summary,text,yes,,no,no,,situation_summary text
incident,action_plans,8,health_safety_briefing,text,yes,,no,no,,health_safety_briefing text
incident,action_plans,9,prepared_by,uuid,yes,,no,no,iam.users(id),prepared_by uuid REFERENCES iam.users(id)
incident,action_plans,10,prepared_at,timestamptz,yes,,no,no,,prepared_at timestamptz
incident,action_plans,11,approved_by,uuid,yes,,no,no,iam.users(id),approved_by uuid REFERENCES iam.users(id)
incident,action_plans,12,approved_at,timestamptz,yes,,no,no,,approved_at timestamptz
incident,action_plans,13,supersedes_action_plan_id,uuid,yes,,no,no,incident.action_plans(id),supersedes_action_plan_id uuid REFERENCES incident.action_plans(id)
incident,action_plans,14,document_file_id,uuid,yes,,no,no,,document_file_id uuid
incident,action_plans,15,metadata,jsonb,no,'{}',no,no,,metadata jsonb NOT NULL DEFAULT '{}'
incident,action_plans,16,created_at,timestamptz,no,now(),no,no,,created_at timestamptz NOT NULL DEFAULT now()
incident,action_plans,17,"UNIQUE(operational_period_id,title)",,yes,,no,yes,,"UNIQUE(operational_period_id,title)"
incident,action_plan_items,1,id,uuid,no,gen_random_uuid(),yes,no,,id uuid PRIMARY KEY DEFAULT gen_random_uuid()
incident,action_plan_items,2,tenant_id,uuid,no,,no,no,core.tenants(id),tenant_id uuid NOT NULL REFERENCES core.tenants(id) ON DELETE CASCADE
incident,action_plan_items,3,action_plan_id,uuid,no,,no,no,incident.action_plans(id),action_plan_id uuid NOT NULL REFERENCES incident.action_plans(id) ON DELETE CASCADE
incident,action_plan_items,4,objective_id,uuid,yes,,no,no,incident.objectives(id),objective_id uuid REFERENCES incident.objectives(id)
incident,action_plan_items,5,tactic_id,uuid,yes,,no,no,incident.tactics(id),tactic_id uuid REFERENCES incident.tactics(id)
incident,action_plan_items,6,item_type,text,no,,no,no,,item_type text NOT NULL
incident,action_plan_items,7,item_order,integer,no,,no,no,,item_order integer NOT NULL
incident,action_plan_items,8,content,jsonb,no,,no,no,,content jsonb NOT NULL
incident,action_plan_items,9,created_at,timestamptz,no,now(),no,no,,created_at timestamptz NOT NULL DEFAULT now()
incident,action_plan_items,10,"UNIQUE(action_plan_id,item_order)",,yes,,no,yes,,"UNIQUE(action_plan_id,item_order)"
incident,tasks,1,id,uuid,no,gen_random_uuid(),yes,no,,id uuid PRIMARY KEY DEFAULT gen_random_uuid()
incident,tasks,2,tenant_id,uuid,no,,no,no,core.tenants(id),tenant_id uuid NOT NULL REFERENCES core.tenants(id) ON DELETE CASCADE
incident,tasks,3,incident_id,uuid,no,,no,no,incident.incidents(id),incident_id uuid NOT NULL REFERENCES incident.incidents(id) ON DELETE CASCADE
incident,tasks,4,operational_period_id,uuid,yes,,no,no,incident.operational_periods(id),operational_period_id uuid REFERENCES incident.operational_periods(id)
incident,tasks,5,objective_id,uuid,yes,,no,no,incident.objectives(id),objective_id uuid REFERENCES incident.objectives(id)
incident,tasks,6,tactic_id,uuid,yes,,no,no,incident.tactics(id),tactic_id uuid REFERENCES incident.tactics(id)
incident,tasks,7,parent_task_id,uuid,yes,,no,no,incident.tasks(id),parent_task_id uuid REFERENCES incident.tasks(id)
incident,tasks,8,task_number,citext,no,,no,no,,task_number citext NOT NULL
incident,tasks,9,title,text,no,,no,no,,title text NOT NULL
incident,tasks,10,description,text,yes,,no,no,,description text
incident,tasks,11,task_type,text,no,,no,no,,task_type text NOT NULL
incident,tasks,12,status,core.task_status,no,'ready',no,no,,status core.task_status NOT NULL DEFAULT 'ready'
incident,tasks,13,priority,core.severity_level,no,'medium',no,no,,priority core.severity_level NOT NULL DEFAULT 'medium'
incident,tasks,14,assigned_user_id,uuid,yes,,no,no,iam.users(id),assigned_user_id uuid REFERENCES iam.users(id)
incident,tasks,15,assigned_practitioner_id,uuid,yes,,no,no,workforce.practitioners(id),assigned_practitioner_id uuid REFERENCES workforce.practitioners(id)
incident,tasks,16,assigned_department_id,uuid,yes,,no,no,core.departments(id),assigned_department_id uuid REFERENCES core.departments(id)
incident,tasks,17,assigned_external_party,text,yes,,no,no,,assigned_external_party text
incident,tasks,18,requested_at,timestamptz,no,now(),no,no,,requested_at timestamptz NOT NULL DEFAULT now()
incident,tasks,19,starts_at,timestamptz,yes,,no,no,,starts_at timestamptz
incident,tasks,20,due_at,timestamptz,yes,,no,no,,due_at timestamptz
incident,tasks,21,completed_at,timestamptz,yes,,no,no,,completed_at timestamptz
incident,tasks,22,completion_evidence,jsonb,no,'{}',no,no,,completion_evidence jsonb NOT NULL DEFAULT '{}'
incident,tasks,23,source_reference,text,yes,,no,no,,source_reference text
incident,tasks,24,created_at,timestamptz,no,now(),no,no,,created_at timestamptz NOT NULL DEFAULT now()
incident,tasks,25,updated_at,timestamptz,no,now(),no,no,,updated_at timestamptz NOT NULL DEFAULT now()
incident,tasks,26,row_version,bigint,no,1,no,no,,row_version bigint NOT NULL DEFAULT 1
incident,tasks,27,"UNIQUE(incident_id,task_number)",,yes,,no,yes,,"UNIQUE(incident_id,task_number)"
incident,task_dependencies,1,predecessor_task_id,uuid,no,,no,no,incident.tasks(id),predecessor_task_id uuid NOT NULL REFERENCES incident.tasks(id) ON DELETE CASCADE
incident,task_dependencies,2,successor_task_id,uuid,no,,no,no,incident.tasks(id),successor_task_id uuid NOT NULL REFERENCES incident.tasks(id) ON DELETE CASCADE
incident,task_dependencies,3,dependency_type,text,no,'finish_to_start',no,no,,dependency_type text NOT NULL DEFAULT 'finish_to_start'
incident,task_dependencies,4,lag_minutes,integer,no,0,no,no,,lag_minutes integer NOT NULL DEFAULT 0
incident,task_dependencies,5,CHECK(predecessor_task_id<>successor_task_id),,yes,,no,no,,CHECK(predecessor_task_id<>successor_task_id)
incident,resource_requests,1,id,uuid,no,gen_random_uuid(),yes,no,,id uuid PRIMARY KEY DEFAULT gen_random_uuid()
incident,resource_requests,2,tenant_id,uuid,no,,no,no,core.tenants(id),tenant_id uuid NOT NULL REFERENCES core.tenants(id) ON DELETE CASCADE
incident,resource_requests,3,incident_id,uuid,no,,no,no,incident.incidents(id),incident_id uuid NOT NULL REFERENCES incident.incidents(id) ON DELETE CASCADE
incident,resource_requests,4,operational_period_id,uuid,yes,,no,no,incident.operational_periods(id),operational_period_id uuid REFERENCES incident.operational_periods(id)
incident,resource_requests,5,request_number,citext,no,,no,no,,request_number citext NOT NULL
incident,resource_requests,6,requested_by,uuid,yes,,no,no,iam.users(id),requested_by uuid REFERENCES iam.users(id)
incident,resource_requests,7,requested_at,timestamptz,no,,no,no,,requested_at timestamptz NOT NULL
incident,resource_requests,8,resource_type,text,no,,no,no,,resource_type text NOT NULL
incident,resource_requests,9,resource_code,text,yes,,no,no,,resource_code text
incident,resource_requests,10,description,text,no,,no,no,,description text NOT NULL
incident,resource_requests,11,quantity,"numeric(16,4)",no,,no,no,,"quantity numeric(16,4) NOT NULL CHECK(quantity>0)"
incident,resource_requests,12,unit_of_measure,text,yes,,no,no,,unit_of_measure text
incident,resource_requests,13,needed_at,timestamptz,yes,,no,no,,needed_at timestamptz
incident,resource_requests,14,delivery_location_id,uuid,yes,,no,no,capacity.locations(id),delivery_location_id uuid REFERENCES capacity.locations(id)
incident,resource_requests,15,priority,core.severity_level,no,,no,no,,priority core.severity_level NOT NULL
incident,resource_requests,16,status,text,no,,no,no,,status text NOT NULL
incident,resource_requests,17,justification,text,yes,,no,no,,justification text
incident,resource_requests,18,estimated_cost,"numeric(18,2)",yes,,no,no,,"estimated_cost numeric(18,2)"
incident,resource_requests,19,currency_code,char(3),yes,,no,no,,currency_code char(3)
incident,resource_requests,20,created_at,timestamptz,no,now(),no,no,,created_at timestamptz NOT NULL DEFAULT now()
incident,resource_requests,21,"UNIQUE(incident_id,request_number)",,yes,,no,yes,,"UNIQUE(incident_id,request_number)"
incident,resource_fulfillments,1,id,uuid,no,gen_random_uuid(),yes,no,,id uuid PRIMARY KEY DEFAULT gen_random_uuid()
incident,resource_fulfillments,2,tenant_id,uuid,no,,no,no,core.tenants(id),tenant_id uuid NOT NULL REFERENCES core.tenants(id) ON DELETE CASCADE
incident,resource_fulfillments,3,resource_request_id,uuid,no,,no,no,incident.resource_requests(id),resource_request_id uuid NOT NULL REFERENCES incident.resource_requests(id) ON DELETE CASCADE
incident,resource_fulfillments,4,fulfillment_source,text,no,,no,no,,fulfillment_source text NOT NULL
incident,resource_fulfillments,5,source_entity_id,uuid,yes,,no,no,,source_entity_id uuid
incident,resource_fulfillments,6,quantity,"numeric(16,4)",no,,no,no,,"quantity numeric(16,4) NOT NULL CHECK(quantity>0)"
incident,resource_fulfillments,7,promised_at,timestamptz,yes,,no,no,,promised_at timestamptz
incident,resource_fulfillments,8,dispatched_at,timestamptz,yes,,no,no,,dispatched_at timestamptz
incident,resource_fulfillments,9,delivered_at,timestamptz,yes,,no,no,,delivered_at timestamptz
incident,resource_fulfillments,10,status,text,no,,no,no,,status text NOT NULL
incident,resource_fulfillments,11,tracking_reference,text,yes,,no,no,,tracking_reference text
incident,resource_fulfillments,12,actual_cost,"numeric(18,2)",yes,,no,no,,"actual_cost numeric(18,2)"
incident,resource_fulfillments,13,currency_code,char(3),yes,,no,no,,currency_code char(3)
incident,resource_fulfillments,14,created_at,timestamptz,no,now(),no,no,,created_at timestamptz NOT NULL DEFAULT now()
incident,decisions,1,id,uuid,no,gen_random_uuid(),yes,no,,id uuid PRIMARY KEY DEFAULT gen_random_uuid()
incident,decisions,2,tenant_id,uuid,no,,no,no,core.tenants(id),tenant_id uuid NOT NULL REFERENCES core.tenants(id) ON DELETE CASCADE
incident,decisions,3,incident_id,uuid,no,,no,no,incident.incidents(id),incident_id uuid NOT NULL REFERENCES incident.incidents(id) ON DELETE CASCADE
incident,decisions,4,operational_period_id,uuid,yes,,no,no,incident.operational_periods(id),operational_period_id uuid REFERENCES incident.operational_periods(id)
incident,decisions,5,decision_number,citext,no,,no,no,,decision_number citext NOT NULL
incident,decisions,6,subject,text,no,,no,no,,subject text NOT NULL
incident,decisions,7,decision_text,text,no,,no,no,,decision_text text NOT NULL
incident,decisions,8,rationale,text,no,,no,no,,rationale text NOT NULL
incident,decisions,9,alternatives_considered,jsonb,no,'[]',no,no,,alternatives_considered jsonb NOT NULL DEFAULT '[]'
incident,decisions,10,risk_summary,jsonb,no,'{}',no,no,,risk_summary jsonb NOT NULL DEFAULT '{}'
incident,decisions,11,decided_by,uuid,no,,no,no,iam.users(id),decided_by uuid NOT NULL REFERENCES iam.users(id)
incident,decisions,12,decided_at,timestamptz,no,,no,no,,decided_at timestamptz NOT NULL
incident,decisions,13,effective_at,timestamptz,yes,,no,no,,effective_at timestamptz
incident,decisions,14,expires_at,timestamptz,yes,,no,no,,expires_at timestamptz
incident,decisions,15,supersedes_decision_id,uuid,yes,,no,no,incident.decisions(id),supersedes_decision_id uuid REFERENCES incident.decisions(id)
incident,decisions,16,created_at,timestamptz,no,now(),no,no,,created_at timestamptz NOT NULL DEFAULT now()
incident,decisions,17,"UNIQUE(incident_id,decision_number)",,yes,,no,yes,,"UNIQUE(incident_id,decision_number)"
incident,approvals,1,id,uuid,no,gen_random_uuid(),yes,no,,id uuid PRIMARY KEY DEFAULT gen_random_uuid()
incident,approvals,2,tenant_id,uuid,no,,no,no,core.tenants(id),tenant_id uuid NOT NULL REFERENCES core.tenants(id) ON DELETE CASCADE
incident,approvals,3,incident_id,uuid,no,,no,no,incident.incidents(id),incident_id uuid NOT NULL REFERENCES incident.incidents(id) ON DELETE CASCADE
incident,approvals,4,subject_type,text,no,,no,no,,subject_type text NOT NULL
incident,approvals,5,subject_id,uuid,no,,no,no,,subject_id uuid NOT NULL
incident,approvals,6,approval_type,text,no,,no,no,,approval_type text NOT NULL
incident,approvals,7,status,core.approval_status,no,'pending',no,no,,status core.approval_status NOT NULL DEFAULT 'pending'
incident,approvals,8,requested_by,uuid,yes,,no,no,iam.users(id),requested_by uuid REFERENCES iam.users(id)
incident,approvals,9,requested_at,timestamptz,no,now(),no,no,,requested_at timestamptz NOT NULL DEFAULT now()
incident,approvals,10,assigned_approver_user_id,uuid,yes,,no,no,iam.users(id),assigned_approver_user_id uuid REFERENCES iam.users(id)
incident,approvals,11,assigned_approver_role,text,yes,,no,no,,assigned_approver_role text
incident,approvals,12,due_at,timestamptz,yes,,no,no,,due_at timestamptz
incident,approvals,13,decided_by,uuid,yes,,no,no,iam.users(id),decided_by uuid REFERENCES iam.users(id)
incident,approvals,14,decided_at,timestamptz,yes,,no,no,,decided_at timestamptz
incident,approvals,15,decision_reason,text,yes,,no,no,,decision_reason text
incident,approvals,16,signature_reference,text,yes,,no,no,,signature_reference text
incident,timeline_events,1,id,uuid,no,gen_random_uuid(),yes,no,,id uuid PRIMARY KEY DEFAULT gen_random_uuid()
incident,timeline_events,2,tenant_id,uuid,no,,no,no,core.tenants(id),tenant_id uuid NOT NULL REFERENCES core.tenants(id) ON DELETE CASCADE
incident,timeline_events,3,incident_id,uuid,no,,no,no,incident.incidents(id),incident_id uuid NOT NULL REFERENCES incident.incidents(id) ON DELETE CASCADE
incident,timeline_events,4,occurred_at,timestamptz,no,,no,no,,occurred_at timestamptz NOT NULL
incident,timeline_events,5,event_type,text,no,,no,no,,event_type text NOT NULL
incident,timeline_events,6,severity,core.severity_level,no,'info',no,no,,severity core.severity_level NOT NULL DEFAULT 'info'
incident,timeline_events,7,title,text,no,,no,no,,title text NOT NULL
incident,timeline_events,8,description,text,yes,,no,no,,description text
incident,timeline_events,9,source_kind,core.source_kind,no,,no,no,,source_kind core.source_kind NOT NULL
incident,timeline_events,10,source_reference,text,yes,,no,no,,source_reference text
incident,timeline_events,11,actor_id,uuid,yes,,no,no,,actor_id uuid
incident,timeline_events,12,payload,jsonb,no,'{}',no,no,,payload jsonb NOT NULL DEFAULT '{}'
incident,timeline_events,13,created_at,timestamptz,no,now(),no,no,,created_at timestamptz NOT NULL DEFAULT now()
policy,policy_documents,1,id,uuid,no,gen_random_uuid(),yes,no,,id uuid PRIMARY KEY DEFAULT gen_random_uuid()
policy,policy_documents,2,tenant_id,uuid,no,,no,no,core.tenants(id),tenant_id uuid NOT NULL REFERENCES core.tenants(id) ON DELETE CASCADE
policy,policy_documents,3,policy_code,citext,no,,no,no,,policy_code citext NOT NULL
policy,policy_documents,4,title,text,no,,no,no,,title text NOT NULL
policy,policy_documents,5,policy_type,text,no,,no,no,,policy_type text NOT NULL
policy,policy_documents,6,owner_department_id,uuid,yes,,no,no,core.departments(id),owner_department_id uuid REFERENCES core.departments(id)
policy,policy_documents,7,jurisdiction,text,yes,,no,no,,jurisdiction text
policy,policy_documents,8,issuing_authority,text,yes,,no,no,,issuing_authority text
policy,policy_documents,9,status,core.record_status,no,'draft',no,no,,status core.record_status NOT NULL DEFAULT 'draft'
policy,policy_documents,10,source_uri,text,yes,,no,no,,source_uri text
policy,policy_documents,11,metadata,jsonb,no,'{}',no,no,,metadata jsonb NOT NULL DEFAULT '{}'
policy,policy_documents,12,created_at,timestamptz,no,now(),no,no,,created_at timestamptz NOT NULL DEFAULT now()
policy,policy_documents,13,updated_at,timestamptz,no,now(),no,no,,updated_at timestamptz NOT NULL DEFAULT now()
policy,policy_documents,14,row_version,bigint,no,1,no,no,,row_version bigint NOT NULL DEFAULT 1
policy,policy_documents,15,"UNIQUE(tenant_id,policy_code)",,yes,,no,yes,,"UNIQUE(tenant_id,policy_code)"
policy,policy_versions,1,id,uuid,no,gen_random_uuid(),yes,no,,id uuid PRIMARY KEY DEFAULT gen_random_uuid()
policy,policy_versions,2,tenant_id,uuid,no,,no,no,core.tenants(id),tenant_id uuid NOT NULL REFERENCES core.tenants(id) ON DELETE CASCADE
policy,policy_versions,3,policy_document_id,uuid,no,,no,no,policy.policy_documents(id),policy_document_id uuid NOT NULL REFERENCES policy.policy_documents(id) ON DELETE CASCADE
policy,policy_versions,4,version_label,text,no,,no,no,,version_label text NOT NULL
policy,policy_versions,5,version_number,integer,no,,no,no,,version_number integer NOT NULL
policy,policy_versions,6,content_hash,core.sha256_hex,no,,no,no,,content_hash core.sha256_hex NOT NULL
policy,policy_versions,7,effective_from,timestamptz,yes,,no,no,,effective_from timestamptz
policy,policy_versions,8,effective_to,timestamptz,yes,,no,no,,effective_to timestamptz
policy,policy_versions,9,status,core.record_status,no,'draft',no,no,,status core.record_status NOT NULL DEFAULT 'draft'
policy,policy_versions,10,approved_by,uuid,yes,,no,no,iam.users(id),approved_by uuid REFERENCES iam.users(id)
policy,policy_versions,11,approved_at,timestamptz,yes,,no,no,,approved_at timestamptz
policy,policy_versions,12,source_file_id,uuid,yes,,no,no,,source_file_id uuid
policy,policy_versions,13,canonical_text,text,yes,,no,no,,canonical_text text
policy,policy_versions,14,structured_content,jsonb,no,'{}',no,no,,structured_content jsonb NOT NULL DEFAULT '{}'
policy,policy_versions,15,created_at,timestamptz,no,now(),no,no,,created_at timestamptz NOT NULL DEFAULT now()
policy,policy_versions,16,"UNIQUE(policy_document_id,version_number)",,yes,,no,yes,,"UNIQUE(policy_document_id,version_number)"
policy,policy_versions,17,"UNIQUE(policy_document_id,content_hash)",,yes,,no,yes,,"UNIQUE(policy_document_id,content_hash)"
policy,policy_versions,18,CHECK(effective_to,IS,yes,,no,no,,CHECK(effective_to IS NULL OR effective_from IS NULL OR effective_to>effective_from)
policy,policy_sections,1,id,uuid,no,gen_random_uuid(),yes,no,,id uuid PRIMARY KEY DEFAULT gen_random_uuid()
policy,policy_sections,2,tenant_id,uuid,no,,no,no,core.tenants(id),tenant_id uuid NOT NULL REFERENCES core.tenants(id) ON DELETE CASCADE
policy,policy_sections,3,policy_version_id,uuid,no,,no,no,policy.policy_versions(id),policy_version_id uuid NOT NULL REFERENCES policy.policy_versions(id) ON DELETE CASCADE
policy,policy_sections,4,parent_section_id,uuid,yes,,no,no,policy.policy_sections(id),parent_section_id uuid REFERENCES policy.policy_sections(id) ON DELETE CASCADE
policy,policy_sections,5,section_path,text,no,,no,no,,section_path text NOT NULL
policy,policy_sections,6,heading,text,yes,,no,no,,heading text
policy,policy_sections,7,content_text,text,no,,no,no,,content_text text NOT NULL
policy,policy_sections,8,content_hash,core.sha256_hex,no,,no,no,,content_hash core.sha256_hex NOT NULL
policy,policy_sections,9,order_index,integer,no,,no,no,,order_index integer NOT NULL
policy,policy_sections,10,citations,jsonb,no,'[]',no,no,,citations jsonb NOT NULL DEFAULT '[]'
policy,policy_sections,11,metadata,jsonb,no,'{}',no,no,,metadata jsonb NOT NULL DEFAULT '{}'
policy,policy_sections,12,"UNIQUE(policy_version_id,section_path)",,yes,,no,yes,,"UNIQUE(policy_version_id,section_path)"
policy,rule_sets,1,id,uuid,no,gen_random_uuid(),yes,no,,id uuid PRIMARY KEY DEFAULT gen_random_uuid()
policy,rule_sets,2,tenant_id,uuid,no,,no,no,core.tenants(id),tenant_id uuid NOT NULL REFERENCES core.tenants(id) ON DELETE CASCADE
policy,rule_sets,3,name,citext,no,,no,no,,name citext NOT NULL
policy,rule_sets,4,description,text,yes,,no,no,,description text
policy,rule_sets,5,domain,text,no,,no,no,,domain text NOT NULL
policy,rule_sets,6,engine_type,text,no,,no,no,,"engine_type text NOT NULL CHECK(engine_type IN('sql','json_logic','cel','rego','dmn','custom'))"
policy,rule_sets,7,engine_version,text,yes,,no,no,,engine_version text
policy,rule_sets,8,status,core.record_status,no,'draft',no,no,,status core.record_status NOT NULL DEFAULT 'draft'
policy,rule_sets,9,effective_from,timestamptz,yes,,no,no,,effective_from timestamptz
policy,rule_sets,10,effective_to,timestamptz,yes,,no,no,,effective_to timestamptz
policy,rule_sets,11,default_constraint_strength,core.constraint_strength,no,'hard',no,no,,default_constraint_strength core.constraint_strength NOT NULL DEFAULT 'hard'
policy,rule_sets,12,created_at,timestamptz,no,now(),no,no,,created_at timestamptz NOT NULL DEFAULT now()
policy,rule_sets,13,updated_at,timestamptz,no,now(),no,no,,updated_at timestamptz NOT NULL DEFAULT now()
policy,rule_sets,14,row_version,bigint,no,1,no,no,,row_version bigint NOT NULL DEFAULT 1
policy,rule_sets,15,"UNIQUE(tenant_id,name,effective_from)",,yes,,no,yes,,"UNIQUE(tenant_id,name,effective_from)"
policy,policy_rule_set_links,1,policy_version_id,uuid,no,,no,no,policy.policy_versions(id),policy_version_id uuid NOT NULL REFERENCES policy.policy_versions(id) ON DELETE CASCADE
policy,policy_rule_set_links,2,rule_set_id,uuid,no,,no,no,policy.rule_sets(id),rule_set_id uuid NOT NULL REFERENCES policy.rule_sets(id) ON DELETE CASCADE
policy,policy_rule_set_links,3,relationship_type,text,no,'implements',no,no,,relationship_type text NOT NULL DEFAULT 'implements'
policy,rules,1,id,uuid,no,gen_random_uuid(),yes,no,,id uuid PRIMARY KEY DEFAULT gen_random_uuid()
policy,rules,2,tenant_id,uuid,no,,no,no,core.tenants(id),tenant_id uuid NOT NULL REFERENCES core.tenants(id) ON DELETE CASCADE
policy,rules,3,rule_set_id,uuid,no,,no,no,policy.rule_sets(id),rule_set_id uuid NOT NULL REFERENCES policy.rule_sets(id) ON DELETE CASCADE
policy,rules,4,rule_code,citext,no,,no,no,,rule_code citext NOT NULL
policy,rules,5,name,text,no,,no,no,,name text NOT NULL
policy,rules,6,description,text,no,,no,no,,description text NOT NULL
policy,rules,7,category,text,no,,no,no,,category text NOT NULL
policy,rules,8,constraint_strength,core.constraint_strength,no,,no,no,,constraint_strength core.constraint_strength NOT NULL
policy,rules,9,severity,core.severity_level,no,,no,no,,severity core.severity_level NOT NULL
policy,rules,10,expression_language,text,no,,no,no,,expression_language text NOT NULL
policy,rules,11,condition_expression,text,no,,no,no,,condition_expression text NOT NULL
policy,rules,12,message_template,text,no,,no,no,,message_template text NOT NULL
policy,rules,13,remediation_template,text,yes,,no,no,,remediation_template text
policy,rules,14,evaluation_order,integer,no,100,no,no,,evaluation_order integer NOT NULL DEFAULT 100
policy,rules,15,enabled,boolean,no,true,no,no,,enabled boolean NOT NULL DEFAULT true
policy,rules,16,fail_closed,boolean,no,true,no,no,,fail_closed boolean NOT NULL DEFAULT true
policy,rules,17,policy_section_id,uuid,yes,,no,no,policy.policy_sections(id),policy_section_id uuid REFERENCES policy.policy_sections(id)
policy,rules,18,input_schema,jsonb,no,'{}',no,no,,input_schema jsonb NOT NULL DEFAULT '{}'
policy,rules,19,output_schema,jsonb,no,'{}',no,no,,output_schema jsonb NOT NULL DEFAULT '{}'
policy,rules,20,metadata,jsonb,no,'{}',no,no,,metadata jsonb NOT NULL DEFAULT '{}'
policy,rules,21,created_at,timestamptz,no,now(),no,no,,created_at timestamptz NOT NULL DEFAULT now()
policy,rules,22,updated_at,timestamptz,no,now(),no,no,,updated_at timestamptz NOT NULL DEFAULT now()
policy,rules,23,row_version,bigint,no,1,no,no,,row_version bigint NOT NULL DEFAULT 1
policy,rules,24,"UNIQUE(rule_set_id,rule_code)",,yes,,no,yes,,"UNIQUE(rule_set_id,rule_code)"
policy,rule_parameters,1,id,uuid,no,gen_random_uuid(),yes,no,,id uuid PRIMARY KEY DEFAULT gen_random_uuid()
policy,rule_parameters,2,tenant_id,uuid,no,,no,no,core.tenants(id),tenant_id uuid NOT NULL REFERENCES core.tenants(id) ON DELETE CASCADE
policy,rule_parameters,3,rule_id,uuid,no,,no,no,policy.rules(id),rule_id uuid NOT NULL REFERENCES policy.rules(id) ON DELETE CASCADE
policy,rule_parameters,4,parameter_key,citext,no,,no,no,,parameter_key citext NOT NULL
policy,rule_parameters,5,data_type,text,no,,no,no,,data_type text NOT NULL
policy,rule_parameters,6,default_value,jsonb,yes,,no,no,,default_value jsonb
policy,rule_parameters,7,required,boolean,no,false,no,no,,required boolean NOT NULL DEFAULT false
policy,rule_parameters,8,allowed_values,jsonb,yes,,no,no,,allowed_values jsonb
policy,rule_parameters,9,validation_expression,text,yes,,no,no,,validation_expression text
policy,rule_parameters,10,description,text,yes,,no,no,,description text
policy,rule_parameters,11,"UNIQUE(rule_id,parameter_key)",,yes,,no,yes,,"UNIQUE(rule_id,parameter_key)"
policy,rule_parameter_overrides,1,id,uuid,no,gen_random_uuid(),yes,no,,id uuid PRIMARY KEY DEFAULT gen_random_uuid()
policy,rule_parameter_overrides,2,tenant_id,uuid,no,,no,no,core.tenants(id),tenant_id uuid NOT NULL REFERENCES core.tenants(id) ON DELETE CASCADE
policy,rule_parameter_overrides,3,rule_parameter_id,uuid,no,,no,no,policy.rule_parameters(id),rule_parameter_id uuid NOT NULL REFERENCES policy.rule_parameters(id) ON DELETE CASCADE
policy,rule_parameter_overrides,4,facility_id,uuid,yes,,no,no,core.facilities(id),facility_id uuid REFERENCES core.facilities(id)
policy,rule_parameter_overrides,5,department_id,uuid,yes,,no,no,core.departments(id),department_id uuid REFERENCES core.departments(id)
policy,rule_parameter_overrides,6,incident_type_id,uuid,yes,,no,no,incident.incident_types(id),incident_type_id uuid REFERENCES incident.incident_types(id)
policy,rule_parameter_overrides,7,override_value,jsonb,no,,no,no,,override_value jsonb NOT NULL
policy,rule_parameter_overrides,8,reason,text,no,,no,no,,reason text NOT NULL
policy,rule_parameter_overrides,9,valid_from,timestamptz,no,,no,no,,valid_from timestamptz NOT NULL
policy,rule_parameter_overrides,10,valid_to,timestamptz,yes,,no,no,,valid_to timestamptz
policy,rule_parameter_overrides,11,approved_by,uuid,yes,,no,no,iam.users(id),approved_by uuid REFERENCES iam.users(id)
policy,rule_parameter_overrides,12,approved_at,timestamptz,yes,,no,no,,approved_at timestamptz
policy,rule_applicability,1,id,uuid,no,gen_random_uuid(),yes,no,,id uuid PRIMARY KEY DEFAULT gen_random_uuid()
policy,rule_applicability,2,tenant_id,uuid,no,,no,no,core.tenants(id),tenant_id uuid NOT NULL REFERENCES core.tenants(id) ON DELETE CASCADE
policy,rule_applicability,3,rule_id,uuid,no,,no,no,policy.rules(id),rule_id uuid NOT NULL REFERENCES policy.rules(id) ON DELETE CASCADE
policy,rule_applicability,4,facility_id,uuid,yes,,no,no,core.facilities(id),facility_id uuid REFERENCES core.facilities(id)
policy,rule_applicability,5,department_id,uuid,yes,,no,no,core.departments(id),department_id uuid REFERENCES core.departments(id)
policy,rule_applicability,6,service_line_id,uuid,yes,,no,no,core.service_lines(id),service_line_id uuid REFERENCES core.service_lines(id)
policy,rule_applicability,7,incident_type_id,uuid,yes,,no,no,incident.incident_types(id),incident_type_id uuid REFERENCES incident.incident_types(id)
policy,rule_applicability,8,care_level,text,yes,,no,no,,care_level text
policy,rule_applicability,9,applicability_expression,text,yes,,no,no,,applicability_expression text
policy,rule_applicability,10,include,boolean,no,true,no,no,,include boolean NOT NULL DEFAULT true
policy,rule_applicability,11,priority,integer,no,100,no,no,,priority integer NOT NULL DEFAULT 100
policy,rule_dependencies,1,rule_id,uuid,no,,no,no,policy.rules(id),rule_id uuid NOT NULL REFERENCES policy.rules(id) ON DELETE CASCADE
policy,rule_dependencies,2,depends_on_rule_id,uuid,no,,no,no,policy.rules(id),depends_on_rule_id uuid NOT NULL REFERENCES policy.rules(id) ON DELETE CASCADE
policy,rule_dependencies,3,dependency_type,text,no,,no,no,,dependency_type text NOT NULL
policy,rule_dependencies,4,CHECK(rule_id<>depends_on_rule_id),,yes,,no,no,,CHECK(rule_id<>depends_on_rule_id)
policy,rule_tests,1,id,uuid,no,gen_random_uuid(),yes,no,,id uuid PRIMARY KEY DEFAULT gen_random_uuid()
policy,rule_tests,2,tenant_id,uuid,no,,no,no,core.tenants(id),tenant_id uuid NOT NULL REFERENCES core.tenants(id) ON DELETE CASCADE
policy,rule_tests,3,rule_id,uuid,no,,no,no,policy.rules(id),rule_id uuid NOT NULL REFERENCES policy.rules(id) ON DELETE CASCADE
policy,rule_tests,4,test_name,text,no,,no,no,,test_name text NOT NULL
policy,rule_tests,5,input_fixture,jsonb,no,,no,no,,input_fixture jsonb NOT NULL
policy,rule_tests,6,expected_result,jsonb,no,,no,no,,expected_result jsonb NOT NULL
policy,rule_tests,7,last_run_at,timestamptz,yes,,no,no,,last_run_at timestamptz
policy,rule_tests,8,last_outcome,text,yes,,no,no,,last_outcome text
policy,rule_tests,9,last_error,text,yes,,no,no,,last_error text
policy,rule_tests,10,created_at,timestamptz,no,now(),no,no,,created_at timestamptz NOT NULL DEFAULT now()
policy,rule_tests,11,"UNIQUE(rule_id,test_name)",,yes,,no,yes,,"UNIQUE(rule_id,test_name)"
policy,evidence_requirements,1,id,uuid,no,gen_random_uuid(),yes,no,,id uuid PRIMARY KEY DEFAULT gen_random_uuid()
policy,evidence_requirements,2,tenant_id,uuid,no,,no,no,core.tenants(id),tenant_id uuid NOT NULL REFERENCES core.tenants(id) ON DELETE CASCADE
policy,evidence_requirements,3,rule_id,uuid,no,,no,no,policy.rules(id),rule_id uuid NOT NULL REFERENCES policy.rules(id) ON DELETE CASCADE
policy,evidence_requirements,4,evidence_type,text,no,,no,no,,evidence_type text NOT NULL
policy,evidence_requirements,5,source_type,text,no,,no,no,,source_type text NOT NULL
policy,evidence_requirements,6,freshness_minutes,integer,yes,,no,no,,freshness_minutes integer CHECK(freshness_minutes>0)
policy,evidence_requirements,7,minimum_confidence,core.probability,yes,,no,no,,minimum_confidence core.probability
policy,evidence_requirements,8,mandatory,boolean,no,true,no,no,,mandatory boolean NOT NULL DEFAULT true
policy,evidence_requirements,9,description,text,yes,,no,no,,description text
policy,policy_acknowledgements,1,id,uuid,no,gen_random_uuid(),yes,no,,id uuid PRIMARY KEY DEFAULT gen_random_uuid()
policy,policy_acknowledgements,2,tenant_id,uuid,no,,no,no,core.tenants(id),tenant_id uuid NOT NULL REFERENCES core.tenants(id) ON DELETE CASCADE
policy,policy_acknowledgements,3,policy_version_id,uuid,no,,no,no,policy.policy_versions(id),policy_version_id uuid NOT NULL REFERENCES policy.policy_versions(id) ON DELETE CASCADE
policy,policy_acknowledgements,4,user_id,uuid,no,,no,no,iam.users(id),user_id uuid NOT NULL REFERENCES iam.users(id) ON DELETE CASCADE
policy,policy_acknowledgements,5,acknowledged_at,timestamptz,no,,no,no,,acknowledged_at timestamptz NOT NULL
policy,policy_acknowledgements,6,acknowledgement_type,text,no,,no,no,,acknowledgement_type text NOT NULL
policy,policy_acknowledgements,7,signature_reference,text,yes,,no,no,,signature_reference text
policy,policy_acknowledgements,8,"UNIQUE(policy_version_id,user_id,acknowledgement_type)",,yes,,no,yes,,"UNIQUE(policy_version_id,user_id,acknowledgement_type)"
policy,override_authorities,1,id,uuid,no,gen_random_uuid(),yes,no,,id uuid PRIMARY KEY DEFAULT gen_random_uuid()
policy,override_authorities,2,tenant_id,uuid,no,,no,no,core.tenants(id),tenant_id uuid NOT NULL REFERENCES core.tenants(id) ON DELETE CASCADE
policy,override_authorities,3,override_type,text,no,,no,no,,override_type text NOT NULL
policy,override_authorities,4,minimum_severity,core.severity_level,no,,no,no,,minimum_severity core.severity_level NOT NULL
policy,override_authorities,5,role_id,uuid,yes,,no,no,iam.roles(id),role_id uuid REFERENCES iam.roles(id)
policy,override_authorities,6,command_position_id,uuid,yes,,no,no,incident.command_position_definitions(id),command_position_id uuid REFERENCES incident.command_position_definitions(id)
policy,override_authorities,7,requires_dual_approval,boolean,no,false,no,no,,requires_dual_approval boolean NOT NULL DEFAULT false
policy,override_authorities,8,maximum_duration_minutes,integer,yes,,no,no,,maximum_duration_minutes integer
policy,override_authorities,9,required_justification_fields,jsonb,no,'[]',no,no,,required_justification_fields jsonb NOT NULL DEFAULT '[]'
policy,override_authorities,10,status,core.record_status,no,'active',no,no,,status core.record_status NOT NULL DEFAULT 'active'
policy,override_requests,1,id,uuid,no,gen_random_uuid(),yes,no,,id uuid PRIMARY KEY DEFAULT gen_random_uuid()
policy,override_requests,2,tenant_id,uuid,no,,no,no,core.tenants(id),tenant_id uuid NOT NULL REFERENCES core.tenants(id) ON DELETE CASCADE
policy,override_requests,3,incident_id,uuid,yes,,no,no,incident.incidents(id),incident_id uuid REFERENCES incident.incidents(id)
policy,override_requests,4,plan_id,uuid,yes,,no,no,,plan_id uuid
policy,override_requests,5,rule_id,uuid,no,,no,no,policy.rules(id),rule_id uuid NOT NULL REFERENCES policy.rules(id)
policy,override_requests,6,requested_by,uuid,no,,no,no,iam.users(id),requested_by uuid NOT NULL REFERENCES iam.users(id)
policy,override_requests,7,requested_at,timestamptz,no,now(),no,no,,requested_at timestamptz NOT NULL DEFAULT now()
policy,override_requests,8,justification,text,no,,no,no,,justification text NOT NULL
policy,override_requests,9,proposed_controls,jsonb,no,'[]',no,no,,proposed_controls jsonb NOT NULL DEFAULT '[]'
policy,override_requests,10,requested_duration_minutes,integer,yes,,no,no,,requested_duration_minutes integer
policy,override_requests,11,status,core.approval_status,no,'pending',no,no,,status core.approval_status NOT NULL DEFAULT 'pending'
policy,override_requests,12,expires_at,timestamptz,yes,,no,no,,expires_at timestamptz
policy,override_requests,13,decided_by,uuid,yes,,no,no,iam.users(id),decided_by uuid REFERENCES iam.users(id)
policy,override_requests,14,decided_at,timestamptz,yes,,no,no,,decided_at timestamptz
policy,override_requests,15,decision_reason,text,yes,,no,no,,decision_reason text
policy,override_requests,16,second_approver,uuid,yes,,no,no,iam.users(id),second_approver uuid REFERENCES iam.users(id)
policy,override_requests,17,second_approved_at,timestamptz,yes,,no,no,,second_approved_at timestamptz
policy,evaluation_sessions,1,id,uuid,no,gen_random_uuid(),yes,no,,id uuid PRIMARY KEY DEFAULT gen_random_uuid()
policy,evaluation_sessions,2,tenant_id,uuid,no,,no,no,core.tenants(id),tenant_id uuid NOT NULL REFERENCES core.tenants(id) ON DELETE CASCADE
policy,evaluation_sessions,3,incident_id,uuid,yes,,no,no,incident.incidents(id),incident_id uuid REFERENCES incident.incidents(id)
policy,evaluation_sessions,4,subject_type,text,no,,no,no,,subject_type text NOT NULL
policy,evaluation_sessions,5,subject_id,uuid,no,,no,no,,subject_id uuid NOT NULL
policy,evaluation_sessions,6,rule_set_id,uuid,no,,no,no,policy.rule_sets(id),rule_set_id uuid NOT NULL REFERENCES policy.rule_sets(id)
policy,evaluation_sessions,7,started_at,timestamptz,no,now(),no,no,,started_at timestamptz NOT NULL DEFAULT now()
policy,evaluation_sessions,8,completed_at,timestamptz,yes,,no,no,,completed_at timestamptz
policy,evaluation_sessions,9,status,core.execution_status,no,'running',no,no,,status core.execution_status NOT NULL DEFAULT 'running'
policy,evaluation_sessions,10,input_snapshot_hash,core.sha256_hex,yes,,no,no,,input_snapshot_hash core.sha256_hex
policy,evaluation_sessions,11,input_snapshot,jsonb,no,,no,no,,input_snapshot jsonb NOT NULL
policy,evaluation_sessions,12,engine_metadata,jsonb,no,'{}',no,no,,engine_metadata jsonb NOT NULL DEFAULT '{}'
policy,evaluation_sessions,13,initiated_by,uuid,yes,,no,no,,initiated_by uuid
policy,evaluation_sessions,14,correlation_id,uuid,no,gen_random_uuid(),no,no,,correlation_id uuid NOT NULL DEFAULT gen_random_uuid()
policy,rule_evaluations,1,id,uuid,no,gen_random_uuid(),yes,no,,id uuid PRIMARY KEY DEFAULT gen_random_uuid()
policy,rule_evaluations,2,tenant_id,uuid,no,,no,no,core.tenants(id),tenant_id uuid NOT NULL REFERENCES core.tenants(id) ON DELETE CASCADE
policy,rule_evaluations,3,evaluation_session_id,uuid,no,,no,no,policy.evaluation_sessions(id),evaluation_session_id uuid NOT NULL REFERENCES policy.evaluation_sessions(id) ON DELETE CASCADE
policy,rule_evaluations,4,rule_id,uuid,no,,no,no,policy.rules(id),rule_id uuid NOT NULL REFERENCES policy.rules(id)
policy,rule_evaluations,5,outcome,text,no,,no,no,,"outcome text NOT NULL CHECK(outcome IN('pass','fail','indeterminate','error','not_applicable'))"
policy,rule_evaluations,6,evaluated_at,timestamptz,no,now(),no,no,,evaluated_at timestamptz NOT NULL DEFAULT now()
policy,rule_evaluations,7,duration_ms,integer,yes,,no,no,,duration_ms integer CHECK(duration_ms>=0)
policy,rule_evaluations,8,input_facts,jsonb,no,'{}',no,no,,input_facts jsonb NOT NULL DEFAULT '{}'
policy,rule_evaluations,9,output_facts,jsonb,no,'{}',no,no,,output_facts jsonb NOT NULL DEFAULT '{}'
policy,rule_evaluations,10,evidence,jsonb,no,'[]',no,no,,evidence jsonb NOT NULL DEFAULT '[]'
policy,rule_evaluations,11,message,text,yes,,no,no,,message text
policy,rule_evaluations,12,error_detail,text,yes,,no,no,,error_detail text
policy,rule_evaluations,13,"UNIQUE(evaluation_session_id,rule_id)",,yes,,no,yes,,"UNIQUE(evaluation_session_id,rule_id)"
policy,violations,1,id,uuid,no,gen_random_uuid(),yes,no,,id uuid PRIMARY KEY DEFAULT gen_random_uuid()
policy,violations,2,tenant_id,uuid,no,,no,no,core.tenants(id),tenant_id uuid NOT NULL REFERENCES core.tenants(id) ON DELETE CASCADE
policy,violations,3,evaluation_session_id,uuid,no,,no,no,policy.evaluation_sessions(id),evaluation_session_id uuid NOT NULL REFERENCES policy.evaluation_sessions(id) ON DELETE CASCADE
policy,violations,4,rule_evaluation_id,uuid,no,,no,no,policy.rule_evaluations(id),rule_evaluation_id uuid NOT NULL REFERENCES policy.rule_evaluations(id) ON DELETE CASCADE
policy,violations,5,incident_id,uuid,yes,,no,no,incident.incidents(id),incident_id uuid REFERENCES incident.incidents(id)
policy,violations,6,plan_id,uuid,yes,,no,no,,plan_id uuid
policy,violations,7,violation_code,text,no,,no,no,,violation_code text NOT NULL
policy,violations,8,severity,core.severity_level,no,,no,no,,severity core.severity_level NOT NULL
policy,violations,9,constraint_strength,core.constraint_strength,no,,no,no,,constraint_strength core.constraint_strength NOT NULL
policy,violations,10,status,core.violation_status,no,'open',no,no,,status core.violation_status NOT NULL DEFAULT 'open'
policy,violations,11,summary,text,no,,no,no,,summary text NOT NULL
policy,violations,12,details,jsonb,no,,no,no,,details jsonb NOT NULL
policy,violations,13,affected_entities,jsonb,no,'[]',no,no,,affected_entities jsonb NOT NULL DEFAULT '[]'
policy,violations,14,detected_at,timestamptz,no,now(),no,no,,detected_at timestamptz NOT NULL DEFAULT now()
policy,violations,15,acknowledged_by,uuid,yes,,no,no,iam.users(id),acknowledged_by uuid REFERENCES iam.users(id)
policy,violations,16,acknowledged_at,timestamptz,yes,,no,no,,acknowledged_at timestamptz
policy,violations,17,resolved_at,timestamptz,yes,,no,no,,resolved_at timestamptz
policy,violations,18,override_request_id,uuid,yes,,no,no,policy.override_requests(id),override_request_id uuid REFERENCES policy.override_requests(id)
policy,remediation_actions,1,id,uuid,no,gen_random_uuid(),yes,no,,id uuid PRIMARY KEY DEFAULT gen_random_uuid()
policy,remediation_actions,2,tenant_id,uuid,no,,no,no,core.tenants(id),tenant_id uuid NOT NULL REFERENCES core.tenants(id) ON DELETE CASCADE
policy,remediation_actions,3,violation_id,uuid,no,,no,no,policy.violations(id),violation_id uuid NOT NULL REFERENCES policy.violations(id) ON DELETE CASCADE
policy,remediation_actions,4,action_type,text,no,,no,no,,action_type text NOT NULL
policy,remediation_actions,5,description,text,no,,no,no,,description text NOT NULL
policy,remediation_actions,6,assigned_to_user_id,uuid,yes,,no,no,iam.users(id),assigned_to_user_id uuid REFERENCES iam.users(id)
policy,remediation_actions,7,due_at,timestamptz,yes,,no,no,,due_at timestamptz
policy,remediation_actions,8,status,core.task_status,no,'ready',no,no,,status core.task_status NOT NULL DEFAULT 'ready'
policy,remediation_actions,9,completed_at,timestamptz,yes,,no,no,,completed_at timestamptz
policy,remediation_actions,10,evidence,jsonb,no,'{}',no,no,,evidence jsonb NOT NULL DEFAULT '{}'
policy,remediation_actions,11,created_at,timestamptz,no,now(),no,no,,created_at timestamptz NOT NULL DEFAULT now()
planning,scenarios,1,id,uuid,no,gen_random_uuid(),yes,no,,id uuid PRIMARY KEY DEFAULT gen_random_uuid()
planning,scenarios,2,tenant_id,uuid,no,,no,no,core.tenants(id),tenant_id uuid NOT NULL REFERENCES core.tenants(id) ON DELETE CASCADE
planning,scenarios,3,incident_id,uuid,yes,,no,no,incident.incidents(id),incident_id uuid REFERENCES incident.incidents(id) ON DELETE CASCADE
planning,scenarios,4,facility_id,uuid,no,,no,no,core.facilities(id),facility_id uuid NOT NULL REFERENCES core.facilities(id)
planning,scenarios,5,scenario_code,citext,no,,no,no,,scenario_code citext NOT NULL
planning,scenarios,6,name,text,no,,no,no,,name text NOT NULL
planning,scenarios,7,description,text,yes,,no,no,,description text
planning,scenarios,8,status,core.record_status,no,'draft',no,no,,status core.record_status NOT NULL DEFAULT 'draft'
planning,scenarios,9,horizon_starts_at,timestamptz,no,,no,no,,horizon_starts_at timestamptz NOT NULL
planning,scenarios,10,horizon_ends_at,timestamptz,no,,no,no,,horizon_ends_at timestamptz NOT NULL
planning,scenarios,11,time_bucket_minutes,integer,no,15,no,no,,time_bucket_minutes integer NOT NULL DEFAULT 15 CHECK(time_bucket_minutes>0)
planning,scenarios,12,created_by,uuid,yes,,no,no,iam.users(id),created_by uuid REFERENCES iam.users(id)
planning,scenarios,13,created_at,timestamptz,no,now(),no,no,,created_at timestamptz NOT NULL DEFAULT now()
planning,scenarios,14,updated_at,timestamptz,no,now(),no,no,,updated_at timestamptz NOT NULL DEFAULT now()
planning,scenarios,15,row_version,bigint,no,1,no,no,,row_version bigint NOT NULL DEFAULT 1
planning,scenarios,16,"UNIQUE(tenant_id,scenario_code)",,yes,,no,yes,,"UNIQUE(tenant_id,scenario_code)"
planning,scenarios,17,CHECK(horizon_ends_at>horizon_starts_at),,yes,,no,no,,CHECK(horizon_ends_at>horizon_starts_at)
planning,scenario_versions,1,id,uuid,no,gen_random_uuid(),yes,no,,id uuid PRIMARY KEY DEFAULT gen_random_uuid()
planning,scenario_versions,2,tenant_id,uuid,no,,no,no,core.tenants(id),tenant_id uuid NOT NULL REFERENCES core.tenants(id) ON DELETE CASCADE
planning,scenario_versions,3,scenario_id,uuid,no,,no,no,planning.scenarios(id),scenario_id uuid NOT NULL REFERENCES planning.scenarios(id) ON DELETE CASCADE
planning,scenario_versions,4,version_number,integer,no,,no,no,,version_number integer NOT NULL
planning,scenario_versions,5,status,core.record_status,no,'draft',no,no,,status core.record_status NOT NULL DEFAULT 'draft'
planning,scenario_versions,6,base_version_id,uuid,yes,,no,no,planning.scenario_versions(id),base_version_id uuid REFERENCES planning.scenario_versions(id)
planning,scenario_versions,7,change_summary,text,yes,,no,no,,change_summary text
planning,scenario_versions,8,input_hash,core.sha256_hex,yes,,no,no,,input_hash core.sha256_hex
planning,scenario_versions,9,frozen_at,timestamptz,yes,,no,no,,frozen_at timestamptz
planning,scenario_versions,10,frozen_by,uuid,yes,,no,no,iam.users(id),frozen_by uuid REFERENCES iam.users(id)
planning,scenario_versions,11,created_at,timestamptz,no,now(),no,no,,created_at timestamptz NOT NULL DEFAULT now()
planning,scenario_versions,12,"UNIQUE(scenario_id,version_number)",,yes,,no,yes,,"UNIQUE(scenario_id,version_number)"
planning,baseline_snapshots,1,id,uuid,no,gen_random_uuid(),yes,no,,id uuid PRIMARY KEY DEFAULT gen_random_uuid()
planning,baseline_snapshots,2,tenant_id,uuid,no,,no,no,core.tenants(id),tenant_id uuid NOT NULL REFERENCES core.tenants(id) ON DELETE CASCADE
planning,baseline_snapshots,3,scenario_version_id,uuid,no,,no,no,planning.scenario_versions(id),scenario_version_id uuid NOT NULL REFERENCES planning.scenario_versions(id) ON DELETE CASCADE
planning,baseline_snapshots,4,as_of,timestamptz,no,,no,no,,as_of timestamptz NOT NULL
planning,baseline_snapshots,5,source_watermarks,jsonb,no,,no,no,,source_watermarks jsonb NOT NULL
planning,baseline_snapshots,6,bed_snapshot,jsonb,no,,no,no,,bed_snapshot jsonb NOT NULL
planning,baseline_snapshots,7,staffing_snapshot,jsonb,no,,no,no,,staffing_snapshot jsonb NOT NULL
planning,baseline_snapshots,8,patient_flow_snapshot,jsonb,no,,no,no,,patient_flow_snapshot jsonb NOT NULL
planning,baseline_snapshots,9,inventory_snapshot,jsonb,no,,no,no,,inventory_snapshot jsonb NOT NULL
planning,baseline_snapshots,10,external_context_snapshot,jsonb,no,'{}',no,no,,external_context_snapshot jsonb NOT NULL DEFAULT '{}'
planning,baseline_snapshots,11,snapshot_hash,core.sha256_hex,no,,no,no,,snapshot_hash core.sha256_hex NOT NULL
planning,baseline_snapshots,12,created_at,timestamptz,no,now(),no,no,,created_at timestamptz NOT NULL DEFAULT now()
planning,baseline_snapshots,13,"UNIQUE(scenario_version_id,snapshot_hash)",,yes,,no,yes,,"UNIQUE(scenario_version_id,snapshot_hash)"
planning,scenario_inputs,1,id,uuid,no,gen_random_uuid(),yes,no,,id uuid PRIMARY KEY DEFAULT gen_random_uuid()
planning,scenario_inputs,2,tenant_id,uuid,no,,no,no,core.tenants(id),tenant_id uuid NOT NULL REFERENCES core.tenants(id) ON DELETE CASCADE
planning,scenario_inputs,3,scenario_version_id,uuid,no,,no,no,planning.scenario_versions(id),scenario_version_id uuid NOT NULL REFERENCES planning.scenario_versions(id) ON DELETE CASCADE
planning,scenario_inputs,4,input_namespace,text,no,,no,no,,input_namespace text NOT NULL
planning,scenario_inputs,5,input_key,text,no,,no,no,,input_key text NOT NULL
planning,scenario_inputs,6,value,jsonb,no,,no,no,,value jsonb NOT NULL
planning,scenario_inputs,7,unit,text,yes,,no,no,,unit text
planning,scenario_inputs,8,source_kind,core.source_kind,no,,no,no,,source_kind core.source_kind NOT NULL
planning,scenario_inputs,9,source_reference,text,yes,,no,no,,source_reference text
planning,scenario_inputs,10,confidence,core.probability,yes,,no,no,,confidence core.probability
planning,scenario_inputs,11,valid_from,timestamptz,yes,,no,no,,valid_from timestamptz
planning,scenario_inputs,12,valid_to,timestamptz,yes,,no,no,,valid_to timestamptz
planning,scenario_inputs,13,created_at,timestamptz,no,now(),no,no,,created_at timestamptz NOT NULL DEFAULT now()
planning,scenario_inputs,14,"UNIQUE(scenario_version_id,input_namespace,input_key,valid_from)",,yes,,no,yes,,"UNIQUE(scenario_version_id,input_namespace,input_key,valid_from)"
planning,assumptions,1,id,uuid,no,gen_random_uuid(),yes,no,,id uuid PRIMARY KEY DEFAULT gen_random_uuid()
planning,assumptions,2,tenant_id,uuid,no,,no,no,core.tenants(id),tenant_id uuid NOT NULL REFERENCES core.tenants(id) ON DELETE CASCADE
planning,assumptions,3,scenario_version_id,uuid,no,,no,no,planning.scenario_versions(id),scenario_version_id uuid NOT NULL REFERENCES planning.scenario_versions(id) ON DELETE CASCADE
planning,assumptions,4,assumption_code,citext,no,,no,no,,assumption_code citext NOT NULL
planning,assumptions,5,description,text,no,,no,no,,description text NOT NULL
planning,assumptions,6,value,jsonb,no,,no,no,,value jsonb NOT NULL
planning,assumptions,7,rationale,text,yes,,no,no,,rationale text
planning,assumptions,8,confidence,core.probability,yes,,no,no,,confidence core.probability
planning,assumptions,9,sensitivity_range,jsonb,yes,,no,no,,sensitivity_range jsonb
planning,assumptions,10,approved_by,uuid,yes,,no,no,iam.users(id),approved_by uuid REFERENCES iam.users(id)
planning,assumptions,11,approved_at,timestamptz,yes,,no,no,,approved_at timestamptz
planning,assumptions,12,created_at,timestamptz,no,now(),no,no,,created_at timestamptz NOT NULL DEFAULT now()
planning,assumptions,13,"UNIQUE(scenario_version_id,assumption_code)",,yes,,no,yes,,"UNIQUE(scenario_version_id,assumption_code)"
planning,demand_observations,1,id,uuid,no,gen_random_uuid(),yes,no,,id uuid PRIMARY KEY DEFAULT gen_random_uuid()
planning,demand_observations,2,tenant_id,uuid,no,,no,no,core.tenants(id),tenant_id uuid NOT NULL REFERENCES core.tenants(id) ON DELETE CASCADE
planning,demand_observations,3,facility_id,uuid,no,,no,no,core.facilities(id),facility_id uuid NOT NULL REFERENCES core.facilities(id)
planning,demand_observations,4,department_id,uuid,yes,,no,no,core.departments(id),department_id uuid REFERENCES core.departments(id)
planning,demand_observations,5,service_line_id,uuid,yes,,no,no,core.service_lines(id),service_line_id uuid REFERENCES core.service_lines(id)
planning,demand_observations,6,cohort_id,uuid,yes,,no,no,clinical.patient_cohorts(id),cohort_id uuid REFERENCES clinical.patient_cohorts(id)
planning,demand_observations,7,metric_code,text,no,,no,no,,metric_code text NOT NULL
planning,demand_observations,8,bucket_start,timestamptz,no,,no,no,,bucket_start timestamptz NOT NULL
planning,demand_observations,9,bucket_end,timestamptz,no,,no,no,,bucket_end timestamptz NOT NULL
planning,demand_observations,10,observed_value,"numeric(18,6)",no,,no,no,,"observed_value numeric(18,6) NOT NULL"
planning,demand_observations,11,unit,text,no,,no,no,,unit text NOT NULL
planning,demand_observations,12,source_kind,core.source_kind,no,,no,no,,source_kind core.source_kind NOT NULL
planning,demand_observations,13,source_reference,text,yes,,no,no,,source_reference text
planning,demand_observations,14,quality_score,core.probability,yes,,no,no,,quality_score core.probability
planning,demand_observations,15,created_at,timestamptz,no,now(),no,no,,created_at timestamptz NOT NULL DEFAULT now()
planning,demand_observations,16,CHECK(bucket_end>bucket_start),,yes,,no,no,,CHECK(bucket_end>bucket_start)
planning,forecast_models,1,id,uuid,no,gen_random_uuid(),yes,no,,id uuid PRIMARY KEY DEFAULT gen_random_uuid()
planning,forecast_models,2,tenant_id,uuid,no,,no,no,core.tenants(id),tenant_id uuid NOT NULL REFERENCES core.tenants(id) ON DELETE CASCADE
planning,forecast_models,3,name,text,no,,no,no,,name text NOT NULL
planning,forecast_models,4,model_type,text,no,,no,no,,model_type text NOT NULL
planning,forecast_models,5,model_version,text,no,,no,no,,model_version text NOT NULL
planning,forecast_models,6,artifact_reference,text,yes,,no,no,,artifact_reference text
planning,forecast_models,7,feature_schema,jsonb,no,,no,no,,feature_schema jsonb NOT NULL
planning,forecast_models,8,output_schema,jsonb,no,,no,no,,output_schema jsonb NOT NULL
planning,forecast_models,9,training_data_window,jsonb,yes,,no,no,,training_data_window jsonb
planning,forecast_models,10,validation_metrics,jsonb,no,'{}',no,no,,validation_metrics jsonb NOT NULL DEFAULT '{}'
planning,forecast_models,11,approved_for_clinical_ops,boolean,no,false,no,no,,approved_for_clinical_ops boolean NOT NULL DEFAULT false
planning,forecast_models,12,status,core.record_status,no,'draft',no,no,,status core.record_status NOT NULL DEFAULT 'draft'
planning,forecast_models,13,approved_by,uuid,yes,,no,no,iam.users(id),approved_by uuid REFERENCES iam.users(id)
planning,forecast_models,14,approved_at,timestamptz,yes,,no,no,,approved_at timestamptz
planning,forecast_models,15,created_at,timestamptz,no,now(),no,no,,created_at timestamptz NOT NULL DEFAULT now()
planning,forecast_models,16,"UNIQUE(tenant_id,name,model_version)",,yes,,no,yes,,"UNIQUE(tenant_id,name,model_version)"
planning,demand_forecasts,1,id,uuid,no,gen_random_uuid(),yes,no,,id uuid PRIMARY KEY DEFAULT gen_random_uuid()
planning,demand_forecasts,2,tenant_id,uuid,no,,no,no,core.tenants(id),tenant_id uuid NOT NULL REFERENCES core.tenants(id) ON DELETE CASCADE
planning,demand_forecasts,3,scenario_version_id,uuid,no,,no,no,planning.scenario_versions(id),scenario_version_id uuid NOT NULL REFERENCES planning.scenario_versions(id) ON DELETE CASCADE
planning,demand_forecasts,4,forecast_model_id,uuid,yes,,no,no,planning.forecast_models(id),forecast_model_id uuid REFERENCES planning.forecast_models(id)
planning,demand_forecasts,5,facility_id,uuid,no,,no,no,core.facilities(id),facility_id uuid NOT NULL REFERENCES core.facilities(id)
planning,demand_forecasts,6,department_id,uuid,yes,,no,no,core.departments(id),department_id uuid REFERENCES core.departments(id)
planning,demand_forecasts,7,cohort_id,uuid,yes,,no,no,clinical.patient_cohorts(id),cohort_id uuid REFERENCES clinical.patient_cohorts(id)
planning,demand_forecasts,8,metric_code,text,no,,no,no,,metric_code text NOT NULL
planning,demand_forecasts,9,generated_at,timestamptz,no,,no,no,,generated_at timestamptz NOT NULL
planning,demand_forecasts,10,horizon_starts_at,timestamptz,no,,no,no,,horizon_starts_at timestamptz NOT NULL
planning,demand_forecasts,11,horizon_ends_at,timestamptz,no,,no,no,,horizon_ends_at timestamptz NOT NULL
planning,demand_forecasts,12,confidence_level,core.probability,yes,,no,no,,confidence_level core.probability
planning,demand_forecasts,13,model_input_hash,core.sha256_hex,yes,,no,no,,model_input_hash core.sha256_hex
planning,demand_forecasts,14,status,core.execution_status,no,'succeeded',no,no,,status core.execution_status NOT NULL DEFAULT 'succeeded'
planning,demand_forecasts,15,metadata,jsonb,no,'{}',no,no,,metadata jsonb NOT NULL DEFAULT '{}'
planning,demand_forecasts,16,created_at,timestamptz,no,now(),no,no,,created_at timestamptz NOT NULL DEFAULT now()
planning,demand_forecast_points,1,id,uuid,no,gen_random_uuid(),yes,no,,id uuid PRIMARY KEY DEFAULT gen_random_uuid()
planning,demand_forecast_points,2,tenant_id,uuid,no,,no,no,core.tenants(id),tenant_id uuid NOT NULL REFERENCES core.tenants(id) ON DELETE CASCADE
planning,demand_forecast_points,3,demand_forecast_id,uuid,no,,no,no,planning.demand_forecasts(id),demand_forecast_id uuid NOT NULL REFERENCES planning.demand_forecasts(id) ON DELETE CASCADE
planning,demand_forecast_points,4,bucket_start,timestamptz,no,,no,no,,bucket_start timestamptz NOT NULL
planning,demand_forecast_points,5,bucket_end,timestamptz,no,,no,no,,bucket_end timestamptz NOT NULL
planning,demand_forecast_points,6,point_value,"numeric(18,6)",no,,no,no,,"point_value numeric(18,6) NOT NULL"
planning,demand_forecast_points,7,lower_bound,"numeric(18,6)",yes,,no,no,,"lower_bound numeric(18,6)"
planning,demand_forecast_points,8,upper_bound,"numeric(18,6)",yes,,no,no,,"upper_bound numeric(18,6)"
planning,demand_forecast_points,9,quantiles,jsonb,no,'{}',no,no,,quantiles jsonb NOT NULL DEFAULT '{}'
planning,demand_forecast_points,10,CHECK(bucket_end>bucket_start),,yes,,no,no,,CHECK(bucket_end>bucket_start)
planning,optimization_models,1,id,uuid,no,gen_random_uuid(),yes,no,,id uuid PRIMARY KEY DEFAULT gen_random_uuid()
planning,optimization_models,2,tenant_id,uuid,no,,no,no,core.tenants(id),tenant_id uuid NOT NULL REFERENCES core.tenants(id) ON DELETE CASCADE
planning,optimization_models,3,name,text,no,,no,no,,name text NOT NULL
planning,optimization_models,4,model_type,text,no,,no,no,,model_type text NOT NULL
planning,optimization_models,5,model_version,text,no,,no,no,,model_version text NOT NULL
planning,optimization_models,6,formulation_reference,text,yes,,no,no,,formulation_reference text
planning,optimization_models,7,input_schema,jsonb,no,,no,no,,input_schema jsonb NOT NULL
planning,optimization_models,8,output_schema,jsonb,no,,no,no,,output_schema jsonb NOT NULL
planning,optimization_models,9,objective_catalog,jsonb,no,,no,no,,objective_catalog jsonb NOT NULL
planning,optimization_models,10,constraint_catalog,jsonb,no,,no,no,,constraint_catalog jsonb NOT NULL
planning,optimization_models,11,validation_suite_reference,text,yes,,no,no,,validation_suite_reference text
planning,optimization_models,12,status,core.record_status,no,'draft',no,no,,status core.record_status NOT NULL DEFAULT 'draft'
planning,optimization_models,13,approved_by,uuid,yes,,no,no,iam.users(id),approved_by uuid REFERENCES iam.users(id)
planning,optimization_models,14,approved_at,timestamptz,yes,,no,no,,approved_at timestamptz
planning,optimization_models,15,created_at,timestamptz,no,now(),no,no,,created_at timestamptz NOT NULL DEFAULT now()
planning,optimization_models,16,"UNIQUE(tenant_id,name,model_version)",,yes,,no,yes,,"UNIQUE(tenant_id,name,model_version)"
planning,solver_profiles,1,id,uuid,no,gen_random_uuid(),yes,no,,id uuid PRIMARY KEY DEFAULT gen_random_uuid()
planning,solver_profiles,2,tenant_id,uuid,no,,no,no,core.tenants(id),tenant_id uuid NOT NULL REFERENCES core.tenants(id) ON DELETE CASCADE
planning,solver_profiles,3,name,citext,no,,no,no,,name citext NOT NULL
planning,solver_profiles,4,solver_name,text,no,,no,no,,solver_name text NOT NULL
planning,solver_profiles,5,solver_version,text,no,,no,no,,solver_version text NOT NULL
planning,solver_profiles,6,parameters,jsonb,no,'{}',no,no,,parameters jsonb NOT NULL DEFAULT '{}'
planning,solver_profiles,7,time_limit_seconds,integer,yes,,no,no,,time_limit_seconds integer CHECK(time_limit_seconds>0)
planning,solver_profiles,8,optimality_gap,core.probability,yes,,no,no,,optimality_gap core.probability
planning,solver_profiles,9,deterministic,boolean,no,true,no,no,,deterministic boolean NOT NULL DEFAULT true
planning,solver_profiles,10,random_seed,bigint,yes,,no,no,,random_seed bigint
planning,solver_profiles,11,status,core.record_status,no,'active',no,no,,status core.record_status NOT NULL DEFAULT 'active'
planning,solver_profiles,12,"UNIQUE(tenant_id,name)",,yes,,no,yes,,"UNIQUE(tenant_id,name)"
planning,objective_definitions,1,id,uuid,no,gen_random_uuid(),yes,no,,id uuid PRIMARY KEY DEFAULT gen_random_uuid()
planning,objective_definitions,2,tenant_id,uuid,no,,no,no,core.tenants(id),tenant_id uuid NOT NULL REFERENCES core.tenants(id) ON DELETE CASCADE
planning,objective_definitions,3,code,citext,no,,no,no,,code citext NOT NULL
planning,objective_definitions,4,name,text,no,,no,no,,name text NOT NULL
planning,objective_definitions,5,direction,text,no,,no,no,,"direction text NOT NULL CHECK(direction IN('minimize','maximize','target'))"
planning,objective_definitions,6,unit,text,yes,,no,no,,unit text
planning,objective_definitions,7,description,text,no,,no,no,,description text NOT NULL
planning,objective_definitions,8,calculation_expression,text,yes,,no,no,,calculation_expression text
planning,objective_definitions,9,default_weight,"numeric(18,8)",no,1,no,no,,"default_weight numeric(18,8) NOT NULL DEFAULT 1"
planning,objective_definitions,10,status,core.record_status,no,'active',no,no,,status core.record_status NOT NULL DEFAULT 'active'
planning,objective_definitions,11,"UNIQUE(tenant_id,code)",,yes,,no,yes,,"UNIQUE(tenant_id,code)"
planning,constraint_definitions,1,id,uuid,no,gen_random_uuid(),yes,no,,id uuid PRIMARY KEY DEFAULT gen_random_uuid()
planning,constraint_definitions,2,tenant_id,uuid,no,,no,no,core.tenants(id),tenant_id uuid NOT NULL REFERENCES core.tenants(id) ON DELETE CASCADE
planning,constraint_definitions,3,code,citext,no,,no,no,,code citext NOT NULL
planning,constraint_definitions,4,name,text,no,,no,no,,name text NOT NULL
planning,constraint_definitions,5,category,text,no,,no,no,,category text NOT NULL
planning,constraint_definitions,6,default_strength,core.constraint_strength,no,,no,no,,default_strength core.constraint_strength NOT NULL
planning,constraint_definitions,7,default_severity,core.severity_level,no,,no,no,,default_severity core.severity_level NOT NULL
planning,constraint_definitions,8,description,text,no,,no,no,,description text NOT NULL
planning,constraint_definitions,9,expression_template,text,yes,,no,no,,expression_template text
planning,constraint_definitions,10,unit,text,yes,,no,no,,unit text
planning,constraint_definitions,11,source_policy_rule_id,uuid,yes,,no,no,policy.rules(id),source_policy_rule_id uuid REFERENCES policy.rules(id)
planning,constraint_definitions,12,status,core.record_status,no,'active',no,no,,status core.record_status NOT NULL DEFAULT 'active'
planning,constraint_definitions,13,"UNIQUE(tenant_id,code)",,yes,,no,yes,,"UNIQUE(tenant_id,code)"
planning,optimization_runs,1,id,uuid,no,gen_random_uuid(),yes,no,,id uuid PRIMARY KEY DEFAULT gen_random_uuid()
planning,optimization_runs,2,tenant_id,uuid,no,,no,no,core.tenants(id),tenant_id uuid NOT NULL REFERENCES core.tenants(id) ON DELETE CASCADE
planning,optimization_runs,3,scenario_version_id,uuid,no,,no,no,planning.scenario_versions(id),scenario_version_id uuid NOT NULL REFERENCES planning.scenario_versions(id)
planning,optimization_runs,4,optimization_model_id,uuid,no,,no,no,planning.optimization_models(id),optimization_model_id uuid NOT NULL REFERENCES planning.optimization_models(id)
planning,optimization_runs,5,solver_profile_id,uuid,no,,no,no,planning.solver_profiles(id),solver_profile_id uuid NOT NULL REFERENCES planning.solver_profiles(id)
planning,optimization_runs,6,incident_id,uuid,yes,,no,no,incident.incidents(id),incident_id uuid REFERENCES incident.incidents(id)
planning,optimization_runs,7,run_number,integer,no,,no,no,,run_number integer NOT NULL
planning,optimization_runs,8,status,core.execution_status,no,'queued',no,no,,status core.execution_status NOT NULL DEFAULT 'queued'
planning,optimization_runs,9,requested_by,uuid,yes,,no,no,iam.users(id),requested_by uuid REFERENCES iam.users(id)
planning,optimization_runs,10,requested_at,timestamptz,no,now(),no,no,,requested_at timestamptz NOT NULL DEFAULT now()
planning,optimization_runs,11,started_at,timestamptz,yes,,no,no,,started_at timestamptz
planning,optimization_runs,12,completed_at,timestamptz,yes,,no,no,,completed_at timestamptz
planning,optimization_runs,13,input_hash,core.sha256_hex,yes,,no,no,,input_hash core.sha256_hex
planning,optimization_runs,14,model_hash,core.sha256_hex,yes,,no,no,,model_hash core.sha256_hex
planning,optimization_runs,15,solver_status,text,yes,,no,no,,solver_status text
planning,optimization_runs,16,objective_value,"numeric(24,8)",yes,,no,no,,"objective_value numeric(24,8)"
planning,optimization_runs,17,optimality_gap,core.probability,yes,,no,no,,optimality_gap core.probability
planning,optimization_runs,18,elapsed_ms,bigint,yes,,no,no,,elapsed_ms bigint
planning,optimization_runs,19,error_code,text,yes,,no,no,,error_code text
planning,optimization_runs,20,error_detail,text,yes,,no,no,,error_detail text
planning,optimization_runs,21,correlation_id,uuid,no,gen_random_uuid(),no,no,,correlation_id uuid NOT NULL DEFAULT gen_random_uuid()
planning,optimization_runs,22,trace_id,text,yes,,no,no,,trace_id text
planning,optimization_runs,23,created_at,timestamptz,no,now(),no,no,,created_at timestamptz NOT NULL DEFAULT now()
planning,optimization_runs,24,"UNIQUE(scenario_version_id,run_number)",,yes,,no,yes,,"UNIQUE(scenario_version_id,run_number)"
planning,run_steps,1,id,uuid,no,gen_random_uuid(),yes,no,,id uuid PRIMARY KEY DEFAULT gen_random_uuid()
planning,run_steps,2,tenant_id,uuid,no,,no,no,core.tenants(id),tenant_id uuid NOT NULL REFERENCES core.tenants(id) ON DELETE CASCADE
planning,run_steps,3,optimization_run_id,uuid,no,,no,no,planning.optimization_runs(id),optimization_run_id uuid NOT NULL REFERENCES planning.optimization_runs(id) ON DELETE CASCADE
planning,run_steps,4,step_number,integer,no,,no,no,,step_number integer NOT NULL
planning,run_steps,5,step_name,text,no,,no,no,,step_name text NOT NULL
planning,run_steps,6,status,core.execution_status,no,,no,no,,status core.execution_status NOT NULL
planning,run_steps,7,started_at,timestamptz,yes,,no,no,,started_at timestamptz
planning,run_steps,8,completed_at,timestamptz,yes,,no,no,,completed_at timestamptz
planning,run_steps,9,input_summary,jsonb,no,'{}',no,no,,input_summary jsonb NOT NULL DEFAULT '{}'
planning,run_steps,10,output_summary,jsonb,no,'{}',no,no,,output_summary jsonb NOT NULL DEFAULT '{}'
planning,run_steps,11,log_reference,text,yes,,no,no,,log_reference text
planning,run_steps,12,error_detail,text,yes,,no,no,,error_detail text
planning,run_steps,13,"UNIQUE(optimization_run_id,step_number)",,yes,,no,yes,,"UNIQUE(optimization_run_id,step_number)"
planning,run_objectives,1,id,uuid,no,gen_random_uuid(),yes,no,,id uuid PRIMARY KEY DEFAULT gen_random_uuid()
planning,run_objectives,2,tenant_id,uuid,no,,no,no,core.tenants(id),tenant_id uuid NOT NULL REFERENCES core.tenants(id) ON DELETE CASCADE
planning,run_objectives,3,optimization_run_id,uuid,no,,no,no,planning.optimization_runs(id),optimization_run_id uuid NOT NULL REFERENCES planning.optimization_runs(id) ON DELETE CASCADE
planning,run_objectives,4,objective_definition_id,uuid,no,,no,no,planning.objective_definitions(id),objective_definition_id uuid NOT NULL REFERENCES planning.objective_definitions(id)
planning,run_objectives,5,weight,"numeric(18,8)",no,,no,no,,"weight numeric(18,8) NOT NULL"
planning,run_objectives,6,target_value,"numeric(24,8)",yes,,no,no,,"target_value numeric(24,8)"
planning,run_objectives,7,achieved_value,"numeric(24,8)",yes,,no,no,,"achieved_value numeric(24,8)"
planning,run_objectives,8,normalized_value,"numeric(24,8)",yes,,no,no,,"normalized_value numeric(24,8)"
planning,run_objectives,9,contribution,"numeric(24,8)",yes,,no,no,,"contribution numeric(24,8)"
planning,run_objectives,10,"UNIQUE(optimization_run_id,objective_definition_id)",,yes,,no,yes,,"UNIQUE(optimization_run_id,objective_definition_id)"
planning,run_constraints,1,id,uuid,no,gen_random_uuid(),yes,no,,id uuid PRIMARY KEY DEFAULT gen_random_uuid()
planning,run_constraints,2,tenant_id,uuid,no,,no,no,core.tenants(id),tenant_id uuid NOT NULL REFERENCES core.tenants(id) ON DELETE CASCADE
planning,run_constraints,3,optimization_run_id,uuid,no,,no,no,planning.optimization_runs(id),optimization_run_id uuid NOT NULL REFERENCES planning.optimization_runs(id) ON DELETE CASCADE
planning,run_constraints,4,constraint_definition_id,uuid,no,,no,no,planning.constraint_definitions(id),constraint_definition_id uuid NOT NULL REFERENCES planning.constraint_definitions(id)
planning,run_constraints,5,strength,core.constraint_strength,no,,no,no,,strength core.constraint_strength NOT NULL
planning,run_constraints,6,threshold_value,"numeric(24,8)",yes,,no,no,,"threshold_value numeric(24,8)"
planning,run_constraints,7,actual_value,"numeric(24,8)",yes,,no,no,,"actual_value numeric(24,8)"
planning,run_constraints,8,slack_value,"numeric(24,8)",yes,,no,no,,"slack_value numeric(24,8)"
planning,run_constraints,9,satisfied,boolean,yes,,no,no,,satisfied boolean
planning,run_constraints,10,details,jsonb,no,'{}',no,no,,details jsonb NOT NULL DEFAULT '{}'
planning,run_constraints,11,"UNIQUE(optimization_run_id,constraint_definition_id)",,yes,,no,yes,,"UNIQUE(optimization_run_id,constraint_definition_id)"
planning,candidate_plans,1,id,uuid,no,gen_random_uuid(),yes,no,,id uuid PRIMARY KEY DEFAULT gen_random_uuid()
planning,candidate_plans,2,tenant_id,uuid,no,,no,no,core.tenants(id),tenant_id uuid NOT NULL REFERENCES core.tenants(id) ON DELETE CASCADE
planning,candidate_plans,3,optimization_run_id,uuid,no,,no,no,planning.optimization_runs(id),optimization_run_id uuid NOT NULL REFERENCES planning.optimization_runs(id) ON DELETE CASCADE
planning,candidate_plans,4,incident_id,uuid,yes,,no,no,incident.incidents(id),incident_id uuid REFERENCES incident.incidents(id)
planning,candidate_plans,5,scenario_version_id,uuid,no,,no,no,planning.scenario_versions(id),scenario_version_id uuid NOT NULL REFERENCES planning.scenario_versions(id)
planning,candidate_plans,6,plan_number,integer,no,,no,no,,plan_number integer NOT NULL
planning,candidate_plans,7,name,text,no,,no,no,,name text NOT NULL
planning,candidate_plans,8,status,core.plan_status,no,'draft',no,no,,status core.plan_status NOT NULL DEFAULT 'draft'
planning,candidate_plans,9,rank,integer,yes,,no,no,,rank integer
planning,candidate_plans,10,generated_at,timestamptz,no,now(),no,no,,generated_at timestamptz NOT NULL DEFAULT now()
planning,candidate_plans,11,horizon_starts_at,timestamptz,no,,no,no,,horizon_starts_at timestamptz NOT NULL
planning,candidate_plans,12,horizon_ends_at,timestamptz,no,,no,no,,horizon_ends_at timestamptz NOT NULL
planning,candidate_plans,13,summary,jsonb,no,'{}',no,no,,summary jsonb NOT NULL DEFAULT '{}'
planning,candidate_plans,14,input_hash,core.sha256_hex,yes,,no,no,,input_hash core.sha256_hex
planning,candidate_plans,15,plan_hash,core.sha256_hex,yes,,no,no,,plan_hash core.sha256_hex
planning,candidate_plans,16,supersedes_plan_id,uuid,yes,,no,no,planning.candidate_plans(id),supersedes_plan_id uuid REFERENCES planning.candidate_plans(id)
planning,candidate_plans,17,created_by,uuid,yes,,no,no,,created_by uuid
planning,candidate_plans,18,updated_by,uuid,yes,,no,no,,updated_by uuid
planning,candidate_plans,19,created_at,timestamptz,no,now(),no,no,,created_at timestamptz NOT NULL DEFAULT now()
planning,candidate_plans,20,updated_at,timestamptz,no,now(),no,no,,updated_at timestamptz NOT NULL DEFAULT now()
planning,candidate_plans,21,row_version,bigint,no,1,no,no,,row_version bigint NOT NULL DEFAULT 1
planning,candidate_plans,22,"UNIQUE(optimization_run_id,plan_number)",,yes,,no,yes,,"UNIQUE(optimization_run_id,plan_number)"
planning,candidate_plans,23,"UNIQUE(tenant_id,id)",,yes,,no,yes,,"UNIQUE(tenant_id,id)"
planning,plan_scores,1,id,uuid,no,gen_random_uuid(),yes,no,,id uuid PRIMARY KEY DEFAULT gen_random_uuid()
planning,plan_scores,2,tenant_id,uuid,no,,no,no,core.tenants(id),tenant_id uuid NOT NULL REFERENCES core.tenants(id) ON DELETE CASCADE
planning,plan_scores,3,candidate_plan_id,uuid,no,,no,no,planning.candidate_plans(id),candidate_plan_id uuid NOT NULL REFERENCES planning.candidate_plans(id) ON DELETE CASCADE
planning,plan_scores,4,score_type,text,no,,no,no,,score_type text NOT NULL
planning,plan_scores,5,score_value,"numeric(24,8)",no,,no,no,,"score_value numeric(24,8) NOT NULL"
planning,plan_scores,6,unit,text,yes,,no,no,,unit text
planning,plan_scores,7,lower_is_better,boolean,yes,,no,no,,lower_is_better boolean
planning,plan_scores,8,explanation,jsonb,no,'{}',no,no,,explanation jsonb NOT NULL DEFAULT '{}'
planning,plan_scores,9,calculated_at,timestamptz,no,now(),no,no,,calculated_at timestamptz NOT NULL DEFAULT now()
planning,plan_scores,10,"UNIQUE(candidate_plan_id,score_type)",,yes,,no,yes,,"UNIQUE(candidate_plan_id,score_type)"
planning,plan_actions,1,id,uuid,no,gen_random_uuid(),yes,no,,id uuid PRIMARY KEY DEFAULT gen_random_uuid()
planning,plan_actions,2,tenant_id,uuid,no,,no,no,core.tenants(id),tenant_id uuid NOT NULL REFERENCES core.tenants(id) ON DELETE CASCADE
planning,plan_actions,3,candidate_plan_id,uuid,no,,no,no,planning.candidate_plans(id),candidate_plan_id uuid NOT NULL REFERENCES planning.candidate_plans(id) ON DELETE CASCADE
planning,plan_actions,4,action_number,integer,no,,no,no,,action_number integer NOT NULL
planning,plan_actions,5,action_type,text,no,,no,no,,action_type text NOT NULL
planning,plan_actions,6,title,text,no,,no,no,,title text NOT NULL
planning,plan_actions,7,description,text,yes,,no,no,,description text
planning,plan_actions,8,starts_at,timestamptz,yes,,no,no,,starts_at timestamptz
planning,plan_actions,9,ends_at,timestamptz,yes,,no,no,,ends_at timestamptz
planning,plan_actions,10,priority,core.severity_level,no,'medium',no,no,,priority core.severity_level NOT NULL DEFAULT 'medium'
planning,plan_actions,11,target_entity_type,text,yes,,no,no,,target_entity_type text
planning,plan_actions,12,target_entity_id,uuid,yes,,no,no,,target_entity_id uuid
planning,plan_actions,13,parameters,jsonb,no,'{}',no,no,,parameters jsonb NOT NULL DEFAULT '{}'
planning,plan_actions,14,prerequisite_action_ids,uuid[],no,'{}',no,no,,prerequisite_action_ids uuid[] NOT NULL DEFAULT '{}'
planning,plan_actions,15,responsible_role,text,yes,,no,no,,responsible_role text
planning,plan_actions,16,reversible,boolean,no,true,no,no,,reversible boolean NOT NULL DEFAULT true
planning,plan_actions,17,rollback_instructions,jsonb,no,'{}',no,no,,rollback_instructions jsonb NOT NULL DEFAULT '{}'
planning,plan_actions,18,status,core.task_status,no,'draft',no,no,,status core.task_status NOT NULL DEFAULT 'draft'
planning,plan_actions,19,"UNIQUE(candidate_plan_id,action_number)",,yes,,no,yes,,"UNIQUE(candidate_plan_id,action_number)"
planning,plan_staffing_assignments,1,id,uuid,no,gen_random_uuid(),yes,no,,id uuid PRIMARY KEY DEFAULT gen_random_uuid()
planning,plan_staffing_assignments,2,tenant_id,uuid,no,,no,no,core.tenants(id),tenant_id uuid NOT NULL REFERENCES core.tenants(id) ON DELETE CASCADE
planning,plan_staffing_assignments,3,candidate_plan_id,uuid,no,,no,no,planning.candidate_plans(id),candidate_plan_id uuid NOT NULL REFERENCES planning.candidate_plans(id) ON DELETE CASCADE
planning,plan_staffing_assignments,4,practitioner_id,uuid,yes,,no,no,workforce.practitioners(id),practitioner_id uuid REFERENCES workforce.practitioners(id)
planning,plan_staffing_assignments,5,staffing_pool_id,uuid,yes,,no,no,workforce.staffing_pools(id),staffing_pool_id uuid REFERENCES workforce.staffing_pools(id)
planning,plan_staffing_assignments,6,role_definition_id,uuid,no,,no,no,workforce.role_definitions(id),role_definition_id uuid NOT NULL REFERENCES workforce.role_definitions(id)
planning,plan_staffing_assignments,7,facility_id,uuid,no,,no,no,core.facilities(id),facility_id uuid NOT NULL REFERENCES core.facilities(id)
planning,plan_staffing_assignments,8,department_id,uuid,yes,,no,no,core.departments(id),department_id uuid REFERENCES core.departments(id)
planning,plan_staffing_assignments,9,location_id,uuid,yes,,no,no,capacity.locations(id),location_id uuid REFERENCES capacity.locations(id)
planning,plan_staffing_assignments,10,starts_at,timestamptz,no,,no,no,,starts_at timestamptz NOT NULL
planning,plan_staffing_assignments,11,ends_at,timestamptz,no,,no,no,,ends_at timestamptz NOT NULL
planning,plan_staffing_assignments,12,assignment_type,text,no,,no,no,,assignment_type text NOT NULL
planning,plan_staffing_assignments,13,planned_fte,"numeric(6,4)",yes,,no,no,,"planned_fte numeric(6,4)"
planning,plan_staffing_assignments,14,overtime_minutes,integer,no,0,no,no,,overtime_minutes integer NOT NULL DEFAULT 0
planning,plan_staffing_assignments,15,qualification_check_status,text,no,,no,no,,qualification_check_status text NOT NULL
planning,plan_staffing_assignments,16,fatigue_check_status,text,no,,no,no,,fatigue_check_status text NOT NULL
planning,plan_staffing_assignments,17,policy_evaluation_id,uuid,yes,,no,no,policy.rule_evaluations(id),policy_evaluation_id uuid REFERENCES policy.rule_evaluations(id)
planning,plan_staffing_assignments,18,"CHECK(num_nonnulls(practitioner_id,staffing_pool_id)=1)",,yes,,no,no,,"CHECK(num_nonnulls(practitioner_id,staffing_pool_id)=1)"
planning,plan_staffing_assignments,19,CHECK(ends_at>starts_at),,yes,,no,no,,CHECK(ends_at>starts_at)
planning,plan_bed_allocations,1,id,uuid,no,gen_random_uuid(),yes,no,,id uuid PRIMARY KEY DEFAULT gen_random_uuid()
planning,plan_bed_allocations,2,tenant_id,uuid,no,,no,no,core.tenants(id),tenant_id uuid NOT NULL REFERENCES core.tenants(id) ON DELETE CASCADE
planning,plan_bed_allocations,3,candidate_plan_id,uuid,no,,no,no,planning.candidate_plans(id),candidate_plan_id uuid NOT NULL REFERENCES planning.candidate_plans(id) ON DELETE CASCADE
planning,plan_bed_allocations,4,bed_id,uuid,yes,,no,no,capacity.beds(id),bed_id uuid REFERENCES capacity.beds(id)
planning,plan_bed_allocations,5,surge_space_id,uuid,yes,,no,no,capacity.surge_spaces(id),surge_space_id uuid REFERENCES capacity.surge_spaces(id)
planning,plan_bed_allocations,6,patient_id,uuid,yes,,no,no,clinical.patients(id),patient_id uuid REFERENCES clinical.patients(id)
planning,plan_bed_allocations,7,encounter_id,uuid,yes,,no,no,clinical.encounters(id),encounter_id uuid REFERENCES clinical.encounters(id)
planning,plan_bed_allocations,8,cohort_id,uuid,yes,,no,no,clinical.patient_cohorts(id),cohort_id uuid REFERENCES clinical.patient_cohorts(id)
planning,plan_bed_allocations,9,starts_at,timestamptz,no,,no,no,,starts_at timestamptz NOT NULL
planning,plan_bed_allocations,10,ends_at,timestamptz,yes,,no,no,,ends_at timestamptz
planning,plan_bed_allocations,11,allocation_type,text,no,,no,no,,allocation_type text NOT NULL
planning,plan_bed_allocations,12,care_level,text,yes,,no,no,,care_level text
planning,plan_bed_allocations,13,isolation_check_status,text,no,,no,no,,isolation_check_status text NOT NULL
planning,plan_bed_allocations,14,capability_check_status,text,no,,no,no,,capability_check_status text NOT NULL
planning,plan_bed_allocations,15,policy_evaluation_id,uuid,yes,,no,no,policy.rule_evaluations(id),policy_evaluation_id uuid REFERENCES policy.rule_evaluations(id)
planning,plan_bed_allocations,16,"CHECK(num_nonnulls(bed_id,surge_space_id)=1)",,yes,,no,no,,"CHECK(num_nonnulls(bed_id,surge_space_id)=1)"
planning,plan_bed_allocations,17,"CHECK(num_nonnulls(patient_id,cohort_id)>=1)",,yes,,no,no,,"CHECK(num_nonnulls(patient_id,cohort_id)>=1)"
planning,plan_cohort_routes,1,id,uuid,no,gen_random_uuid(),yes,no,,id uuid PRIMARY KEY DEFAULT gen_random_uuid()
planning,plan_cohort_routes,2,tenant_id,uuid,no,,no,no,core.tenants(id),tenant_id uuid NOT NULL REFERENCES core.tenants(id) ON DELETE CASCADE
planning,plan_cohort_routes,3,candidate_plan_id,uuid,no,,no,no,planning.candidate_plans(id),candidate_plan_id uuid NOT NULL REFERENCES planning.candidate_plans(id) ON DELETE CASCADE
planning,plan_cohort_routes,4,cohort_id,uuid,no,,no,no,clinical.patient_cohorts(id),cohort_id uuid NOT NULL REFERENCES clinical.patient_cohorts(id)
planning,plan_cohort_routes,5,from_location_id,uuid,yes,,no,no,capacity.locations(id),from_location_id uuid REFERENCES capacity.locations(id)
planning,plan_cohort_routes,6,to_location_id,uuid,yes,,no,no,capacity.locations(id),to_location_id uuid REFERENCES capacity.locations(id)
planning,plan_cohort_routes,7,route_type,text,no,,no,no,,route_type text NOT NULL
planning,plan_cohort_routes,8,starts_at,timestamptz,no,,no,no,,starts_at timestamptz NOT NULL
planning,plan_cohort_routes,9,expected_volume,"numeric(14,4)",no,,no,no,,"expected_volume numeric(14,4) NOT NULL"
planning,plan_cohort_routes,10,travel_minutes,integer,yes,,no,no,,travel_minutes integer
planning,plan_cohort_routes,11,queue_impact,jsonb,no,'{}',no,no,,queue_impact jsonb NOT NULL DEFAULT '{}'
planning,plan_cohort_routes,12,policy_evaluation_id,uuid,yes,,no,no,policy.rule_evaluations(id),policy_evaluation_id uuid REFERENCES policy.rule_evaluations(id)
planning,plan_device_allocations,1,id,uuid,no,gen_random_uuid(),yes,no,,id uuid PRIMARY KEY DEFAULT gen_random_uuid()
planning,plan_device_allocations,2,tenant_id,uuid,no,,no,no,core.tenants(id),tenant_id uuid NOT NULL REFERENCES core.tenants(id) ON DELETE CASCADE
planning,plan_device_allocations,3,candidate_plan_id,uuid,no,,no,no,planning.candidate_plans(id),candidate_plan_id uuid NOT NULL REFERENCES planning.candidate_plans(id) ON DELETE CASCADE
planning,plan_device_allocations,4,device_id,uuid,yes,,no,no,capacity.devices(id),device_id uuid REFERENCES capacity.devices(id)
planning,plan_device_allocations,5,device_type_id,uuid,yes,,no,no,capacity.device_types(id),device_type_id uuid REFERENCES capacity.device_types(id)
planning,plan_device_allocations,6,quantity,integer,no,1,no,no,,quantity integer NOT NULL DEFAULT 1 CHECK(quantity>0)
planning,plan_device_allocations,7,target_location_id,uuid,yes,,no,no,capacity.locations(id),target_location_id uuid REFERENCES capacity.locations(id)
planning,plan_device_allocations,8,patient_id,uuid,yes,,no,no,clinical.patients(id),patient_id uuid REFERENCES clinical.patients(id)
planning,plan_device_allocations,9,starts_at,timestamptz,no,,no,no,,starts_at timestamptz NOT NULL
planning,plan_device_allocations,10,ends_at,timestamptz,yes,,no,no,,ends_at timestamptz
planning,plan_device_allocations,11,readiness_check_status,text,no,,no,no,,readiness_check_status text NOT NULL
planning,plan_device_allocations,12,"CHECK(num_nonnulls(device_id,device_type_id)=1)",,yes,,no,no,,"CHECK(num_nonnulls(device_id,device_type_id)=1)"
planning,plan_supply_allocations,1,id,uuid,no,gen_random_uuid(),yes,no,,id uuid PRIMARY KEY DEFAULT gen_random_uuid()
planning,plan_supply_allocations,2,tenant_id,uuid,no,,no,no,core.tenants(id),tenant_id uuid NOT NULL REFERENCES core.tenants(id) ON DELETE CASCADE
planning,plan_supply_allocations,3,candidate_plan_id,uuid,no,,no,no,planning.candidate_plans(id),candidate_plan_id uuid NOT NULL REFERENCES planning.candidate_plans(id) ON DELETE CASCADE
planning,plan_supply_allocations,4,inventory_item_id,uuid,no,,no,no,capacity.inventory_items(id),inventory_item_id uuid NOT NULL REFERENCES capacity.inventory_items(id)
planning,plan_supply_allocations,5,source_location_id,uuid,yes,,no,no,capacity.locations(id),source_location_id uuid REFERENCES capacity.locations(id)
planning,plan_supply_allocations,6,target_location_id,uuid,yes,,no,no,capacity.locations(id),target_location_id uuid REFERENCES capacity.locations(id)
planning,plan_supply_allocations,7,quantity,"numeric(16,4)",no,,no,no,,"quantity numeric(16,4) NOT NULL CHECK(quantity>0)"
planning,plan_supply_allocations,8,unit_of_measure,text,no,,no,no,,unit_of_measure text NOT NULL
planning,plan_supply_allocations,9,needed_at,timestamptz,no,,no,no,,needed_at timestamptz NOT NULL
planning,plan_supply_allocations,10,stock_check_status,text,no,,no,no,,stock_check_status text NOT NULL
planning,plan_supply_allocations,11,substitution_used,boolean,no,false,no,no,,substitution_used boolean NOT NULL DEFAULT false
planning,plan_supply_allocations,12,substitution_details,jsonb,no,'{}',no,no,,substitution_details jsonb NOT NULL DEFAULT '{}'
planning,plan_transfers,1,id,uuid,no,gen_random_uuid(),yes,no,,id uuid PRIMARY KEY DEFAULT gen_random_uuid()
planning,plan_transfers,2,tenant_id,uuid,no,,no,no,core.tenants(id),tenant_id uuid NOT NULL REFERENCES core.tenants(id) ON DELETE CASCADE
planning,plan_transfers,3,candidate_plan_id,uuid,no,,no,no,planning.candidate_plans(id),candidate_plan_id uuid NOT NULL REFERENCES planning.candidate_plans(id) ON DELETE CASCADE
planning,plan_transfers,4,encounter_id,uuid,no,,no,no,clinical.encounters(id),encounter_id uuid NOT NULL REFERENCES clinical.encounters(id)
planning,plan_transfers,5,destination_facility_id,uuid,yes,,no,no,core.facilities(id),destination_facility_id uuid REFERENCES core.facilities(id)
planning,plan_transfers,6,external_destination,text,yes,,no,no,,external_destination text
planning,plan_transfers,7,transfer_priority,text,no,,no,no,,transfer_priority text NOT NULL
planning,plan_transfers,8,proposed_departure_at,timestamptz,yes,,no,no,,proposed_departure_at timestamptz
planning,plan_transfers,9,estimated_arrival_at,timestamptz,yes,,no,no,,estimated_arrival_at timestamptz
planning,plan_transfers,10,transport_type,text,yes,,no,no,,transport_type text
planning,plan_transfers,11,acceptance_status,text,yes,,no,no,,acceptance_status text
planning,plan_transfers,12,policy_evaluation_id,uuid,yes,,no,no,policy.rule_evaluations(id),policy_evaluation_id uuid REFERENCES policy.rule_evaluations(id)
planning,plan_wait_projections,1,id,uuid,no,gen_random_uuid(),yes,no,,id uuid PRIMARY KEY DEFAULT gen_random_uuid()
planning,plan_wait_projections,2,tenant_id,uuid,no,,no,no,core.tenants(id),tenant_id uuid NOT NULL REFERENCES core.tenants(id) ON DELETE CASCADE
planning,plan_wait_projections,3,candidate_plan_id,uuid,no,,no,no,planning.candidate_plans(id),candidate_plan_id uuid NOT NULL REFERENCES planning.candidate_plans(id) ON DELETE CASCADE
planning,plan_wait_projections,4,queue_definition_id,uuid,no,,no,no,clinical.queue_definitions(id),queue_definition_id uuid NOT NULL REFERENCES clinical.queue_definitions(id)
planning,plan_wait_projections,5,bucket_start,timestamptz,no,,no,no,,bucket_start timestamptz NOT NULL
planning,plan_wait_projections,6,bucket_end,timestamptz,no,,no,no,,bucket_end timestamptz NOT NULL
planning,plan_wait_projections,7,arrivals,"numeric(14,4)",no,,no,no,,"arrivals numeric(14,4) NOT NULL"
planning,plan_wait_projections,8,completions,"numeric(14,4)",no,,no,no,,"completions numeric(14,4) NOT NULL"
planning,plan_wait_projections,9,queue_length,"numeric(14,4)",no,,no,no,,"queue_length numeric(14,4) NOT NULL"
planning,plan_wait_projections,10,median_wait_minutes,"numeric(14,4)",yes,,no,no,,"median_wait_minutes numeric(14,4)"
planning,plan_wait_projections,11,p90_wait_minutes,"numeric(14,4)",yes,,no,no,,"p90_wait_minutes numeric(14,4)"
planning,plan_wait_projections,12,left_without_being_seen,"numeric(14,4)",yes,,no,no,,"left_without_being_seen numeric(14,4)"
planning,plan_wait_projections,13,CHECK(bucket_end>bucket_start),,yes,,no,no,,CHECK(bucket_end>bucket_start)
planning,plan_safety_metrics,1,id,uuid,no,gen_random_uuid(),yes,no,,id uuid PRIMARY KEY DEFAULT gen_random_uuid()
planning,plan_safety_metrics,2,tenant_id,uuid,no,,no,no,core.tenants(id),tenant_id uuid NOT NULL REFERENCES core.tenants(id) ON DELETE CASCADE
planning,plan_safety_metrics,3,candidate_plan_id,uuid,no,,no,no,planning.candidate_plans(id),candidate_plan_id uuid NOT NULL REFERENCES planning.candidate_plans(id) ON DELETE CASCADE
planning,plan_safety_metrics,4,metric_code,text,no,,no,no,,metric_code text NOT NULL
planning,plan_safety_metrics,5,metric_value,"numeric(24,8)",yes,,no,no,,"metric_value numeric(24,8)"
planning,plan_safety_metrics,6,unit,text,yes,,no,no,,unit text
planning,plan_safety_metrics,7,threshold_value,"numeric(24,8)",yes,,no,no,,"threshold_value numeric(24,8)"
planning,plan_safety_metrics,8,threshold_direction,text,yes,,no,no,,threshold_direction text
planning,plan_safety_metrics,9,compliant,boolean,yes,,no,no,,compliant boolean
planning,plan_safety_metrics,10,severity,core.severity_level,yes,,no,no,,severity core.severity_level
planning,plan_safety_metrics,11,evidence,jsonb,no,'{}',no,no,,evidence jsonb NOT NULL DEFAULT '{}'
planning,plan_safety_metrics,12,"UNIQUE(candidate_plan_id,metric_code)",,yes,,no,yes,,"UNIQUE(candidate_plan_id,metric_code)"
planning,plan_comparisons,1,id,uuid,no,gen_random_uuid(),yes,no,,id uuid PRIMARY KEY DEFAULT gen_random_uuid()
planning,plan_comparisons,2,tenant_id,uuid,no,,no,no,core.tenants(id),tenant_id uuid NOT NULL REFERENCES core.tenants(id) ON DELETE CASCADE
planning,plan_comparisons,3,left_plan_id,uuid,no,,no,no,planning.candidate_plans(id),left_plan_id uuid NOT NULL REFERENCES planning.candidate_plans(id) ON DELETE CASCADE
planning,plan_comparisons,4,right_plan_id,uuid,no,,no,no,planning.candidate_plans(id),right_plan_id uuid NOT NULL REFERENCES planning.candidate_plans(id) ON DELETE CASCADE
planning,plan_comparisons,5,comparison_type,text,no,,no,no,,comparison_type text NOT NULL
planning,plan_comparisons,6,differences,jsonb,no,,no,no,,differences jsonb NOT NULL
planning,plan_comparisons,7,preferred_plan_id,uuid,yes,,no,no,planning.candidate_plans(id),preferred_plan_id uuid REFERENCES planning.candidate_plans(id)
planning,plan_comparisons,8,rationale,text,yes,,no,no,,rationale text
planning,plan_comparisons,9,created_by,uuid,yes,,no,no,iam.users(id),created_by uuid REFERENCES iam.users(id)
planning,plan_comparisons,10,created_at,timestamptz,no,now(),no,no,,created_at timestamptz NOT NULL DEFAULT now()
planning,plan_comparisons,11,CHECK(left_plan_id<>right_plan_id),,yes,,no,no,,CHECK(left_plan_id<>right_plan_id)
planning,simulations,1,id,uuid,no,gen_random_uuid(),yes,no,,id uuid PRIMARY KEY DEFAULT gen_random_uuid()
planning,simulations,2,tenant_id,uuid,no,,no,no,core.tenants(id),tenant_id uuid NOT NULL REFERENCES core.tenants(id) ON DELETE CASCADE
planning,simulations,3,candidate_plan_id,uuid,no,,no,no,planning.candidate_plans(id),candidate_plan_id uuid NOT NULL REFERENCES planning.candidate_plans(id) ON DELETE CASCADE
planning,simulations,4,simulation_type,text,no,,no,no,,simulation_type text NOT NULL
planning,simulations,5,configuration,jsonb,no,,no,no,,configuration jsonb NOT NULL
planning,simulations,6,requested_replications,integer,no,,no,no,,requested_replications integer NOT NULL CHECK(requested_replications>0)
planning,simulations,7,random_seed,bigint,yes,,no,no,,random_seed bigint
planning,simulations,8,status,core.execution_status,no,'queued',no,no,,status core.execution_status NOT NULL DEFAULT 'queued'
planning,simulations,9,started_at,timestamptz,yes,,no,no,,started_at timestamptz
planning,simulations,10,completed_at,timestamptz,yes,,no,no,,completed_at timestamptz
planning,simulations,11,summary_metrics,jsonb,no,'{}',no,no,,summary_metrics jsonb NOT NULL DEFAULT '{}'
planning,simulations,12,created_at,timestamptz,no,now(),no,no,,created_at timestamptz NOT NULL DEFAULT now()
planning,simulation_runs,1,id,uuid,no,gen_random_uuid(),yes,no,,id uuid PRIMARY KEY DEFAULT gen_random_uuid()
planning,simulation_runs,2,tenant_id,uuid,no,,no,no,core.tenants(id),tenant_id uuid NOT NULL REFERENCES core.tenants(id) ON DELETE CASCADE
planning,simulation_runs,3,simulation_id,uuid,no,,no,no,planning.simulations(id),simulation_id uuid NOT NULL REFERENCES planning.simulations(id) ON DELETE CASCADE
planning,simulation_runs,4,replication_number,integer,no,,no,no,,replication_number integer NOT NULL
planning,simulation_runs,5,random_seed,bigint,yes,,no,no,,random_seed bigint
planning,simulation_runs,6,status,core.execution_status,no,,no,no,,status core.execution_status NOT NULL
planning,simulation_runs,7,outcome_metrics,jsonb,no,'{}',no,no,,outcome_metrics jsonb NOT NULL DEFAULT '{}'
planning,simulation_runs,8,violations,jsonb,no,'[]',no,no,,violations jsonb NOT NULL DEFAULT '[]'
planning,simulation_runs,9,duration_ms,bigint,yes,,no,no,,duration_ms bigint
planning,simulation_runs,10,error_detail,text,yes,,no,no,,error_detail text
planning,simulation_runs,11,"UNIQUE(simulation_id,replication_number)",,yes,,no,yes,,"UNIQUE(simulation_id,replication_number)"
planning,sensitivity_analyses,1,id,uuid,no,gen_random_uuid(),yes,no,,id uuid PRIMARY KEY DEFAULT gen_random_uuid()
planning,sensitivity_analyses,2,tenant_id,uuid,no,,no,no,core.tenants(id),tenant_id uuid NOT NULL REFERENCES core.tenants(id) ON DELETE CASCADE
planning,sensitivity_analyses,3,candidate_plan_id,uuid,no,,no,no,planning.candidate_plans(id),candidate_plan_id uuid NOT NULL REFERENCES planning.candidate_plans(id) ON DELETE CASCADE
planning,sensitivity_analyses,4,parameter_key,text,no,,no,no,,parameter_key text NOT NULL
planning,sensitivity_analyses,5,tested_values,jsonb,no,,no,no,,tested_values jsonb NOT NULL
planning,sensitivity_analyses,6,outcome_series,jsonb,no,,no,no,,outcome_series jsonb NOT NULL
planning,sensitivity_analyses,7,tipping_point,jsonb,yes,,no,no,,tipping_point jsonb
planning,sensitivity_analyses,8,interpretation,text,yes,,no,no,,interpretation text
planning,sensitivity_analyses,9,created_at,timestamptz,no,now(),no,no,,created_at timestamptz NOT NULL DEFAULT now()
planning,approval_workflows,1,id,uuid,no,gen_random_uuid(),yes,no,,id uuid PRIMARY KEY DEFAULT gen_random_uuid()
planning,approval_workflows,2,tenant_id,uuid,no,,no,no,core.tenants(id),tenant_id uuid NOT NULL REFERENCES core.tenants(id) ON DELETE CASCADE
planning,approval_workflows,3,name,text,no,,no,no,,name text NOT NULL
planning,approval_workflows,4,plan_risk_level,core.severity_level,no,,no,no,,plan_risk_level core.severity_level NOT NULL
planning,approval_workflows,5,applicability,jsonb,no,,no,no,,applicability jsonb NOT NULL
planning,approval_workflows,6,status,core.record_status,no,'active',no,no,,status core.record_status NOT NULL DEFAULT 'active'
planning,approval_workflows,7,created_at,timestamptz,no,now(),no,no,,created_at timestamptz NOT NULL DEFAULT now()
planning,approval_workflows,8,"UNIQUE(tenant_id,name)",,yes,,no,yes,,"UNIQUE(tenant_id,name)"
planning,approval_workflow_steps,1,id,uuid,no,gen_random_uuid(),yes,no,,id uuid PRIMARY KEY DEFAULT gen_random_uuid()
planning,approval_workflow_steps,2,tenant_id,uuid,no,,no,no,core.tenants(id),tenant_id uuid NOT NULL REFERENCES core.tenants(id) ON DELETE CASCADE
planning,approval_workflow_steps,3,approval_workflow_id,uuid,no,,no,no,planning.approval_workflows(id),approval_workflow_id uuid NOT NULL REFERENCES planning.approval_workflows(id) ON DELETE CASCADE
planning,approval_workflow_steps,4,step_number,integer,no,,no,no,,step_number integer NOT NULL
planning,approval_workflow_steps,5,step_name,text,no,,no,no,,step_name text NOT NULL
planning,approval_workflow_steps,6,approver_role_id,uuid,yes,,no,no,iam.roles(id),approver_role_id uuid REFERENCES iam.roles(id)
planning,approval_workflow_steps,7,command_position_id,uuid,yes,,no,no,incident.command_position_definitions(id),command_position_id uuid REFERENCES incident.command_position_definitions(id)
planning,approval_workflow_steps,8,minimum_approvals,integer,no,1,no,no,,minimum_approvals integer NOT NULL DEFAULT 1
planning,approval_workflow_steps,9,parallel_group,integer,yes,,no,no,,parallel_group integer
planning,approval_workflow_steps,10,due_minutes,integer,yes,,no,no,,due_minutes integer
planning,approval_workflow_steps,11,required_conditions,jsonb,no,'{}',no,no,,required_conditions jsonb NOT NULL DEFAULT '{}'
planning,approval_workflow_steps,12,"UNIQUE(approval_workflow_id,step_number)",,yes,,no,yes,,"UNIQUE(approval_workflow_id,step_number)"
planning,approval_workflow_steps,13,CHECK(minimum_approvals>0),,yes,,no,no,,CHECK(minimum_approvals>0)
planning,plan_approvals,1,id,uuid,no,gen_random_uuid(),yes,no,,id uuid PRIMARY KEY DEFAULT gen_random_uuid()
planning,plan_approvals,2,tenant_id,uuid,no,,no,no,core.tenants(id),tenant_id uuid NOT NULL REFERENCES core.tenants(id) ON DELETE CASCADE
planning,plan_approvals,3,candidate_plan_id,uuid,no,,no,no,planning.candidate_plans(id),candidate_plan_id uuid NOT NULL REFERENCES planning.candidate_plans(id) ON DELETE CASCADE
planning,plan_approvals,4,workflow_step_id,uuid,no,,no,no,planning.approval_workflow_steps(id),workflow_step_id uuid NOT NULL REFERENCES planning.approval_workflow_steps(id)
planning,plan_approvals,5,status,core.approval_status,no,'pending',no,no,,status core.approval_status NOT NULL DEFAULT 'pending'
planning,plan_approvals,6,assigned_to_user_id,uuid,yes,,no,no,iam.users(id),assigned_to_user_id uuid REFERENCES iam.users(id)
planning,plan_approvals,7,requested_at,timestamptz,no,now(),no,no,,requested_at timestamptz NOT NULL DEFAULT now()
planning,plan_approvals,8,due_at,timestamptz,yes,,no,no,,due_at timestamptz
planning,plan_approvals,9,decided_at,timestamptz,yes,,no,no,,decided_at timestamptz
planning,plan_approvals,10,decided_by,uuid,yes,,no,no,iam.users(id),decided_by uuid REFERENCES iam.users(id)
planning,plan_approvals,11,decision_reason,text,yes,,no,no,,decision_reason text
planning,plan_approvals,12,signature_reference,text,yes,,no,no,,signature_reference text
planning,plan_approvals,13,"UNIQUE(candidate_plan_id,workflow_step_id,assigned_to_user_id)",,yes,,no,yes,,"UNIQUE(candidate_plan_id,workflow_step_id,assigned_to_user_id)"
planning,plan_executions,1,id,uuid,no,gen_random_uuid(),yes,no,,id uuid PRIMARY KEY DEFAULT gen_random_uuid()
planning,plan_executions,2,tenant_id,uuid,no,,no,no,core.tenants(id),tenant_id uuid NOT NULL REFERENCES core.tenants(id) ON DELETE CASCADE
planning,plan_executions,3,candidate_plan_id,uuid,no,,no,no,planning.candidate_plans(id),candidate_plan_id uuid NOT NULL REFERENCES planning.candidate_plans(id)
planning,plan_executions,4,incident_id,uuid,no,,no,no,incident.incidents(id),incident_id uuid NOT NULL REFERENCES incident.incidents(id)
planning,plan_executions,5,status,core.execution_status,no,'queued',no,no,,status core.execution_status NOT NULL DEFAULT 'queued'
planning,plan_executions,6,authorized_by,uuid,no,,no,no,iam.users(id),authorized_by uuid NOT NULL REFERENCES iam.users(id)
planning,plan_executions,7,authorized_at,timestamptz,no,,no,no,,authorized_at timestamptz NOT NULL
planning,plan_executions,8,started_at,timestamptz,yes,,no,no,,started_at timestamptz
planning,plan_executions,9,completed_at,timestamptz,yes,,no,no,,completed_at timestamptz
planning,plan_executions,10,execution_mode,text,no,,no,no,,"execution_mode text NOT NULL CHECK(execution_mode IN('manual','assisted','automated'))"
planning,plan_executions,11,rollback_plan,jsonb,no,'{}',no,no,,rollback_plan jsonb NOT NULL DEFAULT '{}'
planning,plan_executions,12,correlation_id,uuid,no,gen_random_uuid(),no,no,,correlation_id uuid NOT NULL DEFAULT gen_random_uuid()
planning,plan_executions,13,created_at,timestamptz,no,now(),no,no,,created_at timestamptz NOT NULL DEFAULT now()
planning,execution_steps,1,id,uuid,no,gen_random_uuid(),yes,no,,id uuid PRIMARY KEY DEFAULT gen_random_uuid()
planning,execution_steps,2,tenant_id,uuid,no,,no,no,core.tenants(id),tenant_id uuid NOT NULL REFERENCES core.tenants(id) ON DELETE CASCADE
planning,execution_steps,3,plan_execution_id,uuid,no,,no,no,planning.plan_executions(id),plan_execution_id uuid NOT NULL REFERENCES planning.plan_executions(id) ON DELETE CASCADE
planning,execution_steps,4,plan_action_id,uuid,no,,no,no,planning.plan_actions(id),plan_action_id uuid NOT NULL REFERENCES planning.plan_actions(id)
planning,execution_steps,5,status,core.execution_status,no,'queued',no,no,,status core.execution_status NOT NULL DEFAULT 'queued'
planning,execution_steps,6,assigned_to_user_id,uuid,yes,,no,no,iam.users(id),assigned_to_user_id uuid REFERENCES iam.users(id)
planning,execution_steps,7,started_at,timestamptz,yes,,no,no,,started_at timestamptz
planning,execution_steps,8,completed_at,timestamptz,yes,,no,no,,completed_at timestamptz
planning,execution_steps,9,result,jsonb,no,'{}',no,no,,result jsonb NOT NULL DEFAULT '{}'
planning,execution_steps,10,error_detail,text,yes,,no,no,,error_detail text
planning,execution_steps,11,rollback_status,text,yes,,no,no,,rollback_status text
planning,execution_steps,12,"UNIQUE(plan_execution_id,plan_action_id)",,yes,,no,yes,,"UNIQUE(plan_execution_id,plan_action_id)"
planning,execution_deviations,1,id,uuid,no,gen_random_uuid(),yes,no,,id uuid PRIMARY KEY DEFAULT gen_random_uuid()
planning,execution_deviations,2,tenant_id,uuid,no,,no,no,core.tenants(id),tenant_id uuid NOT NULL REFERENCES core.tenants(id) ON DELETE CASCADE
planning,execution_deviations,3,plan_execution_id,uuid,no,,no,no,planning.plan_executions(id),plan_execution_id uuid NOT NULL REFERENCES planning.plan_executions(id) ON DELETE CASCADE
planning,execution_deviations,4,execution_step_id,uuid,yes,,no,no,planning.execution_steps(id),execution_step_id uuid REFERENCES planning.execution_steps(id)
planning,execution_deviations,5,detected_at,timestamptz,no,,no,no,,detected_at timestamptz NOT NULL
planning,execution_deviations,6,deviation_type,text,no,,no,no,,deviation_type text NOT NULL
planning,execution_deviations,7,severity,core.severity_level,no,,no,no,,severity core.severity_level NOT NULL
planning,execution_deviations,8,description,text,no,,no,no,,description text NOT NULL
planning,execution_deviations,9,expected_value,jsonb,yes,,no,no,,expected_value jsonb
planning,execution_deviations,10,actual_value,jsonb,yes,,no,no,,actual_value jsonb
planning,execution_deviations,11,corrective_action,text,yes,,no,no,,corrective_action text
planning,execution_deviations,12,accepted_by,uuid,yes,,no,no,iam.users(id),accepted_by uuid REFERENCES iam.users(id)
planning,execution_deviations,13,accepted_at,timestamptz,yes,,no,no,,accepted_at timestamptz
planning,execution_deviations,14,created_at,timestamptz,no,now(),no,no,,created_at timestamptz NOT NULL DEFAULT now()
planning,after_action_reviews,1,id,uuid,no,gen_random_uuid(),yes,no,,id uuid PRIMARY KEY DEFAULT gen_random_uuid()
planning,after_action_reviews,2,tenant_id,uuid,no,,no,no,core.tenants(id),tenant_id uuid NOT NULL REFERENCES core.tenants(id) ON DELETE CASCADE
planning,after_action_reviews,3,incident_id,uuid,no,,no,no,incident.incidents(id),incident_id uuid NOT NULL REFERENCES incident.incidents(id)
planning,after_action_reviews,4,plan_execution_id,uuid,yes,,no,no,planning.plan_executions(id),plan_execution_id uuid REFERENCES planning.plan_executions(id)
planning,after_action_reviews,5,conducted_at,timestamptz,yes,,no,no,,conducted_at timestamptz
planning,after_action_reviews,6,facilitated_by,uuid,yes,,no,no,iam.users(id),facilitated_by uuid REFERENCES iam.users(id)
planning,after_action_reviews,7,what_worked,jsonb,no,'[]',no,no,,what_worked jsonb NOT NULL DEFAULT '[]'
planning,after_action_reviews,8,what_failed,jsonb,no,'[]',no,no,,what_failed jsonb NOT NULL DEFAULT '[]'
planning,after_action_reviews,9,safety_events,jsonb,no,'[]',no,no,,safety_events jsonb NOT NULL DEFAULT '[]'
planning,after_action_reviews,10,policy_gaps,jsonb,no,'[]',no,no,,policy_gaps jsonb NOT NULL DEFAULT '[]'
planning,after_action_reviews,11,recommendations,jsonb,no,'[]',no,no,,recommendations jsonb NOT NULL DEFAULT '[]'
planning,after_action_reviews,12,status,core.record_status,no,'draft',no,no,,status core.record_status NOT NULL DEFAULT 'draft'
planning,after_action_reviews,13,approved_by,uuid,yes,,no,no,iam.users(id),approved_by uuid REFERENCES iam.users(id)
planning,after_action_reviews,14,approved_at,timestamptz,yes,,no,no,,approved_at timestamptz
planning,after_action_reviews,15,created_at,timestamptz,no,now(),no,no,,created_at timestamptz NOT NULL DEFAULT now()
integration,source_systems,1,id,uuid,no,gen_random_uuid(),yes,no,,id uuid PRIMARY KEY DEFAULT gen_random_uuid()
integration,source_systems,2,tenant_id,uuid,no,,no,no,core.tenants(id),tenant_id uuid NOT NULL REFERENCES core.tenants(id) ON DELETE CASCADE
integration,source_systems,3,name,citext,no,,no,no,,name citext NOT NULL
integration,source_systems,4,system_type,text,no,,no,no,,system_type text NOT NULL
integration,source_systems,5,vendor,text,yes,,no,no,,vendor text
integration,source_systems,6,product,text,yes,,no,no,,product text
integration,source_systems,7,environment,text,no,,no,no,,"environment text NOT NULL CHECK(environment IN('development','test','staging','production','disaster_recovery'))"
integration,source_systems,8,status,core.record_status,no,'active',no,no,,status core.record_status NOT NULL DEFAULT 'active'
integration,source_systems,9,authoritative_domains,text[],no,'{}',no,no,,authoritative_domains text[] NOT NULL DEFAULT '{}'
integration,source_systems,10,metadata,jsonb,no,'{}',no,no,,metadata jsonb NOT NULL DEFAULT '{}'
integration,source_systems,11,created_at,timestamptz,no,now(),no,no,,created_at timestamptz NOT NULL DEFAULT now()
integration,source_systems,12,"UNIQUE(tenant_id,name,environment)",,yes,,no,yes,,"UNIQUE(tenant_id,name,environment)"
integration,endpoints,1,id,uuid,no,gen_random_uuid(),yes,no,,id uuid PRIMARY KEY DEFAULT gen_random_uuid()
integration,endpoints,2,tenant_id,uuid,no,,no,no,core.tenants(id),tenant_id uuid NOT NULL REFERENCES core.tenants(id) ON DELETE CASCADE
integration,endpoints,3,source_system_id,uuid,no,,no,no,integration.source_systems(id),source_system_id uuid NOT NULL REFERENCES integration.source_systems(id) ON DELETE CASCADE
integration,endpoints,4,endpoint_type,text,no,,no,no,,endpoint_type text NOT NULL
integration,endpoints,5,base_uri,text,no,,no,no,,base_uri text NOT NULL
integration,endpoints,6,auth_type,text,yes,,no,no,,auth_type text
integration,endpoints,7,credential_reference,text,yes,,no,no,,credential_reference text
integration,endpoints,8,tls_profile,jsonb,no,'{}',no,no,,tls_profile jsonb NOT NULL DEFAULT '{}'
integration,endpoints,9,timeout_ms,integer,no,30000,no,no,,timeout_ms integer NOT NULL DEFAULT 30000 CHECK(timeout_ms>0)
integration,endpoints,10,retry_policy,jsonb,no,'{}',no,no,,retry_policy jsonb NOT NULL DEFAULT '{}'
integration,endpoints,11,rate_limit_policy,jsonb,no,'{}',no,no,,rate_limit_policy jsonb NOT NULL DEFAULT '{}'
integration,endpoints,12,status,core.record_status,no,'active',no,no,,status core.record_status NOT NULL DEFAULT 'active'
integration,endpoints,13,created_at,timestamptz,no,now(),no,no,,created_at timestamptz NOT NULL DEFAULT now()
integration,endpoints,14,"UNIQUE(source_system_id,endpoint_type,base_uri)",,yes,,no,yes,,"UNIQUE(source_system_id,endpoint_type,base_uri)"
integration,connection_tests,1,id,uuid,no,gen_random_uuid(),yes,no,,id uuid PRIMARY KEY DEFAULT gen_random_uuid()
integration,connection_tests,2,tenant_id,uuid,no,,no,no,core.tenants(id),tenant_id uuid NOT NULL REFERENCES core.tenants(id) ON DELETE CASCADE
integration,connection_tests,3,endpoint_id,uuid,no,,no,no,integration.endpoints(id),endpoint_id uuid NOT NULL REFERENCES integration.endpoints(id) ON DELETE CASCADE
integration,connection_tests,4,tested_at,timestamptz,no,,no,no,,tested_at timestamptz NOT NULL
integration,connection_tests,5,outcome,text,no,,no,no,,outcome text NOT NULL
integration,connection_tests,6,latency_ms,integer,yes,,no,no,,latency_ms integer
integration,connection_tests,7,response_summary,jsonb,no,'{}',no,no,,response_summary jsonb NOT NULL DEFAULT '{}'
integration,connection_tests,8,error_detail,text,yes,,no,no,,error_detail text
integration,fhir_resources,1,id,uuid,no,gen_random_uuid(),yes,no,,id uuid PRIMARY KEY DEFAULT gen_random_uuid()
integration,fhir_resources,2,tenant_id,uuid,no,,no,no,core.tenants(id),tenant_id uuid NOT NULL REFERENCES core.tenants(id) ON DELETE CASCADE
integration,fhir_resources,3,source_system_id,uuid,no,,no,no,integration.source_systems(id),source_system_id uuid NOT NULL REFERENCES integration.source_systems(id)
integration,fhir_resources,4,fhir_version,text,no,,no,no,,fhir_version text NOT NULL
integration,fhir_resources,5,resource_type,text,no,,no,no,,resource_type text NOT NULL
integration,fhir_resources,6,logical_id,text,no,,no,no,,logical_id text NOT NULL
integration,fhir_resources,7,version_id,text,yes,,no,no,,version_id text
integration,fhir_resources,8,last_updated,timestamptz,yes,,no,no,,last_updated timestamptz
integration,fhir_resources,9,resource_json,jsonb,no,,no,no,,resource_json jsonb NOT NULL
integration,fhir_resources,10,resource_hash,core.sha256_hex,no,,no,no,,resource_hash core.sha256_hex NOT NULL
integration,fhir_resources,11,deleted,boolean,no,false,no,no,,deleted boolean NOT NULL DEFAULT false
integration,fhir_resources,12,received_at,timestamptz,no,now(),no,no,,received_at timestamptz NOT NULL DEFAULT now()
integration,fhir_resources,13,processing_status,text,no,'received',no,no,,processing_status text NOT NULL DEFAULT 'received'
integration,fhir_resources,14,error_detail,text,yes,,no,no,,error_detail text
integration,fhir_resources,15,"UNIQUE(source_system_id,resource_type,logical_id,version_id)",,yes,,no,yes,,"UNIQUE(source_system_id,resource_type,logical_id,version_id)"
integration,fhir_resource_links,1,id,uuid,no,gen_random_uuid(),yes,no,,id uuid PRIMARY KEY DEFAULT gen_random_uuid()
integration,fhir_resource_links,2,tenant_id,uuid,no,,no,no,core.tenants(id),tenant_id uuid NOT NULL REFERENCES core.tenants(id) ON DELETE CASCADE
integration,fhir_resource_links,3,fhir_resource_id,uuid,no,,no,no,integration.fhir_resources(id),fhir_resource_id uuid NOT NULL REFERENCES integration.fhir_resources(id) ON DELETE CASCADE
integration,fhir_resource_links,4,canonical_entity_type,text,no,,no,no,,canonical_entity_type text NOT NULL
integration,fhir_resource_links,5,canonical_entity_id,uuid,no,,no,no,,canonical_entity_id uuid NOT NULL
integration,fhir_resource_links,6,relationship_type,text,no,'projects_to',no,no,,relationship_type text NOT NULL DEFAULT 'projects_to'
integration,fhir_resource_links,7,created_at,timestamptz,no,now(),no,no,,created_at timestamptz NOT NULL DEFAULT now()
integration,fhir_resource_links,8,"UNIQUE(fhir_resource_id,canonical_entity_type,canonical_entity_id)",,yes,,no,yes,,"UNIQUE(fhir_resource_id,canonical_entity_type,canonical_entity_id)"
integration,fhir_subscriptions,1,id,uuid,no,gen_random_uuid(),yes,no,,id uuid PRIMARY KEY DEFAULT gen_random_uuid()
integration,fhir_subscriptions,2,tenant_id,uuid,no,,no,no,core.tenants(id),tenant_id uuid NOT NULL REFERENCES core.tenants(id) ON DELETE CASCADE
integration,fhir_subscriptions,3,source_system_id,uuid,no,,no,no,integration.source_systems(id),source_system_id uuid NOT NULL REFERENCES integration.source_systems(id)
integration,fhir_subscriptions,4,external_subscription_id,text,yes,,no,no,,external_subscription_id text
integration,fhir_subscriptions,5,topic_uri,text,yes,,no,no,,topic_uri text
integration,fhir_subscriptions,6,criteria,text,yes,,no,no,,criteria text
integration,fhir_subscriptions,7,channel_type,text,no,,no,no,,channel_type text NOT NULL
integration,fhir_subscriptions,8,endpoint_uri,text,yes,,no,no,,endpoint_uri text
integration,fhir_subscriptions,9,payload_content_type,text,yes,,no,no,,payload_content_type text
integration,fhir_subscriptions,10,heartbeat_seconds,integer,yes,,no,no,,heartbeat_seconds integer
integration,fhir_subscriptions,11,timeout_seconds,integer,yes,,no,no,,timeout_seconds integer
integration,fhir_subscriptions,12,status,text,no,,no,no,,status text NOT NULL
integration,fhir_subscriptions,13,expires_at,timestamptz,yes,,no,no,,expires_at timestamptz
integration,fhir_subscriptions,14,last_notification_at,timestamptz,yes,,no,no,,last_notification_at timestamptz
integration,fhir_subscriptions,15,error_count,integer,no,0,no,no,,error_count integer NOT NULL DEFAULT 0
integration,fhir_subscriptions,16,created_at,timestamptz,no,now(),no,no,,created_at timestamptz NOT NULL DEFAULT now()
integration,hl7_messages,1,id,uuid,no,gen_random_uuid(),yes,no,,id uuid PRIMARY KEY DEFAULT gen_random_uuid()
integration,hl7_messages,2,tenant_id,uuid,no,,no,no,core.tenants(id),tenant_id uuid NOT NULL REFERENCES core.tenants(id) ON DELETE CASCADE
integration,hl7_messages,3,source_system_id,uuid,no,,no,no,integration.source_systems(id),source_system_id uuid NOT NULL REFERENCES integration.source_systems(id)
integration,hl7_messages,4,direction,core.direction,no,,no,no,,direction core.direction NOT NULL
integration,hl7_messages,5,message_type,text,yes,,no,no,,message_type text
integration,hl7_messages,6,trigger_event,text,yes,,no,no,,trigger_event text
integration,hl7_messages,7,control_id,text,yes,,no,no,,control_id text
integration,hl7_messages,8,message_timestamp,timestamptz,yes,,no,no,,message_timestamp timestamptz
integration,hl7_messages,9,raw_message_encrypted,bytea,no,,no,no,,raw_message_encrypted bytea NOT NULL
integration,hl7_messages,10,message_hash,core.sha256_hex,no,,no,no,,message_hash core.sha256_hex NOT NULL
integration,hl7_messages,11,received_or_sent_at,timestamptz,no,now(),no,no,,received_or_sent_at timestamptz NOT NULL DEFAULT now()
integration,hl7_messages,12,processing_status,text,no,'received',no,no,,processing_status text NOT NULL DEFAULT 'received'
integration,hl7_messages,13,parsed_payload,jsonb,yes,,no,no,,parsed_payload jsonb
integration,hl7_messages,14,error_detail,text,yes,,no,no,,error_detail text
integration,hl7_messages,15,"UNIQUE(source_system_id,direction,control_id)",,yes,,no,yes,,"UNIQUE(source_system_id,direction,control_id)"
integration,hl7_acknowledgements,1,id,uuid,no,gen_random_uuid(),yes,no,,id uuid PRIMARY KEY DEFAULT gen_random_uuid()
integration,hl7_acknowledgements,2,tenant_id,uuid,no,,no,no,core.tenants(id),tenant_id uuid NOT NULL REFERENCES core.tenants(id) ON DELETE CASCADE
integration,hl7_acknowledgements,3,hl7_message_id,uuid,no,,no,no,integration.hl7_messages(id),hl7_message_id uuid NOT NULL REFERENCES integration.hl7_messages(id) ON DELETE CASCADE
integration,hl7_acknowledgements,4,acknowledgement_code,text,no,,no,no,,acknowledgement_code text NOT NULL
integration,hl7_acknowledgements,5,acknowledgement_text,text,yes,,no,no,,acknowledgement_text text
integration,hl7_acknowledgements,6,raw_ack_encrypted,bytea,yes,,no,no,,raw_ack_encrypted bytea
integration,hl7_acknowledgements,7,sent_or_received_at,timestamptz,no,,no,no,,sent_or_received_at timestamptz NOT NULL
integration,mapping_profiles,1,id,uuid,no,gen_random_uuid(),yes,no,,id uuid PRIMARY KEY DEFAULT gen_random_uuid()
integration,mapping_profiles,2,tenant_id,uuid,no,,no,no,core.tenants(id),tenant_id uuid NOT NULL REFERENCES core.tenants(id) ON DELETE CASCADE
integration,mapping_profiles,3,name,text,no,,no,no,,name text NOT NULL
integration,mapping_profiles,4,source_system_id,uuid,yes,,no,no,integration.source_systems(id),source_system_id uuid REFERENCES integration.source_systems(id)
integration,mapping_profiles,5,source_resource_type,text,no,,no,no,,source_resource_type text NOT NULL
integration,mapping_profiles,6,target_entity_type,text,no,,no,no,,target_entity_type text NOT NULL
integration,mapping_profiles,7,version,text,no,,no,no,,version text NOT NULL
integration,mapping_profiles,8,status,core.record_status,no,'active',no,no,,status core.record_status NOT NULL DEFAULT 'active'
integration,mapping_profiles,9,mapping_definition,jsonb,no,,no,no,,mapping_definition jsonb NOT NULL
integration,mapping_profiles,10,created_at,timestamptz,no,now(),no,no,,created_at timestamptz NOT NULL DEFAULT now()
integration,mapping_profiles,11,"UNIQUE(tenant_id,name,version)",,yes,,no,yes,,"UNIQUE(tenant_id,name,version)"
integration,field_mappings,1,id,uuid,no,gen_random_uuid(),yes,no,,id uuid PRIMARY KEY DEFAULT gen_random_uuid()
integration,field_mappings,2,tenant_id,uuid,no,,no,no,core.tenants(id),tenant_id uuid NOT NULL REFERENCES core.tenants(id) ON DELETE CASCADE
integration,field_mappings,3,mapping_profile_id,uuid,no,,no,no,integration.mapping_profiles(id),mapping_profile_id uuid NOT NULL REFERENCES integration.mapping_profiles(id) ON DELETE CASCADE
integration,field_mappings,4,source_path,text,no,,no,no,,source_path text NOT NULL
integration,field_mappings,5,target_path,text,no,,no,no,,target_path text NOT NULL
integration,field_mappings,6,transform_expression,text,yes,,no,no,,transform_expression text
integration,field_mappings,7,required,boolean,no,false,no,no,,required boolean NOT NULL DEFAULT false
integration,field_mappings,8,default_value,jsonb,yes,,no,no,,default_value jsonb
integration,field_mappings,9,terminology_map_id,uuid,yes,,no,no,terminology.concept_maps(id),terminology_map_id uuid REFERENCES terminology.concept_maps(id)
integration,field_mappings,10,order_index,integer,no,,no,no,,order_index integer NOT NULL
integration,field_mappings,11,"UNIQUE(mapping_profile_id,source_path,target_path)",,yes,,no,yes,,"UNIQUE(mapping_profile_id,source_path,target_path)"
integration,files,1,id,uuid,no,gen_random_uuid(),yes,no,,id uuid PRIMARY KEY DEFAULT gen_random_uuid()
integration,files,2,tenant_id,uuid,no,,no,no,core.tenants(id),tenant_id uuid NOT NULL REFERENCES core.tenants(id) ON DELETE CASCADE
integration,files,3,storage_provider,text,no,,no,no,,storage_provider text NOT NULL
integration,files,4,storage_key,text,no,,no,no,,storage_key text NOT NULL
integration,files,5,file_name,text,no,,no,no,,file_name text NOT NULL
integration,files,6,content_type,text,no,,no,no,,content_type text NOT NULL
integration,files,7,size_bytes,bigint,no,,no,no,,size_bytes bigint NOT NULL CHECK(size_bytes>=0)
integration,files,8,sha256,core.sha256_hex,no,,no,no,,sha256 core.sha256_hex NOT NULL
integration,files,9,classification,core.data_classification,no,,no,no,,classification core.data_classification NOT NULL
integration,files,10,contains_phi,boolean,no,false,no,no,,contains_phi boolean NOT NULL DEFAULT false
integration,files,11,encryption_key_reference,text,yes,,no,no,,encryption_key_reference text
integration,files,12,uploaded_by,uuid,yes,,no,no,iam.users(id),uploaded_by uuid REFERENCES iam.users(id)
integration,files,13,uploaded_at,timestamptz,no,now(),no,no,,uploaded_at timestamptz NOT NULL DEFAULT now()
integration,files,14,deleted_at,timestamptz,yes,,no,no,,deleted_at timestamptz
integration,files,15,metadata,jsonb,no,'{}',no,no,,metadata jsonb NOT NULL DEFAULT '{}'
integration,files,16,"UNIQUE(tenant_id,storage_provider,storage_key)",,yes,,no,yes,,"UNIQUE(tenant_id,storage_provider,storage_key)"
integration,import_jobs,1,id,uuid,no,gen_random_uuid(),yes,no,,id uuid PRIMARY KEY DEFAULT gen_random_uuid()
integration,import_jobs,2,tenant_id,uuid,no,,no,no,core.tenants(id),tenant_id uuid NOT NULL REFERENCES core.tenants(id) ON DELETE CASCADE
integration,import_jobs,3,source_system_id,uuid,yes,,no,no,integration.source_systems(id),source_system_id uuid REFERENCES integration.source_systems(id)
integration,import_jobs,4,job_type,text,no,,no,no,,job_type text NOT NULL
integration,import_jobs,5,source_file_id,uuid,yes,,no,no,integration.files(id),source_file_id uuid REFERENCES integration.files(id)
integration,import_jobs,6,mapping_profile_id,uuid,yes,,no,no,integration.mapping_profiles(id),mapping_profile_id uuid REFERENCES integration.mapping_profiles(id)
integration,import_jobs,7,status,core.execution_status,no,'queued',no,no,,status core.execution_status NOT NULL DEFAULT 'queued'
integration,import_jobs,8,requested_by,uuid,yes,,no,no,iam.users(id),requested_by uuid REFERENCES iam.users(id)
integration,import_jobs,9,requested_at,timestamptz,no,now(),no,no,,requested_at timestamptz NOT NULL DEFAULT now()
integration,import_jobs,10,started_at,timestamptz,yes,,no,no,,started_at timestamptz
integration,import_jobs,11,completed_at,timestamptz,yes,,no,no,,completed_at timestamptz
integration,import_jobs,12,total_records,bigint,yes,,no,no,,total_records bigint
integration,import_jobs,13,succeeded_records,bigint,yes,,no,no,,succeeded_records bigint
integration,import_jobs,14,failed_records,bigint,yes,,no,no,,failed_records bigint
integration,import_jobs,15,skipped_records,bigint,yes,,no,no,,skipped_records bigint
integration,import_jobs,16,checkpoint,jsonb,no,'{}',no,no,,checkpoint jsonb NOT NULL DEFAULT '{}'
integration,import_jobs,17,error_summary,text,yes,,no,no,,error_summary text
integration,import_jobs,18,correlation_id,uuid,no,gen_random_uuid(),no,no,,correlation_id uuid NOT NULL DEFAULT gen_random_uuid()
integration,import_records,1,id,uuid,no,gen_random_uuid(),yes,no,,id uuid PRIMARY KEY DEFAULT gen_random_uuid()
integration,import_records,2,tenant_id,uuid,no,,no,no,core.tenants(id),tenant_id uuid NOT NULL REFERENCES core.tenants(id) ON DELETE CASCADE
integration,import_records,3,import_job_id,uuid,no,,no,no,integration.import_jobs(id),import_job_id uuid NOT NULL REFERENCES integration.import_jobs(id) ON DELETE CASCADE
integration,import_records,4,record_number,bigint,no,,no,no,,record_number bigint NOT NULL
integration,import_records,5,source_identifier,text,yes,,no,no,,source_identifier text
integration,import_records,6,status,text,no,,no,no,,status text NOT NULL
integration,import_records,7,canonical_entity_type,text,yes,,no,no,,canonical_entity_type text
integration,import_records,8,canonical_entity_id,uuid,yes,,no,no,,canonical_entity_id uuid
integration,import_records,9,validation_errors,jsonb,no,'[]',no,no,,validation_errors jsonb NOT NULL DEFAULT '[]'
integration,import_records,10,source_payload,jsonb,yes,,no,no,,source_payload jsonb
integration,import_records,11,processed_at,timestamptz,yes,,no,no,,processed_at timestamptz
integration,import_records,12,"UNIQUE(import_job_id,record_number)",,yes,,no,yes,,"UNIQUE(import_job_id,record_number)"
integration,sync_checkpoints,1,id,uuid,no,gen_random_uuid(),yes,no,,id uuid PRIMARY KEY DEFAULT gen_random_uuid()
integration,sync_checkpoints,2,tenant_id,uuid,no,,no,no,core.tenants(id),tenant_id uuid NOT NULL REFERENCES core.tenants(id) ON DELETE CASCADE
integration,sync_checkpoints,3,source_system_id,uuid,no,,no,no,integration.source_systems(id),source_system_id uuid NOT NULL REFERENCES integration.source_systems(id)
integration,sync_checkpoints,4,sync_domain,text,no,,no,no,,sync_domain text NOT NULL
integration,sync_checkpoints,5,cursor_value,text,yes,,no,no,,cursor_value text
integration,sync_checkpoints,6,watermark_time,timestamptz,yes,,no,no,,watermark_time timestamptz
integration,sync_checkpoints,7,last_success_at,timestamptz,yes,,no,no,,last_success_at timestamptz
integration,sync_checkpoints,8,last_attempt_at,timestamptz,yes,,no,no,,last_attempt_at timestamptz
integration,sync_checkpoints,9,last_status,text,yes,,no,no,,last_status text
integration,sync_checkpoints,10,error_detail,text,yes,,no,no,,error_detail text
integration,sync_checkpoints,11,updated_at,timestamptz,no,now(),no,no,,updated_at timestamptz NOT NULL DEFAULT now()
integration,sync_checkpoints,12,"UNIQUE(source_system_id,sync_domain)",,yes,,no,yes,,"UNIQUE(source_system_id,sync_domain)"
integration,external_events,1,id,uuid,no,gen_random_uuid(),yes,no,,id uuid PRIMARY KEY DEFAULT gen_random_uuid()
integration,external_events,2,tenant_id,uuid,no,,no,no,core.tenants(id),tenant_id uuid NOT NULL REFERENCES core.tenants(id) ON DELETE CASCADE
integration,external_events,3,source_system_id,uuid,yes,,no,no,integration.source_systems(id),source_system_id uuid REFERENCES integration.source_systems(id)
integration,external_events,4,event_type,text,no,,no,no,,event_type text NOT NULL
integration,external_events,5,event_id,text,yes,,no,no,,event_id text
integration,external_events,6,occurred_at,timestamptz,yes,,no,no,,occurred_at timestamptz
integration,external_events,7,received_at,timestamptz,no,now(),no,no,,received_at timestamptz NOT NULL DEFAULT now()
integration,external_events,8,payload,jsonb,no,,no,no,,payload jsonb NOT NULL
integration,external_events,9,payload_hash,core.sha256_hex,no,,no,no,,payload_hash core.sha256_hex NOT NULL
integration,external_events,10,processing_status,text,no,'received',no,no,,processing_status text NOT NULL DEFAULT 'received'
integration,external_events,11,processed_at,timestamptz,yes,,no,no,,processed_at timestamptz
integration,external_events,12,correlation_id,text,yes,,no,no,,correlation_id text
integration,external_events,13,causation_id,text,yes,,no,no,,causation_id text
integration,webhooks,1,id,uuid,no,gen_random_uuid(),yes,no,,id uuid PRIMARY KEY DEFAULT gen_random_uuid()
integration,webhooks,2,tenant_id,uuid,no,,no,no,core.tenants(id),tenant_id uuid NOT NULL REFERENCES core.tenants(id) ON DELETE CASCADE
integration,webhooks,3,name,text,no,,no,no,,name text NOT NULL
integration,webhooks,4,direction,core.direction,no,,no,no,,direction core.direction NOT NULL
integration,webhooks,5,endpoint_uri,text,yes,,no,no,,endpoint_uri text
integration,webhooks,6,secret_reference,text,yes,,no,no,,secret_reference text
integration,webhooks,7,event_types,text[],no,'{}',no,no,,event_types text[] NOT NULL DEFAULT '{}'
integration,webhooks,8,signature_algorithm,text,no,'HMAC-SHA256',no,no,,signature_algorithm text NOT NULL DEFAULT 'HMAC-SHA256'
integration,webhooks,9,status,core.record_status,no,'active',no,no,,status core.record_status NOT NULL DEFAULT 'active'
integration,webhooks,10,retry_policy,jsonb,no,'{}',no,no,,retry_policy jsonb NOT NULL DEFAULT '{}'
integration,webhooks,11,created_at,timestamptz,no,now(),no,no,,created_at timestamptz NOT NULL DEFAULT now()
integration,webhooks,12,"UNIQUE(tenant_id,name)",,yes,,no,yes,,"UNIQUE(tenant_id,name)"
integration,webhook_deliveries,1,id,uuid,no,gen_random_uuid(),yes,no,,id uuid PRIMARY KEY DEFAULT gen_random_uuid()
integration,webhook_deliveries,2,tenant_id,uuid,no,,no,no,core.tenants(id),tenant_id uuid NOT NULL REFERENCES core.tenants(id) ON DELETE CASCADE
integration,webhook_deliveries,3,webhook_id,uuid,no,,no,no,integration.webhooks(id),webhook_id uuid NOT NULL REFERENCES integration.webhooks(id) ON DELETE CASCADE
integration,webhook_deliveries,4,event_id,uuid,yes,,no,no,integration.external_events(id),event_id uuid REFERENCES integration.external_events(id)
integration,webhook_deliveries,5,attempt_number,integer,no,,no,no,,attempt_number integer NOT NULL
integration,webhook_deliveries,6,requested_at,timestamptz,no,,no,no,,requested_at timestamptz NOT NULL
integration,webhook_deliveries,7,completed_at,timestamptz,yes,,no,no,,completed_at timestamptz
integration,webhook_deliveries,8,response_status,integer,yes,,no,no,,response_status integer
integration,webhook_deliveries,9,response_headers,jsonb,yes,,no,no,,response_headers jsonb
integration,webhook_deliveries,10,response_body_redacted,text,yes,,no,no,,response_body_redacted text
integration,webhook_deliveries,11,outcome,text,no,,no,no,,outcome text NOT NULL
integration,webhook_deliveries,12,next_retry_at,timestamptz,yes,,no,no,,next_retry_at timestamptz
integration,webhook_deliveries,13,error_detail,text,yes,,no,no,,error_detail text
integration,webhook_deliveries,14,"UNIQUE(webhook_id,event_id,attempt_number)",,yes,,no,yes,,"UNIQUE(webhook_id,event_id,attempt_number)"
integration,outbox_events,1,id,uuid,no,gen_random_uuid(),yes,no,,id uuid PRIMARY KEY DEFAULT gen_random_uuid()
integration,outbox_events,2,tenant_id,uuid,no,,no,no,core.tenants(id),tenant_id uuid NOT NULL REFERENCES core.tenants(id) ON DELETE CASCADE
integration,outbox_events,3,aggregate_type,text,no,,no,no,,aggregate_type text NOT NULL
integration,outbox_events,4,aggregate_id,uuid,no,,no,no,,aggregate_id uuid NOT NULL
integration,outbox_events,5,event_type,text,no,,no,no,,event_type text NOT NULL
integration,outbox_events,6,payload,jsonb,no,,no,no,,payload jsonb NOT NULL
integration,outbox_events,7,headers,jsonb,no,'{}',no,no,,headers jsonb NOT NULL DEFAULT '{}'
integration,outbox_events,8,occurred_at,timestamptz,no,now(),no,no,,occurred_at timestamptz NOT NULL DEFAULT now()
integration,outbox_events,9,available_at,timestamptz,no,now(),no,no,,available_at timestamptz NOT NULL DEFAULT now()
integration,outbox_events,10,published_at,timestamptz,yes,,no,no,,published_at timestamptz
integration,outbox_events,11,publish_attempts,integer,no,0,no,no,,publish_attempts integer NOT NULL DEFAULT 0
integration,outbox_events,12,last_error,text,yes,,no,no,,last_error text
integration,outbox_events,13,correlation_id,uuid,yes,,no,no,,correlation_id uuid
integration,outbox_events,14,causation_id,uuid,yes,,no,no,,causation_id uuid
integration,inbox_events,1,id,uuid,no,gen_random_uuid(),yes,no,,id uuid PRIMARY KEY DEFAULT gen_random_uuid()
integration,inbox_events,2,tenant_id,uuid,no,,no,no,core.tenants(id),tenant_id uuid NOT NULL REFERENCES core.tenants(id) ON DELETE CASCADE
integration,inbox_events,3,source_name,text,no,,no,no,,source_name text NOT NULL
integration,inbox_events,4,external_event_id,text,no,,no,no,,external_event_id text NOT NULL
integration,inbox_events,5,event_type,text,no,,no,no,,event_type text NOT NULL
integration,inbox_events,6,received_at,timestamptz,no,now(),no,no,,received_at timestamptz NOT NULL DEFAULT now()
integration,inbox_events,7,processed_at,timestamptz,yes,,no,no,,processed_at timestamptz
integration,inbox_events,8,status,text,no,'received',no,no,,status text NOT NULL DEFAULT 'received'
integration,inbox_events,9,payload_hash,core.sha256_hex,no,,no,no,,payload_hash core.sha256_hex NOT NULL
integration,inbox_events,10,error_detail,text,yes,,no,no,,error_detail text
integration,inbox_events,11,"UNIQUE(tenant_id,source_name,external_event_id)",,yes,,no,yes,,"UNIQUE(tenant_id,source_name,external_event_id)"
integration,dead_letters,1,id,uuid,no,gen_random_uuid(),yes,no,,id uuid PRIMARY KEY DEFAULT gen_random_uuid()
integration,dead_letters,2,tenant_id,uuid,yes,,no,no,core.tenants(id),tenant_id uuid REFERENCES core.tenants(id) ON DELETE CASCADE
integration,dead_letters,3,source_type,text,no,,no,no,,source_type text NOT NULL
integration,dead_letters,4,source_id,uuid,yes,,no,no,,source_id uuid
integration,dead_letters,5,event_type,text,yes,,no,no,,event_type text
integration,dead_letters,6,payload_redacted,jsonb,yes,,no,no,,payload_redacted jsonb
integration,dead_letters,7,failure_reason,text,no,,no,no,,failure_reason text NOT NULL
integration,dead_letters,8,first_failed_at,timestamptz,no,,no,no,,first_failed_at timestamptz NOT NULL
integration,dead_letters,9,last_failed_at,timestamptz,no,,no,no,,last_failed_at timestamptz NOT NULL
integration,dead_letters,10,attempts,integer,no,,no,no,,attempts integer NOT NULL
integration,dead_letters,11,status,text,no,'open',no,no,,status text NOT NULL DEFAULT 'open'
integration,dead_letters,12,resolved_at,timestamptz,yes,,no,no,,resolved_at timestamptz
integration,dead_letters,13,resolved_by,uuid,yes,,no,no,iam.users(id),resolved_by uuid REFERENCES iam.users(id)
integration,idempotency_keys,1,id,uuid,no,gen_random_uuid(),yes,no,,id uuid PRIMARY KEY DEFAULT gen_random_uuid()
integration,idempotency_keys,2,tenant_id,uuid,no,,no,no,core.tenants(id),tenant_id uuid NOT NULL REFERENCES core.tenants(id) ON DELETE CASCADE
integration,idempotency_keys,3,scope,text,no,,no,no,,scope text NOT NULL
integration,idempotency_keys,4,idempotency_key,text,no,,no,no,,idempotency_key text NOT NULL
integration,idempotency_keys,5,request_hash,core.sha256_hex,no,,no,no,,request_hash core.sha256_hex NOT NULL
integration,idempotency_keys,6,response_status,integer,yes,,no,no,,response_status integer
integration,idempotency_keys,7,response_body,jsonb,yes,,no,no,,response_body jsonb
integration,idempotency_keys,8,resource_type,text,yes,,no,no,,resource_type text
integration,idempotency_keys,9,resource_id,uuid,yes,,no,no,,resource_id uuid
integration,idempotency_keys,10,created_at,timestamptz,no,now(),no,no,,created_at timestamptz NOT NULL DEFAULT now()
integration,idempotency_keys,11,expires_at,timestamptz,no,,no,no,,expires_at timestamptz NOT NULL
integration,idempotency_keys,12,"UNIQUE(tenant_id,scope,idempotency_key)",,yes,,no,yes,,"UNIQUE(tenant_id,scope,idempotency_key)"
mcp,servers,1,id,uuid,no,gen_random_uuid(),yes,no,,id uuid PRIMARY KEY DEFAULT gen_random_uuid()
mcp,servers,2,tenant_id,uuid,no,,no,no,core.tenants(id),tenant_id uuid NOT NULL REFERENCES core.tenants(id) ON DELETE CASCADE
mcp,servers,3,server_key,citext,no,,no,no,,server_key citext NOT NULL
mcp,servers,4,name,text,no,,no,no,,name text NOT NULL
mcp,servers,5,description,text,yes,,no,no,,description text
mcp,servers,6,canonical_resource_uri,text,no,,no,no,,canonical_resource_uri text NOT NULL
mcp,servers,7,protocol_version,text,no,,no,no,,protocol_version text NOT NULL
mcp,servers,8,transport_type,text,no,,no,no,,"transport_type text NOT NULL CHECK(transport_type IN('streamable_http','stdio','custom'))"
mcp,servers,9,status,core.record_status,no,'active',no,no,,status core.record_status NOT NULL DEFAULT 'active'
mcp,servers,10,auth_required,boolean,no,true,no,no,,auth_required boolean NOT NULL DEFAULT true
mcp,servers,11,authorization_servers,text[],no,'{}',no,no,,authorization_servers text[] NOT NULL DEFAULT '{}'
mcp,servers,12,protected_resource_metadata,jsonb,no,'{}',no,no,,protected_resource_metadata jsonb NOT NULL DEFAULT '{}'
mcp,servers,13,instructions,text,yes,,no,no,,instructions text
mcp,servers,14,metadata,jsonb,no,'{}',no,no,,metadata jsonb NOT NULL DEFAULT '{}'
mcp,servers,15,created_at,timestamptz,no,now(),no,no,,created_at timestamptz NOT NULL DEFAULT now()
mcp,servers,16,updated_at,timestamptz,no,now(),no,no,,updated_at timestamptz NOT NULL DEFAULT now()
mcp,servers,17,row_version,bigint,no,1,no,no,,row_version bigint NOT NULL DEFAULT 1
mcp,servers,18,"UNIQUE(tenant_id,server_key)",,yes,,no,yes,,"UNIQUE(tenant_id,server_key)"
mcp,servers,19,"UNIQUE(tenant_id,canonical_resource_uri)",,yes,,no,yes,,"UNIQUE(tenant_id,canonical_resource_uri)"
mcp,server_deployments,1,id,uuid,no,gen_random_uuid(),yes,no,,id uuid PRIMARY KEY DEFAULT gen_random_uuid()
mcp,server_deployments,2,tenant_id,uuid,no,,no,no,core.tenants(id),tenant_id uuid NOT NULL REFERENCES core.tenants(id) ON DELETE CASCADE
mcp,server_deployments,3,server_id,uuid,no,,no,no,mcp.servers(id),server_id uuid NOT NULL REFERENCES mcp.servers(id) ON DELETE CASCADE
mcp,server_deployments,4,environment,text,no,,no,no,,environment text NOT NULL
mcp,server_deployments,5,deployment_version,text,no,,no,no,,deployment_version text NOT NULL
mcp,server_deployments,6,endpoint_uri,text,yes,,no,no,,endpoint_uri text
mcp,server_deployments,7,region,text,yes,,no,no,,region text
mcp,server_deployments,8,status,text,no,,no,no,,status text NOT NULL
mcp,server_deployments,9,deployed_at,timestamptz,yes,,no,no,,deployed_at timestamptz
mcp,server_deployments,10,commit_sha,text,yes,,no,no,,commit_sha text
mcp,server_deployments,11,image_digest,text,yes,,no,no,,image_digest text
mcp,server_deployments,12,configuration_hash,core.sha256_hex,yes,,no,no,,configuration_hash core.sha256_hex
mcp,server_deployments,13,healthcheck_uri,text,yes,,no,no,,healthcheck_uri text
mcp,server_deployments,14,last_healthy_at,timestamptz,yes,,no,no,,last_healthy_at timestamptz
mcp,server_deployments,15,"UNIQUE(server_id,environment,deployment_version)",,yes,,no,yes,,"UNIQUE(server_id,environment,deployment_version)"
mcp,server_capabilities,1,id,uuid,no,gen_random_uuid(),yes,no,,id uuid PRIMARY KEY DEFAULT gen_random_uuid()
mcp,server_capabilities,2,tenant_id,uuid,no,,no,no,core.tenants(id),tenant_id uuid NOT NULL REFERENCES core.tenants(id) ON DELETE CASCADE
mcp,server_capabilities,3,server_id,uuid,no,,no,no,mcp.servers(id),server_id uuid NOT NULL REFERENCES mcp.servers(id) ON DELETE CASCADE
mcp,server_capabilities,4,capability_name,text,no,,no,no,,capability_name text NOT NULL
mcp,server_capabilities,5,capability_config,jsonb,no,'{}',no,no,,capability_config jsonb NOT NULL DEFAULT '{}'
mcp,server_capabilities,6,enabled,boolean,no,true,no,no,,enabled boolean NOT NULL DEFAULT true
mcp,server_capabilities,7,"UNIQUE(server_id,capability_name)",,yes,,no,yes,,"UNIQUE(server_id,capability_name)"
mcp,clients,1,id,uuid,no,gen_random_uuid(),yes,no,,id uuid PRIMARY KEY DEFAULT gen_random_uuid()
mcp,clients,2,tenant_id,uuid,no,,no,no,core.tenants(id),tenant_id uuid NOT NULL REFERENCES core.tenants(id) ON DELETE CASCADE
mcp,clients,3,oauth_client_id,uuid,yes,,no,no,iam.oauth_clients(id),oauth_client_id uuid REFERENCES iam.oauth_clients(id)
mcp,clients,4,client_key,citext,no,,no,no,,client_key citext NOT NULL
mcp,clients,5,client_name,text,no,,no,no,,client_name text NOT NULL
mcp,clients,6,client_version,text,yes,,no,no,,client_version text
mcp,clients,7,protocol_versions,text[],no,'{}',no,no,,protocol_versions text[] NOT NULL DEFAULT '{}'
mcp,clients,8,status,core.record_status,no,'active',no,no,,status core.record_status NOT NULL DEFAULT 'active'
mcp,clients,9,metadata,jsonb,no,'{}',no,no,,metadata jsonb NOT NULL DEFAULT '{}'
mcp,clients,10,created_at,timestamptz,no,now(),no,no,,created_at timestamptz NOT NULL DEFAULT now()
mcp,clients,11,"UNIQUE(tenant_id,client_key)",,yes,,no,yes,,"UNIQUE(tenant_id,client_key)"
mcp,client_sessions,1,id,uuid,no,gen_random_uuid(),yes,no,,id uuid PRIMARY KEY DEFAULT gen_random_uuid()
mcp,client_sessions,2,tenant_id,uuid,no,,no,no,core.tenants(id),tenant_id uuid NOT NULL REFERENCES core.tenants(id) ON DELETE CASCADE
mcp,client_sessions,3,server_id,uuid,no,,no,no,mcp.servers(id),server_id uuid NOT NULL REFERENCES mcp.servers(id)
mcp,client_sessions,4,client_id,uuid,no,,no,no,mcp.clients(id),client_id uuid NOT NULL REFERENCES mcp.clients(id)
mcp,client_sessions,5,iam_session_id,uuid,yes,,no,no,iam.sessions(id),iam_session_id uuid REFERENCES iam.sessions(id)
mcp,client_sessions,6,negotiated_protocol_version,text,no,,no,no,,negotiated_protocol_version text NOT NULL
mcp,client_sessions,7,client_capabilities,jsonb,no,,no,no,,client_capabilities jsonb NOT NULL
mcp,client_sessions,8,server_capabilities,jsonb,no,,no,no,,server_capabilities jsonb NOT NULL
mcp,client_sessions,9,initialized_at,timestamptz,no,,no,no,,initialized_at timestamptz NOT NULL
mcp,client_sessions,10,last_activity_at,timestamptz,no,,no,no,,last_activity_at timestamptz NOT NULL
mcp,client_sessions,11,closed_at,timestamptz,yes,,no,no,,closed_at timestamptz
mcp,client_sessions,12,close_reason,text,yes,,no,no,,close_reason text
mcp,client_sessions,13,session_transport_id,text,yes,,no,no,,session_transport_id text
mcp,client_sessions,14,correlation_id,uuid,no,gen_random_uuid(),no,no,,correlation_id uuid NOT NULL DEFAULT gen_random_uuid()
mcp,tool_definitions,1,id,uuid,no,gen_random_uuid(),yes,no,,id uuid PRIMARY KEY DEFAULT gen_random_uuid()
mcp,tool_definitions,2,tenant_id,uuid,no,,no,no,core.tenants(id),tenant_id uuid NOT NULL REFERENCES core.tenants(id) ON DELETE CASCADE
mcp,tool_definitions,3,server_id,uuid,no,,no,no,mcp.servers(id),server_id uuid NOT NULL REFERENCES mcp.servers(id) ON DELETE CASCADE
mcp,tool_definitions,4,tool_name,text,no,,no,no,,tool_name text NOT NULL
mcp,tool_definitions,5,title,text,yes,,no,no,,title text
mcp,tool_definitions,6,description,text,no,,no,no,,description text NOT NULL
mcp,tool_definitions,7,annotations,jsonb,no,'{}',no,no,,annotations jsonb NOT NULL DEFAULT '{}'
mcp,tool_definitions,8,status,core.record_status,no,'active',no,no,,status core.record_status NOT NULL DEFAULT 'active'
mcp,tool_definitions,9,requires_human_approval,boolean,no,false,no,no,,requires_human_approval boolean NOT NULL DEFAULT false
mcp,tool_definitions,10,risk_level,core.severity_level,no,'low',no,no,,risk_level core.severity_level NOT NULL DEFAULT 'low'
mcp,tool_definitions,11,idempotent,boolean,no,false,no,no,,idempotent boolean NOT NULL DEFAULT false
mcp,tool_definitions,12,read_only,boolean,no,false,no,no,,read_only boolean NOT NULL DEFAULT false
mcp,tool_definitions,13,destructive,boolean,no,false,no,no,,destructive boolean NOT NULL DEFAULT false
mcp,tool_definitions,14,open_world,boolean,no,false,no,no,,open_world boolean NOT NULL DEFAULT false
mcp,tool_definitions,15,created_at,timestamptz,no,now(),no,no,,created_at timestamptz NOT NULL DEFAULT now()
mcp,tool_definitions,16,updated_at,timestamptz,no,now(),no,no,,updated_at timestamptz NOT NULL DEFAULT now()
mcp,tool_definitions,17,row_version,bigint,no,1,no,no,,row_version bigint NOT NULL DEFAULT 1
mcp,tool_definitions,18,"UNIQUE(server_id,tool_name)",,yes,,no,yes,,"UNIQUE(server_id,tool_name)"
mcp,tool_versions,1,id,uuid,no,gen_random_uuid(),yes,no,,id uuid PRIMARY KEY DEFAULT gen_random_uuid()
mcp,tool_versions,2,tenant_id,uuid,no,,no,no,core.tenants(id),tenant_id uuid NOT NULL REFERENCES core.tenants(id) ON DELETE CASCADE
mcp,tool_versions,3,tool_definition_id,uuid,no,,no,no,mcp.tool_definitions(id),tool_definition_id uuid NOT NULL REFERENCES mcp.tool_definitions(id) ON DELETE CASCADE
mcp,tool_versions,4,semantic_version,text,no,,no,no,,semantic_version text NOT NULL
mcp,tool_versions,5,input_schema,jsonb,no,,no,no,,input_schema jsonb NOT NULL
mcp,tool_versions,6,output_schema,jsonb,yes,,no,no,,output_schema jsonb
mcp,tool_versions,7,handler_reference,text,no,,no,no,,handler_reference text NOT NULL
mcp,tool_versions,8,timeout_ms,integer,no,30000,no,no,,timeout_ms integer NOT NULL DEFAULT 30000 CHECK(timeout_ms>0)
mcp,tool_versions,9,status,core.record_status,no,'active',no,no,,status core.record_status NOT NULL DEFAULT 'active'
mcp,tool_versions,10,changelog,text,yes,,no,no,,changelog text
mcp,tool_versions,11,content_hash,core.sha256_hex,no,,no,no,,content_hash core.sha256_hex NOT NULL
mcp,tool_versions,12,effective_from,timestamptz,no,now(),no,no,,effective_from timestamptz NOT NULL DEFAULT now()
mcp,tool_versions,13,effective_to,timestamptz,yes,,no,no,,effective_to timestamptz
mcp,tool_versions,14,created_at,timestamptz,no,now(),no,no,,created_at timestamptz NOT NULL DEFAULT now()
mcp,tool_versions,15,"UNIQUE(tool_definition_id,semantic_version)",,yes,,no,yes,,"UNIQUE(tool_definition_id,semantic_version)"
mcp,tool_permissions,1,id,uuid,no,gen_random_uuid(),yes,no,,id uuid PRIMARY KEY DEFAULT gen_random_uuid()
mcp,tool_permissions,2,tenant_id,uuid,no,,no,no,core.tenants(id),tenant_id uuid NOT NULL REFERENCES core.tenants(id) ON DELETE CASCADE
mcp,tool_permissions,3,tool_definition_id,uuid,no,,no,no,mcp.tool_definitions(id),tool_definition_id uuid NOT NULL REFERENCES mcp.tool_definitions(id) ON DELETE CASCADE
mcp,tool_permissions,4,permission_id,uuid,no,,no,no,iam.permissions(id),permission_id uuid NOT NULL REFERENCES iam.permissions(id)
mcp,tool_permissions,5,scope_expression,jsonb,no,'{}',no,no,,scope_expression jsonb NOT NULL DEFAULT '{}'
mcp,tool_permissions,6,required,boolean,no,true,no,no,,required boolean NOT NULL DEFAULT true
mcp,tool_permissions,7,"UNIQUE(tool_definition_id,permission_id)",,yes,,no,yes,,"UNIQUE(tool_definition_id,permission_id)"
mcp,resource_definitions,1,id,uuid,no,gen_random_uuid(),yes,no,,id uuid PRIMARY KEY DEFAULT gen_random_uuid()
mcp,resource_definitions,2,tenant_id,uuid,no,,no,no,core.tenants(id),tenant_id uuid NOT NULL REFERENCES core.tenants(id) ON DELETE CASCADE
mcp,resource_definitions,3,server_id,uuid,no,,no,no,mcp.servers(id),server_id uuid NOT NULL REFERENCES mcp.servers(id) ON DELETE CASCADE
mcp,resource_definitions,4,uri,text,no,,no,no,,uri text NOT NULL
mcp,resource_definitions,5,name,text,no,,no,no,,name text NOT NULL
mcp,resource_definitions,6,title,text,yes,,no,no,,title text
mcp,resource_definitions,7,description,text,yes,,no,no,,description text
mcp,resource_definitions,8,mime_type,text,yes,,no,no,,mime_type text
mcp,resource_definitions,9,size_hint,bigint,yes,,no,no,,size_hint bigint
mcp,resource_definitions,10,handler_reference,text,no,,no,no,,handler_reference text NOT NULL
mcp,resource_definitions,11,classification,core.data_classification,no,'internal',no,no,,classification core.data_classification NOT NULL DEFAULT 'internal'
mcp,resource_definitions,12,contains_phi,boolean,no,false,no,no,,contains_phi boolean NOT NULL DEFAULT false
mcp,resource_definitions,13,subscribable,boolean,no,false,no,no,,subscribable boolean NOT NULL DEFAULT false
mcp,resource_definitions,14,status,core.record_status,no,'active',no,no,,status core.record_status NOT NULL DEFAULT 'active'
mcp,resource_definitions,15,metadata,jsonb,no,'{}',no,no,,metadata jsonb NOT NULL DEFAULT '{}'
mcp,resource_definitions,16,"UNIQUE(server_id,uri)",,yes,,no,yes,,"UNIQUE(server_id,uri)"
mcp,resource_templates,1,id,uuid,no,gen_random_uuid(),yes,no,,id uuid PRIMARY KEY DEFAULT gen_random_uuid()
mcp,resource_templates,2,tenant_id,uuid,no,,no,no,core.tenants(id),tenant_id uuid NOT NULL REFERENCES core.tenants(id) ON DELETE CASCADE
mcp,resource_templates,3,server_id,uuid,no,,no,no,mcp.servers(id),server_id uuid NOT NULL REFERENCES mcp.servers(id) ON DELETE CASCADE
mcp,resource_templates,4,uri_template,text,no,,no,no,,uri_template text NOT NULL
mcp,resource_templates,5,name,text,no,,no,no,,name text NOT NULL
mcp,resource_templates,6,title,text,yes,,no,no,,title text
mcp,resource_templates,7,description,text,yes,,no,no,,description text
mcp,resource_templates,8,mime_type,text,yes,,no,no,,mime_type text
mcp,resource_templates,9,handler_reference,text,no,,no,no,,handler_reference text NOT NULL
mcp,resource_templates,10,input_schema,jsonb,no,'{}',no,no,,input_schema jsonb NOT NULL DEFAULT '{}'
mcp,resource_templates,11,classification,core.data_classification,no,'internal',no,no,,classification core.data_classification NOT NULL DEFAULT 'internal'
mcp,resource_templates,12,contains_phi,boolean,no,false,no,no,,contains_phi boolean NOT NULL DEFAULT false
mcp,resource_templates,13,status,core.record_status,no,'active',no,no,,status core.record_status NOT NULL DEFAULT 'active'
mcp,resource_templates,14,"UNIQUE(server_id,uri_template)",,yes,,no,yes,,"UNIQUE(server_id,uri_template)"
mcp,prompt_definitions,1,id,uuid,no,gen_random_uuid(),yes,no,,id uuid PRIMARY KEY DEFAULT gen_random_uuid()
mcp,prompt_definitions,2,tenant_id,uuid,no,,no,no,core.tenants(id),tenant_id uuid NOT NULL REFERENCES core.tenants(id) ON DELETE CASCADE
mcp,prompt_definitions,3,server_id,uuid,no,,no,no,mcp.servers(id),server_id uuid NOT NULL REFERENCES mcp.servers(id) ON DELETE CASCADE
mcp,prompt_definitions,4,prompt_name,text,no,,no,no,,prompt_name text NOT NULL
mcp,prompt_definitions,5,title,text,yes,,no,no,,title text
mcp,prompt_definitions,6,description,text,yes,,no,no,,description text
mcp,prompt_definitions,7,status,core.record_status,no,'active',no,no,,status core.record_status NOT NULL DEFAULT 'active'
mcp,prompt_definitions,8,created_at,timestamptz,no,now(),no,no,,created_at timestamptz NOT NULL DEFAULT now()
mcp,prompt_definitions,9,"UNIQUE(server_id,prompt_name)",,yes,,no,yes,,"UNIQUE(server_id,prompt_name)"
mcp,prompt_versions,1,id,uuid,no,gen_random_uuid(),yes,no,,id uuid PRIMARY KEY DEFAULT gen_random_uuid()
mcp,prompt_versions,2,tenant_id,uuid,no,,no,no,core.tenants(id),tenant_id uuid NOT NULL REFERENCES core.tenants(id) ON DELETE CASCADE
mcp,prompt_versions,3,prompt_definition_id,uuid,no,,no,no,mcp.prompt_definitions(id),prompt_definition_id uuid NOT NULL REFERENCES mcp.prompt_definitions(id) ON DELETE CASCADE
mcp,prompt_versions,4,semantic_version,text,no,,no,no,,semantic_version text NOT NULL
mcp,prompt_versions,5,arguments_schema,jsonb,no,'{}',no,no,,arguments_schema jsonb NOT NULL DEFAULT '{}'
mcp,prompt_versions,6,messages_template,jsonb,no,,no,no,,messages_template jsonb NOT NULL
mcp,prompt_versions,7,content_hash,core.sha256_hex,no,,no,no,,content_hash core.sha256_hex NOT NULL
mcp,prompt_versions,8,status,core.record_status,no,'active',no,no,,status core.record_status NOT NULL DEFAULT 'active'
mcp,prompt_versions,9,effective_from,timestamptz,no,now(),no,no,,effective_from timestamptz NOT NULL DEFAULT now()
mcp,prompt_versions,10,effective_to,timestamptz,yes,,no,no,,effective_to timestamptz
mcp,prompt_versions,11,created_at,timestamptz,no,now(),no,no,,created_at timestamptz NOT NULL DEFAULT now()
mcp,prompt_versions,12,"UNIQUE(prompt_definition_id,semantic_version)",,yes,,no,yes,,"UNIQUE(prompt_definition_id,semantic_version)"
mcp,resource_subscriptions,1,id,uuid,no,gen_random_uuid(),yes,no,,id uuid PRIMARY KEY DEFAULT gen_random_uuid()
mcp,resource_subscriptions,2,tenant_id,uuid,no,,no,no,core.tenants(id),tenant_id uuid NOT NULL REFERENCES core.tenants(id) ON DELETE CASCADE
mcp,resource_subscriptions,3,client_session_id,uuid,no,,no,no,mcp.client_sessions(id),client_session_id uuid NOT NULL REFERENCES mcp.client_sessions(id) ON DELETE CASCADE
mcp,resource_subscriptions,4,resource_uri,text,no,,no,no,,resource_uri text NOT NULL
mcp,resource_subscriptions,5,subscribed_at,timestamptz,no,now(),no,no,,subscribed_at timestamptz NOT NULL DEFAULT now()
mcp,resource_subscriptions,6,expires_at,timestamptz,yes,,no,no,,expires_at timestamptz
mcp,resource_subscriptions,7,last_notification_at,timestamptz,yes,,no,no,,last_notification_at timestamptz
mcp,resource_subscriptions,8,status,text,no,'active',no,no,,status text NOT NULL DEFAULT 'active'
mcp,resource_subscriptions,9,"UNIQUE(client_session_id,resource_uri)",,yes,,no,yes,,"UNIQUE(client_session_id,resource_uri)"
mcp,requests,1,id,uuid,no,gen_random_uuid(),yes,no,,id uuid PRIMARY KEY DEFAULT gen_random_uuid()
mcp,requests,2,tenant_id,uuid,no,,no,no,core.tenants(id),tenant_id uuid NOT NULL REFERENCES core.tenants(id) ON DELETE CASCADE
mcp,requests,3,client_session_id,uuid,yes,,no,no,mcp.client_sessions(id),client_session_id uuid REFERENCES mcp.client_sessions(id) ON DELETE SET NULL
mcp,requests,4,jsonrpc_request_id,text,yes,,no,no,,jsonrpc_request_id text
mcp,requests,5,method,text,no,,no,no,,method text NOT NULL
mcp,requests,6,primitive,text,yes,,no,no,,primitive text
mcp,requests,7,principal_kind,core.actor_kind,no,,no,no,,principal_kind core.actor_kind NOT NULL
mcp,requests,8,principal_id,uuid,yes,,no,no,,principal_id uuid
mcp,requests,9,requested_at,timestamptz,no,now(),no,no,,requested_at timestamptz NOT NULL DEFAULT now()
mcp,requests,10,completed_at,timestamptz,yes,,no,no,,completed_at timestamptz
mcp,requests,11,status,core.execution_status,no,'running',no,no,,status core.execution_status NOT NULL DEFAULT 'running'
mcp,requests,12,request_params_redacted,jsonb,no,'{}',no,no,,request_params_redacted jsonb NOT NULL DEFAULT '{}'
mcp,requests,13,response_result_redacted,jsonb,yes,,no,no,,response_result_redacted jsonb
mcp,requests,14,error_code,integer,yes,,no,no,,error_code integer
mcp,requests,15,error_message,text,yes,,no,no,,error_message text
mcp,requests,16,duration_ms,bigint,yes,,no,no,,duration_ms bigint
mcp,requests,17,cancellation_requested_at,timestamptz,yes,,no,no,,cancellation_requested_at timestamptz
mcp,requests,18,correlation_id,uuid,no,gen_random_uuid(),no,no,,correlation_id uuid NOT NULL DEFAULT gen_random_uuid()
mcp,requests,19,trace_id,text,yes,,no,no,,trace_id text
mcp,requests,20,purpose_of_use,text,yes,,no,no,,purpose_of_use text
mcp,requests,21,break_glass_session_id,uuid,yes,,no,no,iam.break_glass_sessions(id),break_glass_session_id uuid REFERENCES iam.break_glass_sessions(id)
mcp,tool_calls,1,id,uuid,no,gen_random_uuid(),yes,no,,id uuid PRIMARY KEY DEFAULT gen_random_uuid()
mcp,tool_calls,2,tenant_id,uuid,no,,no,no,core.tenants(id),tenant_id uuid NOT NULL REFERENCES core.tenants(id) ON DELETE CASCADE
mcp,tool_calls,3,request_id,uuid,no,,no,no,mcp.requests(id),request_id uuid NOT NULL REFERENCES mcp.requests(id) ON DELETE CASCADE
mcp,tool_calls,4,tool_version_id,uuid,no,,no,no,mcp.tool_versions(id),tool_version_id uuid NOT NULL REFERENCES mcp.tool_versions(id)
mcp,tool_calls,5,input_redacted,jsonb,no,,no,no,,input_redacted jsonb NOT NULL
mcp,tool_calls,6,input_hash,core.sha256_hex,no,,no,no,,input_hash core.sha256_hex NOT NULL
mcp,tool_calls,7,status,core.execution_status,no,'running',no,no,,status core.execution_status NOT NULL DEFAULT 'running'
mcp,tool_calls,8,started_at,timestamptz,no,now(),no,no,,started_at timestamptz NOT NULL DEFAULT now()
mcp,tool_calls,9,completed_at,timestamptz,yes,,no,no,,completed_at timestamptz
mcp,tool_calls,10,output_redacted,jsonb,yes,,no,no,,output_redacted jsonb
mcp,tool_calls,11,output_hash,core.sha256_hex,yes,,no,no,,output_hash core.sha256_hex
mcp,tool_calls,12,is_error,boolean,no,false,no,no,,is_error boolean NOT NULL DEFAULT false
mcp,tool_calls,13,error_type,text,yes,,no,no,,error_type text
mcp,tool_calls,14,error_detail,text,yes,,no,no,,error_detail text
mcp,tool_calls,15,retry_of_tool_call_id,uuid,yes,,no,no,mcp.tool_calls(id),retry_of_tool_call_id uuid REFERENCES mcp.tool_calls(id)
mcp,tool_calls,16,idempotency_key,text,yes,,no,no,,idempotency_key text
mcp,tool_calls,17,approval_id,uuid,yes,,no,no,,approval_id uuid
mcp,tool_calls,18,policy_evaluation_session_id,uuid,yes,,no,no,policy.evaluation_sessions(id),policy_evaluation_session_id uuid REFERENCES policy.evaluation_sessions(id)
mcp,tool_call_steps,1,id,uuid,no,gen_random_uuid(),yes,no,,id uuid PRIMARY KEY DEFAULT gen_random_uuid()
mcp,tool_call_steps,2,tenant_id,uuid,no,,no,no,core.tenants(id),tenant_id uuid NOT NULL REFERENCES core.tenants(id) ON DELETE CASCADE
mcp,tool_call_steps,3,tool_call_id,uuid,no,,no,no,mcp.tool_calls(id),tool_call_id uuid NOT NULL REFERENCES mcp.tool_calls(id) ON DELETE CASCADE
mcp,tool_call_steps,4,step_number,integer,no,,no,no,,step_number integer NOT NULL
mcp,tool_call_steps,5,step_name,text,no,,no,no,,step_name text NOT NULL
mcp,tool_call_steps,6,status,core.execution_status,no,,no,no,,status core.execution_status NOT NULL
mcp,tool_call_steps,7,started_at,timestamptz,yes,,no,no,,started_at timestamptz
mcp,tool_call_steps,8,completed_at,timestamptz,yes,,no,no,,completed_at timestamptz
mcp,tool_call_steps,9,input_summary,jsonb,no,'{}',no,no,,input_summary jsonb NOT NULL DEFAULT '{}'
mcp,tool_call_steps,10,output_summary,jsonb,no,'{}',no,no,,output_summary jsonb NOT NULL DEFAULT '{}'
mcp,tool_call_steps,11,error_detail,text,yes,,no,no,,error_detail text
mcp,tool_call_steps,12,"UNIQUE(tool_call_id,step_number)",,yes,,no,yes,,"UNIQUE(tool_call_id,step_number)"
mcp,task_runs,1,id,uuid,no,gen_random_uuid(),yes,no,,id uuid PRIMARY KEY DEFAULT gen_random_uuid()
mcp,task_runs,2,tenant_id,uuid,no,,no,no,core.tenants(id),tenant_id uuid NOT NULL REFERENCES core.tenants(id) ON DELETE CASCADE
mcp,task_runs,3,request_id,uuid,yes,,no,no,mcp.requests(id),request_id uuid REFERENCES mcp.requests(id) ON DELETE SET NULL
mcp,task_runs,4,tool_call_id,uuid,yes,,no,no,mcp.tool_calls(id),tool_call_id uuid REFERENCES mcp.tool_calls(id) ON DELETE SET NULL
mcp,task_runs,5,protocol_task_id,text,no,,no,no,,protocol_task_id text NOT NULL
mcp,task_runs,6,task_type,text,no,,no,no,,task_type text NOT NULL
mcp,task_runs,7,status,text,no,,no,no,,status text NOT NULL
mcp,task_runs,8,created_at,timestamptz,no,now(),no,no,,created_at timestamptz NOT NULL DEFAULT now()
mcp,task_runs,9,last_updated_at,timestamptz,no,now(),no,no,,last_updated_at timestamptz NOT NULL DEFAULT now()
mcp,task_runs,10,expires_at,timestamptz,yes,,no,no,,expires_at timestamptz
mcp,task_runs,11,poll_interval_ms,integer,yes,,no,no,,poll_interval_ms integer
mcp,task_runs,12,progress,"numeric(7,4)",yes,,no,no,,"progress numeric(7,4)"
mcp,task_runs,13,result_redacted,jsonb,yes,,no,no,,result_redacted jsonb
mcp,task_runs,14,error_detail,text,yes,,no,no,,error_detail text
mcp,task_runs,15,metadata,jsonb,no,'{}',no,no,,metadata jsonb NOT NULL DEFAULT '{}'
mcp,task_runs,16,"UNIQUE(tenant_id,protocol_task_id)",,yes,,no,yes,,"UNIQUE(tenant_id,protocol_task_id)"
mcp,elicitations,1,id,uuid,no,gen_random_uuid(),yes,no,,id uuid PRIMARY KEY DEFAULT gen_random_uuid()
mcp,elicitations,2,tenant_id,uuid,no,,no,no,core.tenants(id),tenant_id uuid NOT NULL REFERENCES core.tenants(id) ON DELETE CASCADE
mcp,elicitations,3,request_id,uuid,no,,no,no,mcp.requests(id),request_id uuid NOT NULL REFERENCES mcp.requests(id) ON DELETE CASCADE
mcp,elicitations,4,elicitation_id,text,no,,no,no,,elicitation_id text NOT NULL
mcp,elicitations,5,elicitation_mode,text,no,,no,no,,elicitation_mode text NOT NULL
mcp,elicitations,6,message,text,no,,no,no,,message text NOT NULL
mcp,elicitations,7,requested_schema,jsonb,no,,no,no,,requested_schema jsonb NOT NULL
mcp,elicitations,8,status,text,no,'pending',no,no,,status text NOT NULL DEFAULT 'pending'
mcp,elicitations,9,requested_at,timestamptz,no,now(),no,no,,requested_at timestamptz NOT NULL DEFAULT now()
mcp,elicitations,10,expires_at,timestamptz,yes,,no,no,,expires_at timestamptz
mcp,elicitations,11,"UNIQUE(request_id,elicitation_id)",,yes,,no,yes,,"UNIQUE(request_id,elicitation_id)"
mcp,elicitation_responses,1,id,uuid,no,gen_random_uuid(),yes,no,,id uuid PRIMARY KEY DEFAULT gen_random_uuid()
mcp,elicitation_responses,2,tenant_id,uuid,no,,no,no,core.tenants(id),tenant_id uuid NOT NULL REFERENCES core.tenants(id) ON DELETE CASCADE
mcp,elicitation_responses,3,elicitation_id,uuid,no,,no,no,mcp.elicitations(id),elicitation_id uuid NOT NULL REFERENCES mcp.elicitations(id) ON DELETE CASCADE
mcp,elicitation_responses,4,action,text,no,,no,no,,action text NOT NULL
mcp,elicitation_responses,5,content_redacted,jsonb,yes,,no,no,,content_redacted jsonb
mcp,elicitation_responses,6,responded_at,timestamptz,no,,no,no,,responded_at timestamptz NOT NULL
mcp,elicitation_responses,7,responded_by,uuid,yes,,no,no,,responded_by uuid
mcp,elicitation_responses,8,validation_errors,jsonb,no,'[]',no,no,,validation_errors jsonb NOT NULL DEFAULT '[]'
mcp,human_approvals,1,id,uuid,no,gen_random_uuid(),yes,no,,id uuid PRIMARY KEY DEFAULT gen_random_uuid()
mcp,human_approvals,2,tenant_id,uuid,no,,no,no,core.tenants(id),tenant_id uuid NOT NULL REFERENCES core.tenants(id) ON DELETE CASCADE
mcp,human_approvals,3,request_id,uuid,yes,,no,no,mcp.requests(id),request_id uuid REFERENCES mcp.requests(id) ON DELETE CASCADE
mcp,human_approvals,4,tool_call_id,uuid,yes,,no,no,mcp.tool_calls(id),tool_call_id uuid REFERENCES mcp.tool_calls(id) ON DELETE CASCADE
mcp,human_approvals,5,approval_type,text,no,,no,no,,approval_type text NOT NULL
mcp,human_approvals,6,risk_summary,jsonb,no,,no,no,,risk_summary jsonb NOT NULL
mcp,human_approvals,7,requested_action,jsonb,no,,no,no,,requested_action jsonb NOT NULL
mcp,human_approvals,8,status,core.approval_status,no,'pending',no,no,,status core.approval_status NOT NULL DEFAULT 'pending'
mcp,human_approvals,9,requested_at,timestamptz,no,now(),no,no,,requested_at timestamptz NOT NULL DEFAULT now()
mcp,human_approvals,10,expires_at,timestamptz,yes,,no,no,,expires_at timestamptz
mcp,human_approvals,11,assigned_to_user_id,uuid,yes,,no,no,iam.users(id),assigned_to_user_id uuid REFERENCES iam.users(id)
mcp,human_approvals,12,decided_by,uuid,yes,,no,no,iam.users(id),decided_by uuid REFERENCES iam.users(id)
mcp,human_approvals,13,decided_at,timestamptz,yes,,no,no,,decided_at timestamptz
mcp,human_approvals,14,decision_reason,text,yes,,no,no,,decision_reason text
mcp,human_approvals,15,signature_reference,text,yes,,no,no,,signature_reference text
mcp,context_links,1,id,uuid,no,gen_random_uuid(),yes,no,,id uuid PRIMARY KEY DEFAULT gen_random_uuid()
mcp,context_links,2,tenant_id,uuid,no,,no,no,core.tenants(id),tenant_id uuid NOT NULL REFERENCES core.tenants(id) ON DELETE CASCADE
mcp,context_links,3,request_id,uuid,no,,no,no,mcp.requests(id),request_id uuid NOT NULL REFERENCES mcp.requests(id) ON DELETE CASCADE
mcp,context_links,4,context_type,text,no,,no,no,,context_type text NOT NULL
mcp,context_links,5,entity_type,text,no,,no,no,,entity_type text NOT NULL
mcp,context_links,6,entity_id,uuid,no,,no,no,,entity_id uuid NOT NULL
mcp,context_links,7,access_mode,text,no,,no,no,,access_mode text NOT NULL
mcp,context_links,8,classification,core.data_classification,no,,no,no,,classification core.data_classification NOT NULL
mcp,context_links,9,purpose_of_use,text,yes,,no,no,,purpose_of_use text
mcp,context_links,10,linked_at,timestamptz,no,now(),no,no,,linked_at timestamptz NOT NULL DEFAULT now()
mcp,result_artifacts,1,id,uuid,no,gen_random_uuid(),yes,no,,id uuid PRIMARY KEY DEFAULT gen_random_uuid()
mcp,result_artifacts,2,tenant_id,uuid,no,,no,no,core.tenants(id),tenant_id uuid NOT NULL REFERENCES core.tenants(id) ON DELETE CASCADE
mcp,result_artifacts,3,request_id,uuid,yes,,no,no,mcp.requests(id),request_id uuid REFERENCES mcp.requests(id) ON DELETE CASCADE
mcp,result_artifacts,4,tool_call_id,uuid,yes,,no,no,mcp.tool_calls(id),tool_call_id uuid REFERENCES mcp.tool_calls(id) ON DELETE CASCADE
mcp,result_artifacts,5,file_id,uuid,yes,,no,no,integration.files(id),file_id uuid REFERENCES integration.files(id)
mcp,result_artifacts,6,resource_uri,text,yes,,no,no,,resource_uri text
mcp,result_artifacts,7,artifact_type,text,no,,no,no,,artifact_type text NOT NULL
mcp,result_artifacts,8,title,text,yes,,no,no,,title text
mcp,result_artifacts,9,classification,core.data_classification,no,,no,no,,classification core.data_classification NOT NULL
mcp,result_artifacts,10,contains_phi,boolean,no,false,no,no,,contains_phi boolean NOT NULL DEFAULT false
mcp,result_artifacts,11,created_at,timestamptz,no,now(),no,no,,created_at timestamptz NOT NULL DEFAULT now()
mcp,result_artifacts,12,"CHECK(num_nonnulls(file_id,resource_uri)=1)",,yes,,no,no,,"CHECK(num_nonnulls(file_id,resource_uri)=1)"
mcp,response_cache,1,id,uuid,no,gen_random_uuid(),yes,no,,id uuid PRIMARY KEY DEFAULT gen_random_uuid()
mcp,response_cache,2,tenant_id,uuid,no,,no,no,core.tenants(id),tenant_id uuid NOT NULL REFERENCES core.tenants(id) ON DELETE CASCADE
mcp,response_cache,3,cache_namespace,text,no,,no,no,,cache_namespace text NOT NULL
mcp,response_cache,4,cache_key,core.sha256_hex,no,,no,no,,cache_key core.sha256_hex NOT NULL
mcp,response_cache,5,value_redacted,jsonb,no,,no,no,,value_redacted jsonb NOT NULL
mcp,response_cache,6,classification,core.data_classification,no,,no,no,,classification core.data_classification NOT NULL
mcp,response_cache,7,contains_phi,boolean,no,false,no,no,,contains_phi boolean NOT NULL DEFAULT false
mcp,response_cache,8,created_at,timestamptz,no,now(),no,no,,created_at timestamptz NOT NULL DEFAULT now()
mcp,response_cache,9,expires_at,timestamptz,no,,no,no,,expires_at timestamptz NOT NULL
mcp,response_cache,10,source_versions,jsonb,no,'{}',no,no,,source_versions jsonb NOT NULL DEFAULT '{}'
mcp,response_cache,11,"UNIQUE(tenant_id,cache_namespace,cache_key)",,yes,,no,yes,,"UNIQUE(tenant_id,cache_namespace,cache_key)"
mcp,rate_limit_policies,1,id,uuid,no,gen_random_uuid(),yes,no,,id uuid PRIMARY KEY DEFAULT gen_random_uuid()
mcp,rate_limit_policies,2,tenant_id,uuid,no,,no,no,core.tenants(id),tenant_id uuid NOT NULL REFERENCES core.tenants(id) ON DELETE CASCADE
mcp,rate_limit_policies,3,name,text,no,,no,no,,name text NOT NULL
mcp,rate_limit_policies,4,scope_type,text,no,,no,no,,scope_type text NOT NULL
mcp,rate_limit_policies,5,scope_identifier,text,yes,,no,no,,scope_identifier text
mcp,rate_limit_policies,6,method_pattern,text,yes,,no,no,,method_pattern text
mcp,rate_limit_policies,7,limit_count,integer,no,,no,no,,limit_count integer NOT NULL CHECK(limit_count>0)
mcp,rate_limit_policies,8,window_seconds,integer,no,,no,no,,window_seconds integer NOT NULL CHECK(window_seconds>0)
mcp,rate_limit_policies,9,burst_count,integer,yes,,no,no,,burst_count integer
mcp,rate_limit_policies,10,status,core.record_status,no,'active',no,no,,status core.record_status NOT NULL DEFAULT 'active'
mcp,usage_buckets,1,id,uuid,no,gen_random_uuid(),yes,no,,id uuid PRIMARY KEY DEFAULT gen_random_uuid()
mcp,usage_buckets,2,tenant_id,uuid,no,,no,no,core.tenants(id),tenant_id uuid NOT NULL REFERENCES core.tenants(id) ON DELETE CASCADE
mcp,usage_buckets,3,rate_limit_policy_id,uuid,no,,no,no,mcp.rate_limit_policies(id),rate_limit_policy_id uuid NOT NULL REFERENCES mcp.rate_limit_policies(id) ON DELETE CASCADE
mcp,usage_buckets,4,bucket_key,text,no,,no,no,,bucket_key text NOT NULL
mcp,usage_buckets,5,window_start,timestamptz,no,,no,no,,window_start timestamptz NOT NULL
mcp,usage_buckets,6,window_end,timestamptz,no,,no,no,,window_end timestamptz NOT NULL
mcp,usage_buckets,7,request_count,integer,no,0,no,no,,request_count integer NOT NULL DEFAULT 0
mcp,usage_buckets,8,last_request_at,timestamptz,yes,,no,no,,last_request_at timestamptz
mcp,usage_buckets,9,"UNIQUE(rate_limit_policy_id,bucket_key,window_start)",,yes,,no,yes,,"UNIQUE(rate_limit_policy_id,bucket_key,window_start)"
mcp,protocol_logs,1,id,uuid,no,gen_random_uuid(),yes,no,,id uuid PRIMARY KEY DEFAULT gen_random_uuid()
mcp,protocol_logs,2,tenant_id,uuid,yes,,no,no,core.tenants(id),tenant_id uuid REFERENCES core.tenants(id) ON DELETE CASCADE
mcp,protocol_logs,3,server_id,uuid,yes,,no,no,mcp.servers(id),server_id uuid REFERENCES mcp.servers(id) ON DELETE CASCADE
mcp,protocol_logs,4,client_session_id,uuid,yes,,no,no,mcp.client_sessions(id),client_session_id uuid REFERENCES mcp.client_sessions(id) ON DELETE SET NULL
mcp,protocol_logs,5,request_id,uuid,yes,,no,no,mcp.requests(id),request_id uuid REFERENCES mcp.requests(id) ON DELETE SET NULL
mcp,protocol_logs,6,level,text,no,,no,no,,level text NOT NULL
mcp,protocol_logs,7,logger,text,yes,,no,no,,logger text
mcp,protocol_logs,8,message,text,no,,no,no,,message text NOT NULL
mcp,protocol_logs,9,data_redacted,jsonb,no,'{}',no,no,,data_redacted jsonb NOT NULL DEFAULT '{}'
mcp,protocol_logs,10,occurred_at,timestamptz,no,now(),no,no,,occurred_at timestamptz NOT NULL DEFAULT now()
mcp,protocol_logs,11,trace_id,text,yes,,no,no,,trace_id text
comms,channels,1,id,uuid,no,gen_random_uuid(),yes,no,,id uuid PRIMARY KEY DEFAULT gen_random_uuid()
comms,channels,2,tenant_id,uuid,no,,no,no,core.tenants(id),tenant_id uuid NOT NULL REFERENCES core.tenants(id) ON DELETE CASCADE
comms,channels,3,name,citext,no,,no,no,,name citext NOT NULL
comms,channels,4,channel_type,text,no,,no,no,,channel_type text NOT NULL
comms,channels,5,provider,text,yes,,no,no,,provider text
comms,channels,6,configuration_reference,text,yes,,no,no,,configuration_reference text
comms,channels,7,status,core.record_status,no,'active',no,no,,status core.record_status NOT NULL DEFAULT 'active'
comms,channels,8,supports_acknowledgement,boolean,no,false,no,no,,supports_acknowledgement boolean NOT NULL DEFAULT false
comms,channels,9,max_payload_bytes,integer,yes,,no,no,,max_payload_bytes integer
comms,channels,10,"UNIQUE(tenant_id,name)",,yes,,no,yes,,"UNIQUE(tenant_id,name)"
comms,recipient_endpoints,1,id,uuid,no,gen_random_uuid(),yes,no,,id uuid PRIMARY KEY DEFAULT gen_random_uuid()
comms,recipient_endpoints,2,tenant_id,uuid,no,,no,no,core.tenants(id),tenant_id uuid NOT NULL REFERENCES core.tenants(id) ON DELETE CASCADE
comms,recipient_endpoints,3,user_id,uuid,yes,,no,no,iam.users(id),user_id uuid REFERENCES iam.users(id) ON DELETE CASCADE
comms,recipient_endpoints,4,practitioner_id,uuid,yes,,no,no,workforce.practitioners(id),practitioner_id uuid REFERENCES workforce.practitioners(id) ON DELETE CASCADE
comms,recipient_endpoints,5,channel_id,uuid,no,,no,no,comms.channels(id),channel_id uuid NOT NULL REFERENCES comms.channels(id) ON DELETE CASCADE
comms,recipient_endpoints,6,endpoint_encrypted,bytea,no,,no,no,,endpoint_encrypted bytea NOT NULL
comms,recipient_endpoints,7,endpoint_hash,core.sha256_hex,no,,no,no,,endpoint_hash core.sha256_hex NOT NULL
comms,recipient_endpoints,8,priority,integer,no,1,no,no,,priority integer NOT NULL DEFAULT 1
comms,recipient_endpoints,9,verified_at,timestamptz,yes,,no,no,,verified_at timestamptz
comms,recipient_endpoints,10,quiet_hours,jsonb,no,'{}',no,no,,quiet_hours jsonb NOT NULL DEFAULT '{}'
comms,recipient_endpoints,11,status,core.record_status,no,'active',no,no,,status core.record_status NOT NULL DEFAULT 'active'
comms,recipient_endpoints,12,"CHECK(num_nonnulls(user_id,practitioner_id)=1)",,yes,,no,no,,"CHECK(num_nonnulls(user_id,practitioner_id)=1)"
comms,recipient_endpoints,13,"UNIQUE(channel_id,endpoint_hash)",,yes,,no,yes,,"UNIQUE(channel_id,endpoint_hash)"
comms,templates,1,id,uuid,no,gen_random_uuid(),yes,no,,id uuid PRIMARY KEY DEFAULT gen_random_uuid()
comms,templates,2,tenant_id,uuid,no,,no,no,core.tenants(id),tenant_id uuid NOT NULL REFERENCES core.tenants(id) ON DELETE CASCADE
comms,templates,3,template_key,citext,no,,no,no,,template_key citext NOT NULL
comms,templates,4,channel_type,text,no,,no,no,,channel_type text NOT NULL
comms,templates,5,locale,text,no,'en-US',no,no,,locale text NOT NULL DEFAULT 'en-US'
comms,templates,6,subject_template,text,yes,,no,no,,subject_template text
comms,templates,7,body_template,text,no,,no,no,,body_template text NOT NULL
comms,templates,8,variables_schema,jsonb,no,,no,no,,variables_schema jsonb NOT NULL
comms,templates,9,classification,core.data_classification,no,'internal',no,no,,classification core.data_classification NOT NULL DEFAULT 'internal'
comms,templates,10,contains_phi,boolean,no,false,no,no,,contains_phi boolean NOT NULL DEFAULT false
comms,templates,11,status,core.record_status,no,'active',no,no,,status core.record_status NOT NULL DEFAULT 'active'
comms,templates,12,version,integer,no,1,no,no,,version integer NOT NULL DEFAULT 1
comms,templates,13,created_at,timestamptz,no,now(),no,no,,created_at timestamptz NOT NULL DEFAULT now()
comms,templates,14,"UNIQUE(tenant_id,template_key,channel_type,locale,version)",,yes,,no,yes,,"UNIQUE(tenant_id,template_key,channel_type,locale,version)"
comms,messages,1,id,uuid,no,gen_random_uuid(),yes,no,,id uuid PRIMARY KEY DEFAULT gen_random_uuid()
comms,messages,2,tenant_id,uuid,no,,no,no,core.tenants(id),tenant_id uuid NOT NULL REFERENCES core.tenants(id) ON DELETE CASCADE
comms,messages,3,incident_id,uuid,yes,,no,no,incident.incidents(id),incident_id uuid REFERENCES incident.incidents(id)
comms,messages,4,template_id,uuid,yes,,no,no,comms.templates(id),template_id uuid REFERENCES comms.templates(id)
comms,messages,5,message_type,text,no,,no,no,,message_type text NOT NULL
comms,messages,6,subject_redacted,text,yes,,no,no,,subject_redacted text
comms,messages,7,body_redacted,text,no,,no,no,,body_redacted text NOT NULL
comms,messages,8,classification,core.data_classification,no,,no,no,,classification core.data_classification NOT NULL
comms,messages,9,contains_phi,boolean,no,false,no,no,,contains_phi boolean NOT NULL DEFAULT false
comms,messages,10,priority,core.severity_level,no,'medium',no,no,,priority core.severity_level NOT NULL DEFAULT 'medium'
comms,messages,11,status,core.message_status,no,'draft',no,no,,status core.message_status NOT NULL DEFAULT 'draft'
comms,messages,12,scheduled_at,timestamptz,yes,,no,no,,scheduled_at timestamptz
comms,messages,13,sent_at,timestamptz,yes,,no,no,,sent_at timestamptz
comms,messages,14,expires_at,timestamptz,yes,,no,no,,expires_at timestamptz
comms,messages,15,requires_acknowledgement,boolean,no,false,no,no,,requires_acknowledgement boolean NOT NULL DEFAULT false
comms,messages,16,acknowledgement_deadline_at,timestamptz,yes,,no,no,,acknowledgement_deadline_at timestamptz
comms,messages,17,created_by,uuid,yes,,no,no,iam.users(id),created_by uuid REFERENCES iam.users(id)
comms,messages,18,created_at,timestamptz,no,now(),no,no,,created_at timestamptz NOT NULL DEFAULT now()
comms,messages,19,correlation_id,uuid,no,gen_random_uuid(),no,no,,correlation_id uuid NOT NULL DEFAULT gen_random_uuid()
comms,message_recipients,1,id,uuid,no,gen_random_uuid(),yes,no,,id uuid PRIMARY KEY DEFAULT gen_random_uuid()
comms,message_recipients,2,tenant_id,uuid,no,,no,no,core.tenants(id),tenant_id uuid NOT NULL REFERENCES core.tenants(id) ON DELETE CASCADE
comms,message_recipients,3,message_id,uuid,no,,no,no,comms.messages(id),message_id uuid NOT NULL REFERENCES comms.messages(id) ON DELETE CASCADE
comms,message_recipients,4,recipient_endpoint_id,uuid,yes,,no,no,comms.recipient_endpoints(id),recipient_endpoint_id uuid REFERENCES comms.recipient_endpoints(id)
comms,message_recipients,5,recipient_user_id,uuid,yes,,no,no,iam.users(id),recipient_user_id uuid REFERENCES iam.users(id)
comms,message_recipients,6,recipient_practitioner_id,uuid,yes,,no,no,workforce.practitioners(id),recipient_practitioner_id uuid REFERENCES workforce.practitioners(id)
comms,message_recipients,7,status,text,no,'queued',no,no,,status text NOT NULL DEFAULT 'queued'
comms,message_recipients,8,provider_message_id,text,yes,,no,no,,provider_message_id text
comms,message_recipients,9,attempted_at,timestamptz,yes,,no,no,,attempted_at timestamptz
comms,message_recipients,10,delivered_at,timestamptz,yes,,no,no,,delivered_at timestamptz
comms,message_recipients,11,failed_at,timestamptz,yes,,no,no,,failed_at timestamptz
comms,message_recipients,12,failure_reason,text,yes,,no,no,,failure_reason text
comms,message_recipients,13,"CHECK(num_nonnulls(recipient_endpoint_id,recipient_user_id,recipient_practitioner_id)=1)",,yes,,no,no,,"CHECK(num_nonnulls(recipient_endpoint_id,recipient_user_id,recipient_practitioner_id)=1)"
comms,acknowledgements,1,id,uuid,no,gen_random_uuid(),yes,no,,id uuid PRIMARY KEY DEFAULT gen_random_uuid()
comms,acknowledgements,2,tenant_id,uuid,no,,no,no,core.tenants(id),tenant_id uuid NOT NULL REFERENCES core.tenants(id) ON DELETE CASCADE
comms,acknowledgements,3,message_recipient_id,uuid,no,,no,no,comms.message_recipients(id),message_recipient_id uuid NOT NULL REFERENCES comms.message_recipients(id) ON DELETE CASCADE
comms,acknowledgements,4,acknowledgement_type,text,no,,no,no,,acknowledgement_type text NOT NULL
comms,acknowledgements,5,acknowledged_at,timestamptz,no,,no,no,,acknowledged_at timestamptz NOT NULL
comms,acknowledgements,6,acknowledged_by,uuid,yes,,no,no,,acknowledged_by uuid
comms,acknowledgements,7,response_payload,jsonb,no,'{}',no,no,,response_payload jsonb NOT NULL DEFAULT '{}'
comms,acknowledgements,8,signature_reference,text,yes,,no,no,,signature_reference text
comms,acknowledgements,9,"UNIQUE(message_recipient_id,acknowledgement_type)",,yes,,no,yes,,"UNIQUE(message_recipient_id,acknowledgement_type)"
comms,escalation_policies,1,id,uuid,no,gen_random_uuid(),yes,no,,id uuid PRIMARY KEY DEFAULT gen_random_uuid()
comms,escalation_policies,2,tenant_id,uuid,no,,no,no,core.tenants(id),tenant_id uuid NOT NULL REFERENCES core.tenants(id) ON DELETE CASCADE
comms,escalation_policies,3,name,text,no,,no,no,,name text NOT NULL
comms,escalation_policies,4,trigger_type,text,no,,no,no,,trigger_type text NOT NULL
comms,escalation_policies,5,trigger_conditions,jsonb,no,,no,no,,trigger_conditions jsonb NOT NULL
comms,escalation_policies,6,status,core.record_status,no,'active',no,no,,status core.record_status NOT NULL DEFAULT 'active'
comms,escalation_policies,7,"UNIQUE(tenant_id,name)",,yes,,no,yes,,"UNIQUE(tenant_id,name)"
comms,escalation_steps,1,id,uuid,no,gen_random_uuid(),yes,no,,id uuid PRIMARY KEY DEFAULT gen_random_uuid()
comms,escalation_steps,2,tenant_id,uuid,no,,no,no,core.tenants(id),tenant_id uuid NOT NULL REFERENCES core.tenants(id) ON DELETE CASCADE
comms,escalation_steps,3,escalation_policy_id,uuid,no,,no,no,comms.escalation_policies(id),escalation_policy_id uuid NOT NULL REFERENCES comms.escalation_policies(id) ON DELETE CASCADE
comms,escalation_steps,4,step_number,integer,no,,no,no,,step_number integer NOT NULL
comms,escalation_steps,5,delay_minutes,integer,no,0,no,no,,delay_minutes integer NOT NULL DEFAULT 0 CHECK(delay_minutes>=0)
comms,escalation_steps,6,target_type,text,no,,no,no,,target_type text NOT NULL
comms,escalation_steps,7,target_reference,jsonb,no,,no,no,,target_reference jsonb NOT NULL
comms,escalation_steps,8,channel_preferences,text[],no,'{}',no,no,,channel_preferences text[] NOT NULL DEFAULT '{}'
comms,escalation_steps,9,stop_on_acknowledgement,boolean,no,true,no,no,,stop_on_acknowledgement boolean NOT NULL DEFAULT true
comms,escalation_steps,10,"UNIQUE(escalation_policy_id,step_number)",,yes,,no,yes,,"UNIQUE(escalation_policy_id,step_number)"
comms,escalation_instances,1,id,uuid,no,gen_random_uuid(),yes,no,,id uuid PRIMARY KEY DEFAULT gen_random_uuid()
comms,escalation_instances,2,tenant_id,uuid,no,,no,no,core.tenants(id),tenant_id uuid NOT NULL REFERENCES core.tenants(id) ON DELETE CASCADE
comms,escalation_instances,3,escalation_policy_id,uuid,no,,no,no,comms.escalation_policies(id),escalation_policy_id uuid NOT NULL REFERENCES comms.escalation_policies(id)
comms,escalation_instances,4,source_type,text,no,,no,no,,source_type text NOT NULL
comms,escalation_instances,5,source_id,uuid,no,,no,no,,source_id uuid NOT NULL
comms,escalation_instances,6,status,text,no,'active',no,no,,status text NOT NULL DEFAULT 'active'
comms,escalation_instances,7,started_at,timestamptz,no,now(),no,no,,started_at timestamptz NOT NULL DEFAULT now()
comms,escalation_instances,8,current_step_number,integer,no,0,no,no,,current_step_number integer NOT NULL DEFAULT 0
comms,escalation_instances,9,next_step_at,timestamptz,yes,,no,no,,next_step_at timestamptz
comms,escalation_instances,10,ended_at,timestamptz,yes,,no,no,,ended_at timestamptz
comms,escalation_instances,11,end_reason,text,yes,,no,no,,end_reason text
audit,audit_events,1,id,uuid,no,gen_random_uuid(),yes,no,,id uuid PRIMARY KEY DEFAULT gen_random_uuid()
audit,audit_events,2,tenant_id,uuid,yes,,no,no,core.tenants(id),tenant_id uuid REFERENCES core.tenants(id) ON DELETE SET NULL
audit,audit_events,3,event_code,text,no,,no,no,,event_code text NOT NULL
audit,audit_events,4,event_action,core.action_kind,yes,,no,no,,event_action core.action_kind
audit,audit_events,5,outcome,text,no,,no,no,,outcome text NOT NULL
audit,audit_events,6,occurred_at,timestamptz,no,now(),no,no,,occurred_at timestamptz NOT NULL DEFAULT now()
audit,audit_events,7,recorded_at,timestamptz,no,now(),no,no,,recorded_at timestamptz NOT NULL DEFAULT now()
audit,audit_events,8,actor_kind,core.actor_kind,no,,no,no,,actor_kind core.actor_kind NOT NULL
audit,audit_events,9,actor_id,uuid,yes,,no,no,,actor_id uuid
audit,audit_events,10,actor_display,text,yes,,no,no,,actor_display text
audit,audit_events,11,user_session_id,uuid,yes,,no,no,iam.sessions(id),user_session_id uuid REFERENCES iam.sessions(id) ON DELETE SET NULL
audit,audit_events,12,mcp_request_id,uuid,yes,,no,no,mcp.requests(id),mcp_request_id uuid REFERENCES mcp.requests(id) ON DELETE SET NULL
audit,audit_events,13,source_system_id,uuid,yes,,no,no,integration.source_systems(id),source_system_id uuid REFERENCES integration.source_systems(id) ON DELETE SET NULL
audit,audit_events,14,facility_id,uuid,yes,,no,no,core.facilities(id),facility_id uuid REFERENCES core.facilities(id) ON DELETE SET NULL
audit,audit_events,15,patient_id,uuid,yes,,no,no,clinical.patients(id),patient_id uuid REFERENCES clinical.patients(id) ON DELETE SET NULL
audit,audit_events,16,encounter_id,uuid,yes,,no,no,clinical.encounters(id),encounter_id uuid REFERENCES clinical.encounters(id) ON DELETE SET NULL
audit,audit_events,17,purpose_of_use,text,yes,,no,no,,purpose_of_use text
audit,audit_events,18,ip_address,inet,yes,,no,no,,ip_address inet
audit,audit_events,19,user_agent,text,yes,,no,no,,user_agent text
audit,audit_events,20,target_entities,jsonb,no,'[]',no,no,,target_entities jsonb NOT NULL DEFAULT '[]'
audit,audit_events,21,details_redacted,jsonb,no,'{}',no,no,,details_redacted jsonb NOT NULL DEFAULT '{}'
audit,audit_events,22,prior_event_hash,core.sha256_hex,yes,,no,no,,prior_event_hash core.sha256_hex
audit,audit_events,23,event_hash,core.sha256_hex,yes,,no,no,,event_hash core.sha256_hex
audit,audit_events,24,trace_id,text,yes,,no,no,,trace_id text
audit,audit_events,25,correlation_id,uuid,yes,,no,no,,correlation_id uuid
audit,row_changes,1,id,uuid,no,gen_random_uuid(),yes,no,,id uuid PRIMARY KEY DEFAULT gen_random_uuid()
audit,row_changes,2,tenant_id,uuid,yes,,no,no,core.tenants(id),tenant_id uuid REFERENCES core.tenants(id) ON DELETE SET NULL
audit,row_changes,3,schema_name,text,no,,no,no,,schema_name text NOT NULL
audit,row_changes,4,table_name,text,no,,no,no,,table_name text NOT NULL
audit,row_changes,5,record_id,text,yes,,no,no,,record_id text
audit,row_changes,6,operation,char(1),no,,no,no,,"operation char(1) NOT NULL CHECK(operation IN('I','U','D'))"
audit,row_changes,7,changed_at,timestamptz,no,now(),no,no,,changed_at timestamptz NOT NULL DEFAULT now()
audit,row_changes,8,actor_id,uuid,yes,,no,no,,actor_id uuid
audit,row_changes,9,purpose_of_use,text,yes,,no,no,,purpose_of_use text
audit,row_changes,10,old_values_redacted,jsonb,yes,,no,no,,old_values_redacted jsonb
audit,row_changes,11,new_values_redacted,jsonb,yes,,no,no,,new_values_redacted jsonb
audit,row_changes,12,changed_fields,text[],no,'{}',no,no,,changed_fields text[] NOT NULL DEFAULT '{}'
audit,row_changes,13,transaction_id,bigint,no,txid_current(),no,no,,transaction_id bigint NOT NULL DEFAULT txid_current()
audit,row_changes,14,correlation_id,uuid,yes,,no,no,,correlation_id uuid
audit,data_access_events,1,id,uuid,no,gen_random_uuid(),yes,no,,id uuid PRIMARY KEY DEFAULT gen_random_uuid()
audit,data_access_events,2,tenant_id,uuid,no,,no,no,core.tenants(id),tenant_id uuid NOT NULL REFERENCES core.tenants(id) ON DELETE CASCADE
audit,data_access_events,3,actor_kind,core.actor_kind,no,,no,no,,actor_kind core.actor_kind NOT NULL
audit,data_access_events,4,actor_id,uuid,yes,,no,no,,actor_id uuid
audit,data_access_events,5,patient_id,uuid,yes,,no,no,clinical.patients(id),patient_id uuid REFERENCES clinical.patients(id)
audit,data_access_events,6,encounter_id,uuid,yes,,no,no,clinical.encounters(id),encounter_id uuid REFERENCES clinical.encounters(id)
audit,data_access_events,7,resource_type,text,no,,no,no,,resource_type text NOT NULL
audit,data_access_events,8,resource_id,uuid,yes,,no,no,,resource_id uuid
audit,data_access_events,9,fields_accessed,text[],no,'{}',no,no,,fields_accessed text[] NOT NULL DEFAULT '{}'
audit,data_access_events,10,action,core.action_kind,no,'read',no,no,,action core.action_kind NOT NULL DEFAULT 'read'
audit,data_access_events,11,purpose_of_use,text,no,,no,no,,purpose_of_use text NOT NULL
audit,data_access_events,12,legal_basis,text,yes,,no,no,,legal_basis text
audit,data_access_events,13,break_glass_session_id,uuid,yes,,no,no,iam.break_glass_sessions(id),break_glass_session_id uuid REFERENCES iam.break_glass_sessions(id)
audit,data_access_events,14,accessed_at,timestamptz,no,now(),no,no,,accessed_at timestamptz NOT NULL DEFAULT now()
audit,data_access_events,15,mcp_request_id,uuid,yes,,no,no,mcp.requests(id),mcp_request_id uuid REFERENCES mcp.requests(id)
audit,data_access_events,16,source_ip,inet,yes,,no,no,,source_ip inet
audit,data_access_events,17,outcome,text,no,,no,no,,outcome text NOT NULL
audit,data_exports,1,id,uuid,no,gen_random_uuid(),yes,no,,id uuid PRIMARY KEY DEFAULT gen_random_uuid()
audit,data_exports,2,tenant_id,uuid,no,,no,no,core.tenants(id),tenant_id uuid NOT NULL REFERENCES core.tenants(id) ON DELETE CASCADE
audit,data_exports,3,requested_by,uuid,no,,no,no,iam.users(id),requested_by uuid NOT NULL REFERENCES iam.users(id)
audit,data_exports,4,requested_at,timestamptz,no,,no,no,,requested_at timestamptz NOT NULL
audit,data_exports,5,purpose,text,no,,no,no,,purpose text NOT NULL
audit,data_exports,6,scope,jsonb,no,,no,no,,scope jsonb NOT NULL
audit,data_exports,7,format,text,no,,no,no,,format text NOT NULL
audit,data_exports,8,classification,core.data_classification,no,,no,no,,classification core.data_classification NOT NULL
audit,data_exports,9,contains_phi,boolean,no,false,no,no,,contains_phi boolean NOT NULL DEFAULT false
audit,data_exports,10,status,core.execution_status,no,'queued',no,no,,status core.execution_status NOT NULL DEFAULT 'queued'
audit,data_exports,11,approved_by,uuid,yes,,no,no,iam.users(id),approved_by uuid REFERENCES iam.users(id)
audit,data_exports,12,approved_at,timestamptz,yes,,no,no,,approved_at timestamptz
audit,data_exports,13,file_id,uuid,yes,,no,no,integration.files(id),file_id uuid REFERENCES integration.files(id)
audit,data_exports,14,completed_at,timestamptz,yes,,no,no,,completed_at timestamptz
audit,data_exports,15,expires_at,timestamptz,yes,,no,no,,expires_at timestamptz
audit,data_exports,16,download_count,integer,no,0,no,no,,download_count integer NOT NULL DEFAULT 0
audit,data_exports,17,last_downloaded_at,timestamptz,yes,,no,no,,last_downloaded_at timestamptz
audit,data_exports,18,error_detail,text,yes,,no,no,,error_detail text
audit,disclosures,1,id,uuid,no,gen_random_uuid(),yes,no,,id uuid PRIMARY KEY DEFAULT gen_random_uuid()
audit,disclosures,2,tenant_id,uuid,no,,no,no,core.tenants(id),tenant_id uuid NOT NULL REFERENCES core.tenants(id) ON DELETE CASCADE
audit,disclosures,3,patient_id,uuid,yes,,no,no,clinical.patients(id),patient_id uuid REFERENCES clinical.patients(id)
audit,disclosures,4,disclosure_type,text,no,,no,no,,disclosure_type text NOT NULL
audit,disclosures,5,recipient_name,text,yes,,no,no,,recipient_name text
audit,disclosures,6,recipient_organization,text,yes,,no,no,,recipient_organization text
audit,disclosures,7,purpose,text,no,,no,no,,purpose text NOT NULL
audit,disclosures,8,legal_basis,text,yes,,no,no,,legal_basis text
audit,disclosures,9,disclosed_at,timestamptz,no,,no,no,,disclosed_at timestamptz NOT NULL
audit,disclosures,10,disclosed_by,uuid,yes,,no,no,iam.users(id),disclosed_by uuid REFERENCES iam.users(id)
audit,disclosures,11,data_categories,text[],no,,no,no,,data_categories text[] NOT NULL
audit,disclosures,12,records_count,integer,yes,,no,no,,records_count integer
audit,disclosures,13,export_id,uuid,yes,,no,no,audit.data_exports(id),export_id uuid REFERENCES audit.data_exports(id)
audit,disclosures,14,authorization_reference,text,yes,,no,no,,authorization_reference text
audit,disclosures,15,created_at,timestamptz,no,now(),no,no,,created_at timestamptz NOT NULL DEFAULT now()
audit,provenance_records,1,id,uuid,no,gen_random_uuid(),yes,no,,id uuid PRIMARY KEY DEFAULT gen_random_uuid()
audit,provenance_records,2,tenant_id,uuid,yes,,no,no,core.tenants(id),tenant_id uuid REFERENCES core.tenants(id) ON DELETE CASCADE
audit,provenance_records,3,target_type,text,no,,no,no,,target_type text NOT NULL
audit,provenance_records,4,target_id,uuid,no,,no,no,,target_id uuid NOT NULL
audit,provenance_records,5,activity_type,text,no,,no,no,,activity_type text NOT NULL
audit,provenance_records,6,occurred_at,timestamptz,no,,no,no,,occurred_at timestamptz NOT NULL
audit,provenance_records,7,recorded_at,timestamptz,no,now(),no,no,,recorded_at timestamptz NOT NULL DEFAULT now()
audit,provenance_records,8,agent_kind,core.actor_kind,no,,no,no,,agent_kind core.actor_kind NOT NULL
audit,provenance_records,9,agent_id,uuid,yes,,no,no,,agent_id uuid
audit,provenance_records,10,agent_role,text,yes,,no,no,,agent_role text
audit,provenance_records,11,source_entities,jsonb,no,'[]',no,no,,source_entities jsonb NOT NULL DEFAULT '[]'
audit,provenance_records,12,derivation_type,text,yes,,no,no,,derivation_type text
audit,provenance_records,13,policy_references,jsonb,no,'[]',no,no,,policy_references jsonb NOT NULL DEFAULT '[]'
audit,provenance_records,14,location_id,uuid,yes,,no,no,capacity.locations(id),location_id uuid REFERENCES capacity.locations(id)
audit,provenance_records,15,encounter_id,uuid,yes,,no,no,clinical.encounters(id),encounter_id uuid REFERENCES clinical.encounters(id)
audit,provenance_records,16,signature_reference,text,yes,,no,no,,signature_reference text
audit,provenance_records,17,details,jsonb,no,'{}',no,no,,details jsonb NOT NULL DEFAULT '{}'
audit,security_events,1,id,uuid,no,gen_random_uuid(),yes,no,,id uuid PRIMARY KEY DEFAULT gen_random_uuid()
audit,security_events,2,tenant_id,uuid,yes,,no,no,core.tenants(id),tenant_id uuid REFERENCES core.tenants(id) ON DELETE SET NULL
audit,security_events,3,event_type,text,no,,no,no,,event_type text NOT NULL
audit,security_events,4,severity,core.severity_level,no,,no,no,,severity core.severity_level NOT NULL
audit,security_events,5,detected_at,timestamptz,no,,no,no,,detected_at timestamptz NOT NULL
audit,security_events,6,source,text,no,,no,no,,source text NOT NULL
audit,security_events,7,actor_id,uuid,yes,,no,no,,actor_id uuid
audit,security_events,8,source_ip,inet,yes,,no,no,,source_ip inet
audit,security_events,9,target,jsonb,yes,,no,no,,target jsonb
audit,security_events,10,description,text,no,,no,no,,description text NOT NULL
audit,security_events,11,indicators,jsonb,no,'{}',no,no,,indicators jsonb NOT NULL DEFAULT '{}'
audit,security_events,12,status,text,no,'open',no,no,,status text NOT NULL DEFAULT 'open'
audit,security_events,13,assigned_to,uuid,yes,,no,no,iam.users(id),assigned_to uuid REFERENCES iam.users(id)
audit,security_events,14,resolved_at,timestamptz,yes,,no,no,,resolved_at timestamptz
audit,security_events,15,resolution,text,yes,,no,no,,resolution text
audit,security_events,16,external_ticket_reference,text,yes,,no,no,,external_ticket_reference text
audit,legal_holds,1,id,uuid,no,gen_random_uuid(),yes,no,,id uuid PRIMARY KEY DEFAULT gen_random_uuid()
audit,legal_holds,2,tenant_id,uuid,no,,no,no,core.tenants(id),tenant_id uuid NOT NULL REFERENCES core.tenants(id) ON DELETE CASCADE
audit,legal_holds,3,hold_name,text,no,,no,no,,hold_name text NOT NULL
audit,legal_holds,4,matter_reference,text,no,,no,no,,matter_reference text NOT NULL
audit,legal_holds,5,scope,jsonb,no,,no,no,,scope jsonb NOT NULL
audit,legal_holds,6,starts_at,timestamptz,no,,no,no,,starts_at timestamptz NOT NULL
audit,legal_holds,7,ends_at,timestamptz,yes,,no,no,,ends_at timestamptz
audit,legal_holds,8,status,core.record_status,no,'active',no,no,,status core.record_status NOT NULL DEFAULT 'active'
audit,legal_holds,9,created_by,uuid,yes,,no,no,iam.users(id),created_by uuid REFERENCES iam.users(id)
audit,legal_holds,10,approved_by,uuid,yes,,no,no,iam.users(id),approved_by uuid REFERENCES iam.users(id)
audit,legal_holds,11,created_at,timestamptz,no,now(),no,no,,created_at timestamptz NOT NULL DEFAULT now()
audit,legal_holds,12,"UNIQUE(tenant_id,matter_reference)",,yes,,no,yes,,"UNIQUE(tenant_id,matter_reference)"
audit,retention_actions,1,id,uuid,no,gen_random_uuid(),yes,no,,id uuid PRIMARY KEY DEFAULT gen_random_uuid()
audit,retention_actions,2,tenant_id,uuid,no,,no,no,core.tenants(id),tenant_id uuid NOT NULL REFERENCES core.tenants(id) ON DELETE CASCADE
audit,retention_actions,3,retention_policy_id,uuid,no,,no,no,core.retention_policies(id),retention_policy_id uuid NOT NULL REFERENCES core.retention_policies(id)
audit,retention_actions,4,target_type,text,no,,no,no,,target_type text NOT NULL
audit,retention_actions,5,target_id,uuid,no,,no,no,,target_id uuid NOT NULL
audit,retention_actions,6,action,text,no,,no,no,,action text NOT NULL
audit,retention_actions,7,scheduled_at,timestamptz,no,,no,no,,scheduled_at timestamptz NOT NULL
audit,retention_actions,8,executed_at,timestamptz,yes,,no,no,,executed_at timestamptz
audit,retention_actions,9,status,core.execution_status,no,'queued',no,no,,status core.execution_status NOT NULL DEFAULT 'queued'
audit,retention_actions,10,legal_hold_blocked,boolean,no,false,no,no,,legal_hold_blocked boolean NOT NULL DEFAULT false
audit,retention_actions,11,result,jsonb,no,'{}',no,no,,result jsonb NOT NULL DEFAULT '{}'
audit,retention_actions,12,error_detail,text,yes,,no,no,,error_detail text
analytics,metric_definitions,1,id,uuid,no,gen_random_uuid(),yes,no,,id uuid PRIMARY KEY DEFAULT gen_random_uuid()
analytics,metric_definitions,2,tenant_id,uuid,yes,,no,no,core.tenants(id),tenant_id uuid REFERENCES core.tenants(id) ON DELETE CASCADE
analytics,metric_definitions,3,metric_code,citext,no,,no,no,,metric_code citext NOT NULL
analytics,metric_definitions,4,name,text,no,,no,no,,name text NOT NULL
analytics,metric_definitions,5,description,text,no,,no,no,,description text NOT NULL
analytics,metric_definitions,6,domain,text,no,,no,no,,domain text NOT NULL
analytics,metric_definitions,7,unit,text,yes,,no,no,,unit text
analytics,metric_definitions,8,aggregation_method,text,yes,,no,no,,aggregation_method text
analytics,metric_definitions,9,calculation_expression,text,yes,,no,no,,calculation_expression text
analytics,metric_definitions,10,dimensions_schema,jsonb,no,'{}',no,no,,dimensions_schema jsonb NOT NULL DEFAULT '{}'
analytics,metric_definitions,11,classification,core.data_classification,no,'internal',no,no,,classification core.data_classification NOT NULL DEFAULT 'internal'
analytics,metric_definitions,12,status,core.record_status,no,'active',no,no,,status core.record_status NOT NULL DEFAULT 'active'
analytics,metric_observations,1,id,uuid,no,gen_random_uuid(),yes,no,,id uuid PRIMARY KEY DEFAULT gen_random_uuid()
analytics,metric_observations,2,tenant_id,uuid,no,,no,no,core.tenants(id),tenant_id uuid NOT NULL REFERENCES core.tenants(id) ON DELETE CASCADE
analytics,metric_observations,3,metric_definition_id,uuid,no,,no,no,analytics.metric_definitions(id),metric_definition_id uuid NOT NULL REFERENCES analytics.metric_definitions(id)
analytics,metric_observations,4,facility_id,uuid,yes,,no,no,core.facilities(id),facility_id uuid REFERENCES core.facilities(id)
analytics,metric_observations,5,incident_id,uuid,yes,,no,no,incident.incidents(id),incident_id uuid REFERENCES incident.incidents(id)
analytics,metric_observations,6,candidate_plan_id,uuid,yes,,no,no,planning.candidate_plans(id),candidate_plan_id uuid REFERENCES planning.candidate_plans(id)
analytics,metric_observations,7,observed_at,timestamptz,no,,no,no,,observed_at timestamptz NOT NULL
analytics,metric_observations,8,bucket_start,timestamptz,yes,,no,no,,bucket_start timestamptz
analytics,metric_observations,9,bucket_end,timestamptz,yes,,no,no,,bucket_end timestamptz
analytics,metric_observations,10,value_numeric,"numeric(24,8)",yes,,no,no,,"value_numeric numeric(24,8)"
analytics,metric_observations,11,value_json,jsonb,yes,,no,no,,value_json jsonb
analytics,metric_observations,12,dimensions,jsonb,no,'{}',no,no,,dimensions jsonb NOT NULL DEFAULT '{}'
analytics,metric_observations,13,quality_score,core.probability,yes,,no,no,,quality_score core.probability
analytics,metric_observations,14,source_kind,core.source_kind,no,,no,no,,source_kind core.source_kind NOT NULL
analytics,metric_observations,15,source_reference,text,yes,,no,no,,source_reference text
analytics,metric_observations,16,created_at,timestamptz,no,now(),no,no,,created_at timestamptz NOT NULL DEFAULT now()
analytics,metric_observations,17,"CHECK(num_nonnulls(value_numeric,value_json)=1)",,yes,,no,no,,"CHECK(num_nonnulls(value_numeric,value_json)=1)"
analytics,dashboard_definitions,1,id,uuid,no,gen_random_uuid(),yes,no,,id uuid PRIMARY KEY DEFAULT gen_random_uuid()
analytics,dashboard_definitions,2,tenant_id,uuid,no,,no,no,core.tenants(id),tenant_id uuid NOT NULL REFERENCES core.tenants(id) ON DELETE CASCADE
analytics,dashboard_definitions,3,name,text,no,,no,no,,name text NOT NULL
analytics,dashboard_definitions,4,dashboard_type,text,no,,no,no,,dashboard_type text NOT NULL
analytics,dashboard_definitions,5,layout,jsonb,no,,no,no,,layout jsonb NOT NULL
analytics,dashboard_definitions,6,filters_schema,jsonb,no,'{}',no,no,,filters_schema jsonb NOT NULL DEFAULT '{}'
analytics,dashboard_definitions,7,required_permissions,text[],no,'{}',no,no,,required_permissions text[] NOT NULL DEFAULT '{}'
analytics,dashboard_definitions,8,status,core.record_status,no,'active',no,no,,status core.record_status NOT NULL DEFAULT 'active'
analytics,dashboard_definitions,9,created_by,uuid,yes,,no,no,iam.users(id),created_by uuid REFERENCES iam.users(id)
analytics,dashboard_definitions,10,created_at,timestamptz,no,now(),no,no,,created_at timestamptz NOT NULL DEFAULT now()
analytics,dashboard_definitions,11,updated_at,timestamptz,no,now(),no,no,,updated_at timestamptz NOT NULL DEFAULT now()
analytics,dashboard_definitions,12,"UNIQUE(tenant_id,name)",,yes,,no,yes,,"UNIQUE(tenant_id,name)"
analytics,report_definitions,1,id,uuid,no,gen_random_uuid(),yes,no,,id uuid PRIMARY KEY DEFAULT gen_random_uuid()
analytics,report_definitions,2,tenant_id,uuid,no,,no,no,core.tenants(id),tenant_id uuid NOT NULL REFERENCES core.tenants(id) ON DELETE CASCADE
analytics,report_definitions,3,report_key,citext,no,,no,no,,report_key citext NOT NULL
analytics,report_definitions,4,name,text,no,,no,no,,name text NOT NULL
analytics,report_definitions,5,description,text,yes,,no,no,,description text
analytics,report_definitions,6,query_reference,text,no,,no,no,,query_reference text NOT NULL
analytics,report_definitions,7,parameters_schema,jsonb,no,'{}',no,no,,parameters_schema jsonb NOT NULL DEFAULT '{}'
analytics,report_definitions,8,output_formats,text[],no,ARRAY['json'],no,no,,output_formats text[] NOT NULL DEFAULT ARRAY['json']
analytics,report_definitions,9,classification,core.data_classification,no,,no,no,,classification core.data_classification NOT NULL
analytics,report_definitions,10,contains_phi,boolean,no,false,no,no,,contains_phi boolean NOT NULL DEFAULT false
analytics,report_definitions,11,approval_required,boolean,no,false,no,no,,approval_required boolean NOT NULL DEFAULT false
analytics,report_definitions,12,status,core.record_status,no,'active',no,no,,status core.record_status NOT NULL DEFAULT 'active'
analytics,report_definitions,13,"UNIQUE(tenant_id,report_key)",,yes,,no,yes,,"UNIQUE(tenant_id,report_key)"
analytics,report_runs,1,id,uuid,no,gen_random_uuid(),yes,no,,id uuid PRIMARY KEY DEFAULT gen_random_uuid()
analytics,report_runs,2,tenant_id,uuid,no,,no,no,core.tenants(id),tenant_id uuid NOT NULL REFERENCES core.tenants(id) ON DELETE CASCADE
analytics,report_runs,3,report_definition_id,uuid,no,,no,no,analytics.report_definitions(id),report_definition_id uuid NOT NULL REFERENCES analytics.report_definitions(id)
analytics,report_runs,4,requested_by,uuid,yes,,no,no,iam.users(id),requested_by uuid REFERENCES iam.users(id)
analytics,report_runs,5,requested_at,timestamptz,no,now(),no,no,,requested_at timestamptz NOT NULL DEFAULT now()
analytics,report_runs,6,parameters,jsonb,no,'{}',no,no,,parameters jsonb NOT NULL DEFAULT '{}'
analytics,report_runs,7,status,core.execution_status,no,'queued',no,no,,status core.execution_status NOT NULL DEFAULT 'queued'
analytics,report_runs,8,started_at,timestamptz,yes,,no,no,,started_at timestamptz
analytics,report_runs,9,completed_at,timestamptz,yes,,no,no,,completed_at timestamptz
analytics,report_runs,10,output_file_id,uuid,yes,,no,no,integration.files(id),output_file_id uuid REFERENCES integration.files(id)
analytics,report_runs,11,row_count,bigint,yes,,no,no,,row_count bigint
analytics,report_runs,12,error_detail,text,yes,,no,no,,error_detail text
analytics,report_runs,13,correlation_id,uuid,no,gen_random_uuid(),no,no,,correlation_id uuid NOT NULL DEFAULT gen_random_uuid()
analytics,data_quality_rules,1,id,uuid,no,gen_random_uuid(),yes,no,,id uuid PRIMARY KEY DEFAULT gen_random_uuid()
analytics,data_quality_rules,2,tenant_id,uuid,yes,,no,no,core.tenants(id),tenant_id uuid REFERENCES core.tenants(id) ON DELETE CASCADE
analytics,data_quality_rules,3,rule_code,citext,no,,no,no,,rule_code citext NOT NULL
analytics,data_quality_rules,4,name,text,no,,no,no,,name text NOT NULL
analytics,data_quality_rules,5,domain,text,no,,no,no,,domain text NOT NULL
analytics,data_quality_rules,6,target_entity_type,text,no,,no,no,,target_entity_type text NOT NULL
analytics,data_quality_rules,7,severity,core.severity_level,no,,no,no,,severity core.severity_level NOT NULL
analytics,data_quality_rules,8,expression_language,text,no,,no,no,,expression_language text NOT NULL
analytics,data_quality_rules,9,rule_expression,text,no,,no,no,,rule_expression text NOT NULL
analytics,data_quality_rules,10,threshold,jsonb,yes,,no,no,,threshold jsonb
analytics,data_quality_rules,11,status,core.record_status,no,'active',no,no,,status core.record_status NOT NULL DEFAULT 'active'
analytics,data_quality_results,1,id,uuid,no,gen_random_uuid(),yes,no,,id uuid PRIMARY KEY DEFAULT gen_random_uuid()
analytics,data_quality_results,2,tenant_id,uuid,no,,no,no,core.tenants(id),tenant_id uuid NOT NULL REFERENCES core.tenants(id) ON DELETE CASCADE
analytics,data_quality_results,3,data_quality_rule_id,uuid,no,,no,no,analytics.data_quality_rules(id),data_quality_rule_id uuid NOT NULL REFERENCES analytics.data_quality_rules(id)
analytics,data_quality_results,4,evaluated_at,timestamptz,no,,no,no,,evaluated_at timestamptz NOT NULL
analytics,data_quality_results,5,scope,jsonb,no,,no,no,,scope jsonb NOT NULL
analytics,data_quality_results,6,total_records,bigint,no,,no,no,,total_records bigint NOT NULL
analytics,data_quality_results,7,failed_records,bigint,no,,no,no,,failed_records bigint NOT NULL
analytics,data_quality_results,8,score,core.percentage,yes,,no,no,,score core.percentage
analytics,data_quality_results,9,sample_failures,jsonb,no,'[]',no,no,,sample_failures jsonb NOT NULL DEFAULT '[]'
analytics,data_quality_results,10,status,text,no,,no,no,,status text NOT NULL
analytics,data_quality_results,11,created_at,timestamptz,no,now(),no,no,,created_at timestamptz NOT NULL DEFAULT now()
analytics,model_monitoring,1,id,uuid,no,gen_random_uuid(),yes,no,,id uuid PRIMARY KEY DEFAULT gen_random_uuid()
analytics,model_monitoring,2,tenant_id,uuid,no,,no,no,core.tenants(id),tenant_id uuid NOT NULL REFERENCES core.tenants(id) ON DELETE CASCADE
analytics,model_monitoring,3,model_type,text,no,,no,no,,model_type text NOT NULL
analytics,model_monitoring,4,model_id,uuid,no,,no,no,,model_id uuid NOT NULL
analytics,model_monitoring,5,observed_at,timestamptz,no,,no,no,,observed_at timestamptz NOT NULL
analytics,model_monitoring,6,metric_code,text,no,,no,no,,metric_code text NOT NULL
analytics,model_monitoring,7,metric_value,"numeric(24,8)",yes,,no,no,,"metric_value numeric(24,8)"
analytics,model_monitoring,8,threshold_value,"numeric(24,8)",yes,,no,no,,"threshold_value numeric(24,8)"
analytics,model_monitoring,9,status,text,no,,no,no,,status text NOT NULL
analytics,model_monitoring,10,dimensions,jsonb,no,'{}',no,no,,dimensions jsonb NOT NULL DEFAULT '{}'
analytics,model_monitoring,11,details,jsonb,no,'{}',no,no,,details jsonb NOT NULL DEFAULT '{}'
